<?xml version="1.0" encoding="utf-8"?>
<COLLADA xmlns="http://www.collada.org/2005/11/COLLADASchema" version="1.4.1" xmlns:xsi="http://www.w3.org/2001/XMLSchema-instance">
  <asset>
    <contributor>
      <author>Blender User</author>
      <authoring_tool>Blender 3.1.2 commit date:2022-03-31, commit time:17:40, hash:cc66d1020c3b</authoring_tool>
    </contributor>
    <created>2022-05-16T14:02:08</created>
    <modified>2022-05-16T14:02:08</modified>
    <unit name="meter" meter="1"/>
    <up_axis>Z_UP</up_axis>
  </asset>
  <library_effects>
    <effect id="null_bmp-effect">
      <profile_COMMON>
        <newparam sid="tentacle_jpg-surface">
          <surface type="2D">
            <init_from>tentacle_jpg</init_from>
          </surface>
        </newparam>
        <newparam sid="tentacle_jpg-sampler">
          <sampler2D>
            <source>tentacle_jpg-surface</source>
          </sampler2D>
        </newparam>
        <technique sid="common">
          <lambert>
            <emission>
              <color sid="emission">0 0 0 1</color>
            </emission>
            <diffuse>
              <texture texture="tentacle_jpg-sampler" texcoord="UVMap"/>
            </diffuse>
            <index_of_refraction>
              <float sid="ior">1.45</float>
            </index_of_refraction>
          </lambert>
        </technique>
      </profile_COMMON>
    </effect>
  </library_effects>
  <library_images>
    <image id="tentacle_jpg" name="tentacle_jpg">
      <init_from>tentacle.jpg</init_from>
    </image>
  </library_images>
  <library_materials>
    <material id="null_bmp-material" name="null.bmp">
      <instance_effect url="#null_bmp-effect"/>
    </material>
  </library_materials>
  <library_geometries>
    <geometry id="_35tentacle-mesh" name="035tentacle">
      <mesh>
        <source id="_35tentacle-mesh-positions">
          <float_array id="_35tentacle-mesh-positions-array" count="10467">0.01418495 -32.46254 0.39871 -0.02999299 -32.45638 0.38682 -0.02650696 -32.74805 0.372866 0.03526395 -32.74959 0.399312 0.1016409 -32.43767 0.405299 0.07391798 -32.75414 0.395597 0.365121 -32.42324 0.140431 0.321762 -32.42711 0.194488 0.323456 -32.71198 0.167659 0.354321 -32.70175 0.136023 0.330066 -32.41011 -0.229233 0.377767 -32.43254 -0.143714 0.334872 -32.70758 -0.1257809 0.288937 -32.81965 -0.2212769 0.01515299 -32.3968 -0.416876 0.05399799 -32.41875 -0.403563 0.051494 -32.71604 -0.370194 -0.005570948 -32.71394 -0.380281 -0.336312 -32.38324 -0.223838 -0.285891 -32.38874 -0.288656 -0.289545 -32.80847 -0.257103 -0.329235 -32.81146 -0.22278 -0.3819 -32.39115 0.1492789 -0.409656 -32.39278 0.07367199 -0.411773 -32.77383 0.06102198 -0.386984 -32.78847 0.103394 -0.161621 -32.49076 0.34407 -0.170271 -32.79497 0.329135 0.254602 -32.42744 0.306368 0.254172 -32.80123 0.254317 0.397907 -32.43015 -0.109577 0.362352 -32.69516 -0.062186 0.09647196 -32.42706 -0.376499 0.128899 -32.78 -0.324902 -0.233889 -32.39001 -0.335299 -0.238875 -32.81586 -0.283659 -0.414562 -32.43132 -0.02954697 -0.41767 -32.77774 0.003801941 -0.200906 -32.49644 0.326913 -0.214583 -32.80956 0.318 0.211813 -32.43221 0.357455 0.152043 -32.72747 0.340776 0.397063 -32.42233 -0.01652795 0.375926 -32.69277 0.006092965 0.247756 -32.42219 -0.305525 0.200214 -32.8042 -0.290757 -0.182298 -32.40182 -0.3434 -0.07551598 -32.71343 -0.348492 -0.405705 -32.42126 -0.06329798 -0.401043 -32.76079 -0.02420598 -0.302334 -32.41144 0.261914 -0.252371 -32.80896 0.281087 0.161193 -32.42719 0.389582 0.108919 -32.74649 0.380074 0.390889 -32.40533 0.07517397 0.370824 -32.70593 0.076222 0.298499 -32.4145 -0.268864 0.257964 -32.80882 -0.254918 -0.02858299 -32.39454 -0.404617 -0.04169595 -32.70745 -0.372126 -0.375493 -32.40884 -0.128383 -0.340009 -32.79024 -0.185047 -0.338759 -32.39397 0.235635 -0.284404 -32.81537 0.218496 0.091084 -0.312014 1.021458 -0.142274 -0.382132 0.992962 -0.1673009 -0.574198 0.993642 -0.008395969 -0.643793 0.991244 -0.2246029 -0.913759 0.988769 0.01173597 -0.9808 1.006917 -0.171246 -1.316464 0.946667 0.04967796 -1.291395 1.024222 -0.165481 -1.652081 1.003279 -0.03303498 -1.668495 0.988656 -0.159662 -1.90676 0.971705 0.06601595 -1.940111 0.997839 -0.167914 -2.212553 0.995964 0.04531896 -2.273284 0.982558 -0.2316949 -2.589202 1.061846 0.004740953 -2.598843 1.105605 -0.194351 -2.938125 0.978065 0.01465797 -2.905032 1.005512 -0.1818709 -3.257266 1.062152 0.002459943 -3.257341 1.122992 -0.176604 -3.564266 1.048409 0.00298798 -3.584383 1.082296 -0.168251 -3.865521 0.991979 -0.02569699 -3.887465 0.994984 -0.1967599 -4.196719 0.98894 0.00436598 -4.159056 1.011382 -0.201803 -4.54232 0.965524 0.07667297 -4.525022 1.000774 -0.241742 -4.860516 1.017352 0.04532295 -4.876495 1.032812 -0.1787739 -5.144701 0.961605 -0.005676984 -5.185148 0.975253 -0.226642 -5.507143 0.916192 0.06771099 -5.506783 0.970174 -0.17809 -5.836665 0.934064 7.11e-4 -5.837994 0.963814 -0.148204 -6.193438 0.88633 -0.01444196 -6.170993 0.898209 -0.201979 -6.490397 0.938177 -0.002931952 -6.516642 0.923185 -0.167759 -6.78042 0.964171 -0.03638499 -6.758108 0.972583 -0.1663219 -7.173106 0.965195 -0.01511299 -7.160769 0.967567 -0.184096 -7.430412 0.905736 -0.01163798 -7.375228 0.940633 -0.163556 -7.748631 0.940708 -0.02451997 -7.764636 0.932281 -0.158209 -8.108719 0.910269 -0.008343994 -8.110525 0.934162 -0.171032 -8.400788 0.90777 0.002967 -8.42877 0.936865 -0.150342 -8.73115 0.908565 -0.01780396 -8.755114 0.913672 -0.194507 -9.080508 0.94842 -0.01982295 -9.110641 0.90929 -0.181173 -9.412179 0.950384 -0.007865965 -9.422648 0.971318 -0.175068 -9.732831 0.893125 0.01116198 -9.743722 0.919335 -0.141857 -10.02312 0.821823 -0.011491 -10.06185 0.853151 -0.14267 -10.37115 0.836849 0.01514595 -10.41373 0.855201 -0.163503 -10.73801 0.855555 0.04376697 -10.72701 0.852379 -0.191736 -11.02792 0.860749 -0.004547953 -11.02516 0.926143 -0.167264 -11.32785 0.828283 0.002980947 -11.30377 0.910536 -0.183666 -11.61914 0.789953 0.05499196 -11.64364 0.807308 -0.12677 -12.02522 0.755428 0.005865991 -12.02529 0.791619 -0.19366 -12.345 0.808583 0.01361399 -12.34045 0.796921 -0.146577 -12.63009 0.790629 0.005022943 -12.61698 0.805658 -0.1622239 -12.97573 0.74302 0.02952098 -12.98564 0.774695 -0.16303 -13.32572 0.823322 -0.005497992 -13.31506 0.820194 -0.168217 -13.60208 0.874956 0.01534897 -13.63565 0.873373 -0.14366 -13.94385 0.809174 -0.04774397 -13.95677 0.797242 -0.1397359 -14.28967 0.75303 0.07215595 -14.26117 0.763515 -0.131935 -14.61147 0.791364 -0.07479095 -14.64877 0.767719 -0.127615 -14.89088 0.780955 -0.07149296 -14.91128 0.777315 -0.14331 -15.1682 0.708427 6.55e-4 -15.26211 0.700428 -0.15203 -15.61881 0.723221 0.03315895 -15.61139 0.764085 -0.123085 -15.88976 0.76892 -0.007784962 -15.8595 0.797276 -0.147545 -16.2366 0.673219 0.01351499 -16.23089 0.689884 -0.141081 -16.53989 0.697004 -0.05946695 -16.53113 0.677196 -0.13364 -16.87301 0.739862 0.03205198 -16.87019 0.788164 -0.182015 -17.12952 0.781636 0.02527296 -17.16671 0.758054 -0.164185 -17.4901 0.703763 0.03012394 -17.48473 0.71206 -0.1470749 -17.87131 0.738909 -0.00879997 -17.87491 0.759852 -0.09672498 -18.11519 0.723452 -0.01828598 -18.14725 0.728447 -0.086097 -18.53199 0.675104 0.009680986 -18.51872 0.707848 -0.191081 -18.83321 0.622684 0.076034 -18.81001 0.640974 -0.147676 -19.11883 0.644974 0.037633 -19.1739 0.672857 -0.128477 -19.47639 0.694234 0.01672995 -19.49109 0.705456 -0.105554 -19.78148 0.639302 -0.004739999 -19.78251 0.672911 -0.130712 -20.14701 0.669156 0.04702299 -20.14782 0.702202 -0.09208399 -20.45406 0.665225 -0.003539979 -20.46368 0.712499 -0.12043 -20.77998 0.65211 0.01408696 -20.80871 0.680446 -0.146687 -21.04208 0.652948 0.02666497 -21.03448 0.672516 -0.1738989 -21.38284 0.570042 -0.006684958 -21.39699 0.570303 -0.145817 -21.73715 0.73716 -3.15e-4 -21.74213 0.737756 -0.1444129 -22.06361 0.725291 -0.005528986 -22.04438 0.709893 -0.09975099 -22.29395 0.611407 0.009173989 -22.33572 0.613013 -0.08075898 -22.7276 0.609741 -8.3e-4 -22.71335 0.628334 -0.113504 -22.9899 0.559982 0.05553996 -23.03363 0.567589 -0.147014 -23.38434 0.567755 0.004208981 -23.4381 0.639697 -0.09977996 -23.62165 0.571573 0.03525596 -23.65478 0.597215 -0.11351 -23.97561 0.585254 0.02910298 -24.107 0.603333 -0.117039 -24.29988 0.600348 0.006266951 -24.30562 0.621814 -0.141694 -24.62641 0.528935 -0.004990994 -24.73583 0.52985 -0.1566309 -24.92469 0.552724 0.006399989 -24.94123 0.581799 -0.09051001 -25.32632 0.543621 0.01585894 -25.37392 0.585784 -0.175849 -25.58531 0.530555 -0.006798982 -25.6201 0.541505 -0.134626 -25.93253 0.49457 0.03155899 -25.96549 0.495471 -0.1358619 -26.39095 0.537761 0.03242099 -26.35932 0.537969 -0.128137 -26.56676 0.555115 0.01769 -26.59746 0.58291 -0.09335696 -26.90464 0.541337 -0.016366 -26.88181 0.555269 -0.09899699 -27.30051 0.508934 0.05548 -27.27098 0.531994 -0.03255099 -27.60317 0.490187 0.02692496 -27.59463 0.521027 -0.06361895 -28.01539 0.520539 0.02484297 -27.89916 0.488308 -0.08996498 -28.23297 0.50667 0.01815098 -28.17679 0.541967 -0.120292 -28.52017 0.446455 -0.02279698 -28.49978 0.442923 -0.09288597 -28.91151 0.468051 -0.03603696 -28.88763 0.460215 -0.05333799 -29.17652 0.484085 0.003637969 -29.17256 0.50365 -0.112834 -29.52532 0.496789 -0.05283397 -29.52745 0.488684 -0.132744 -29.79233 0.458997 -0.06320899 -29.77078 0.446339 -0.09611696 -30.18213 0.498947 -0.04627496 -30.19581 0.476854 -0.08332997 -30.41091 0.458483 0.008980989 -30.55742 0.443456 -0.09509098 -30.85439 0.453943 0.01282995 -30.87195 0.456772 -0.03267097 -31.17852 0.421284 0.03328394 -31.17941 0.456824 -0.112999 -31.46347 0.450802 -0.03871595 -31.4668 0.432716 -0.09981697 -31.76189 0.479443 -0.01882296 -31.75774 0.469874 -0.09986996 -32.14405 0.42107 -0.02577495 -32.13853 0.40993 0.171692 -0.30671 1.019912 0.208506 -0.601782 0.998311 0.212556 -0.998165 0.965645 0.123136 -1.271374 0.991315 0.1903409 -1.601923 0.984002 0.140878 -1.947402 1.020674 0.178567 -2.238239 0.976496 0.20355 -2.598168 1.086618 0.187921 -2.893199 0.967383 0.197441 -3.277144 1.037042 0.210238 -3.527846 1.012699 0.22269 -3.870474 1.003068 0.196053 -4.246895 1.011084 0.169856 -4.502586 1.015828 0.172713 -4.88499 1.04266 0.188378 -5.147866 1.002863 0.171102 -5.547036 0.980391 0.196694 -5.823682 0.968805 0.1697649 -6.228549 0.914685 0.109132 -6.49609 0.884674 0.198657 -6.790123 0.903204 0.181674 -7.137534 0.938978 0.180464 -7.424646 0.889259 0.1437759 -7.816532 0.8929 0.182364 -8.112643 0.915613 0.174678 -8.425275 0.913073 0.1598449 -8.756137 0.876824 0.1818709 -9.087773 0.88555 0.189186 -9.393733 0.934206 0.186393 -9.691739 0.876551 0.131919 -10.01933 0.847599 0.133263 -10.40126 0.830298 0.166091 -10.74671 0.856286 0.169525 -11.03386 0.914325 0.156628 -11.30985 0.881743 0.09899896 -11.68155 0.795494 0.126814 -12.02195 0.772151 0.201893 -12.3404 0.815096 0.201918 -12.62506 0.822115 0.1615239 -12.9662 0.7858 0.182865 -13.31376 0.820502 0.150717 -13.62911 0.863896 0.131527 -13.97233 0.791481 0.103408 -14.28139 0.75916 0.2150239 -14.58306 0.734343 0.153934 -14.87722 0.778838 0.152597 -15.25068 0.706423 0.164698 -15.6158 0.780747 0.161421 -15.8849 0.779582 0.180919 -16.25047 0.711133 0.125086 -16.55762 0.666764 0.161474 -16.87371 0.815158 0.143573 -17.18781 0.735082 0.120685 -17.55547 0.696721 0.133971 -17.84814 0.748438 0.09916996 -18.12559 0.725726 0.08855199 -18.47171 0.705245 0.157752 -18.75944 0.650218 0.137621 -19.18616 0.692356 0.09943795 -19.49153 0.69863 0.108791 -19.79249 0.66299 0.08765697 -20.16926 0.693028 0.142989 -20.37842 0.663533 0.136606 -20.78598 0.659501 0.146767 -21.04687 0.671861 0.1430259 -21.4546 0.566047 0.133285 -21.75358 0.716518 0.134262 -22.06097 0.707015 0.104841 -22.40817 0.617031 0.175087 -22.72091 0.617693 0.123682 -23.05534 0.580085 0.1375949 -23.41703 0.628469 0.09292197 -23.68766 0.586025 0.123439 -24.0563 0.564252 0.1307989 -24.30597 0.630489 0.121074 -24.70736 0.540378 0.115104 -24.92769 0.568858 0.113772 -25.35326 0.567046 0.107941 -25.53629 0.57843 0.104097 -25.94669 0.491411 0.117506 -26.25358 0.514362 0.114609 -26.60025 0.598363 0.06507796 -26.89681 0.520999 0.125137 -27.26407 0.555689 0.09934198 -27.57719 0.526818 0.08376199 -27.90475 0.485366 0.099635 -28.18337 0.542033 0.109932 -28.5631 0.4481 0.172268 -28.91036 0.449359 0.05635797 -29.15948 0.484878 0.102286 -29.52524 0.498278 0.124281 -29.82753 0.405857 0.102274 -30.2083 0.478887 0.09114199 -30.4206 0.457635 0.109388 -30.88838 0.453062 0.08609896 -31.17141 0.456544 0.08854401 -31.51491 0.398498 0.06594997 -31.77496 0.433887 0.02380996 -32.13083 0.393939 0.969407 -0.334395 0.406181 0.894559 -0.38242 0.480414 0.825547 -0.638596 0.520158 0.913078 -0.658483 0.365341 0.867532 -0.976449 0.488155 0.921731 -0.941712 0.391514 0.859227 -1.319749 0.523417 0.95061 -1.346758 0.387433 0.899682 -1.647822 0.615088 1.012969 -1.635499 0.402353 0.892072 -1.925873 0.602792 1.039419 -1.952515 0.400751 0.794888 -2.269664 0.557114 0.963597 -2.294054 0.35596 0.813884 -2.553498 0.613331 0.897328 -2.579477 0.350628 0.840258 -2.908461 0.577417 0.959923 -2.942315 0.381317 0.8885 -3.234324 0.553348 0.970908 -3.306551 0.387049 0.839775 -3.550126 0.568089 0.985025 -3.548736 0.368752 0.799586 -3.874268 0.569438 0.921775 -3.827715 0.365039 0.80171 -4.22296 0.517362 0.8695 -4.166014 0.363836 0.854346 -4.575387 0.535798 0.925635 -4.553109 0.435028 0.85337 -4.844677 0.551732 0.886946 -4.844257 0.375408 0.742574 -5.190614 0.585216 0.852368 -5.187157 0.344822 0.783729 -5.565977 0.552383 0.880033 -5.483416 0.371612 0.831662 -5.831712 0.53425 0.879981 -5.866521 0.397802 0.766486 -6.119852 0.488353 0.877056 -6.166812 0.343003 0.728971 -6.518808 0.525799 0.825607 -6.499828 0.374024 0.812129 -6.843775 0.500035 0.889048 -6.838277 0.396261 0.785278 -7.089104 0.528196 0.877863 -7.121601 0.328078 0.729639 -7.435266 0.596244 0.835471 -7.43206 0.347387 0.708408 -7.799579 0.492135 0.861911 -7.835862 0.34494 0.737434 -8.123999 0.521129 0.846231 -8.18395 0.327754 0.769072 -8.454243 0.534809 0.844708 -8.465598 0.385906 0.720261 -8.783483 0.527333 0.871496 -8.717689 0.310274 0.736844 -9.086211 0.496329 0.827242 -9.107388 0.295924 0.759549 -9.391545 0.546941 0.81143 -9.453494 0.36809 0.735896 -9.700737 0.452843 0.776225 -9.70452 0.350681 0.75015 -10.08398 0.460464 0.78522 -10.03419 0.383125 0.734745 -10.39423 0.448515 0.783439 -10.39908 0.355352 0.684343 -10.68937 0.417012 0.782122 -10.64341 0.272047 0.663464 -11.05726 0.485348 0.765548 -11.08111 0.321616 0.710898 -11.40978 0.427383 0.80032 -11.33867 0.276631 0.6614 -11.62374 0.405964 0.710231 -11.63336 0.319018 0.711214 -12.05509 0.435319 0.771963 -12.10376 0.344962 0.755849 -12.33319 0.499997 0.812761 -12.31915 0.341009 0.712508 -12.63852 0.446359 0.788995 -12.63488 0.323071 0.646883 -12.94839 0.424875 0.716784 -12.92613 0.2904 0.697395 -13.33205 0.478703 0.708815 -13.31682 0.340398 0.710711 -13.63399 0.491885 0.761005 -13.62384 0.323471 0.611852 -13.89991 0.455567 0.752293 -13.88827 0.235756 0.64138 -14.24211 0.353251 0.701133 -14.25711 0.300883 0.662711 -14.591 0.455896 0.756606 -14.6475 0.294172 0.664651 -14.90039 0.381342 0.731157 -14.90846 0.295691 0.620857 -15.25233 0.40761 0.669092 -15.2717 0.272886 0.645869 -15.61618 0.44744 0.680518 -15.61986 0.327585 0.609583 -15.87425 0.445503 0.720003 -15.89062 0.25548 0.613192 -16.17891 0.370632 0.673465 -16.16645 0.278984 0.620211 -16.5197 0.344057 0.677122 -16.53199 0.27502 0.627986 -16.85059 0.454474 0.733386 -16.8759 0.285409 0.618617 -17.19135 0.385383 0.664231 -17.18953 0.301495 0.616292 -17.53299 0.322549 0.667457 -17.58365 0.298139 0.578915 -17.87512 0.406528 0.656009 -17.85408 0.240999 0.563448 -18.13705 0.386293 0.667122 -18.12687 0.253905 0.597448 -18.52536 0.373416 0.655186 -18.54544 0.265877 0.548113 -18.73661 0.372706 0.612341 -18.84592 0.2448599 0.538685 -19.18404 0.393611 0.614978 -19.10051 0.2254379 0.560612 -19.46021 0.40737 0.612435 -19.46199 0.258084 0.50798 -19.78275 0.381522 0.585867 -19.71696 0.232671 0.589256 -20.10424 0.358649 0.650558 -20.09828 0.277035 0.538733 -20.43168 0.363777 0.63111 -20.39971 0.247593 0.571981 -20.77918 0.334416 0.659297 -20.77863 0.248878 0.537432 -21.03581 0.345728 0.627801 -21.02962 0.234272 0.553044 -21.39608 0.379271 0.583258 -21.38426 0.284742 0.558765 -21.73651 0.387591 0.621509 -21.76814 0.261156 0.542349 -22.06402 0.344176 0.597499 -22.04916 0.2492949 0.516089 -22.3581 0.31702 0.543984 -22.38803 0.254029 0.575297 -22.71584 0.399111 0.636243 -22.71587 0.2363409 0.50198 -22.96435 0.367684 0.542283 -23.01996 0.173165 0.492566 -23.42809 0.339098 0.529585 -23.414 0.215005 0.526007 -23.60621 0.314822 0.602881 -23.63477 0.224822 0.462903 -24.05189 0.287285 0.531949 -24.01373 0.192899 0.46203 -24.35409 0.318826 0.519738 -24.31195 0.244574 0.457598 -24.67961 0.34984 0.546625 -24.58802 0.168058 0.452872 -24.96268 0.334132 0.509346 -24.98196 0.193673 0.503448 -25.32076 0.326215 0.570006 -25.32987 0.235756 0.499491 -25.61176 0.319556 0.515577 -25.60632 0.25871 0.457912 -25.98157 0.2226819 0.506765 -25.98143 0.17364 0.405715 -26.27259 0.314854 0.501688 -26.29136 0.191651 0.438945 -26.63825 0.310029 0.51656 -26.61603 0.175366 0.434426 -26.87191 0.315741 0.460591 -26.84503 0.262101 0.391785 -27.26098 0.305734 0.466895 -27.26287 0.184888 0.396548 -27.61404 0.25418 0.467555 -27.48183 0.180172 0.455301 -27.9028 0.307152 0.480463 -27.88963 0.246394 0.394611 -28.22949 0.3041 0.445045 -28.15367 0.168545 0.400681 -28.52217 0.231082 0.439917 -28.52992 0.186625 0.426244 -28.87247 0.25503 0.505458 -28.8702 0.182294 0.348568 -29.17844 0.2584 0.456993 -29.11397 0.132017 0.409577 -29.55545 0.272219 0.478412 -29.4975 0.151396 0.369038 -29.83535 0.268875 0.436923 -29.85097 0.161236 0.426553 -30.21886 0.269947 0.450497 -30.22128 0.211759 0.417811 -30.39411 0.263441 0.433228 -30.39701 0.209607 0.42638 -30.84815 0.281781 0.470256 -30.83922 0.196211 0.320133 -31.14564 0.221361 0.397402 -31.1409 0.09726899 0.339047 -31.48169 0.22378 0.406907 -31.58014 0.176632 0.406087 -31.77447 0.253071 0.453168 -31.77769 0.19072 0.312338 -32.09526 0.22004 0.341759 -32.10572 0.154326 0.805234 -0.350772 -0.547825 0.999869 -0.34027 -0.263811 0.888581 -0.629843 -0.384386 0.830502 -0.703482 -0.524977 0.871973 -0.971501 -0.372317 0.847455 -0.87783 -0.542507 0.951193 -1.367085 -0.344192 0.834797 -1.370254 -0.600949 1.005231 -1.629365 -0.434786 0.931536 -1.63983 -0.579257 1.025224 -1.906708 -0.425995 0.915415 -1.896635 -0.565766 0.938137 -2.361134 -0.335865 0.827204 -2.330905 -0.570509 0.900931 -2.550067 -0.395704 0.790069 -2.596112 -0.594887 0.963301 -2.949769 -0.359348 0.801279 -2.922251 -0.593692 0.983208 -3.215081 -0.393826 0.825355 -3.25833 -0.577495 0.928779 -3.549063 -0.418975 0.885075 -3.531417 -0.560313 0.942866 -3.839596 -0.387729 0.792714 -3.877902 -0.577899 0.899731 -4.210423 -0.350465 0.799334 -4.167337 -0.553075 0.953489 -4.599078 -0.374329 0.816349 -4.556629 -0.573353 0.906406 -4.814856 -0.378343 0.773347 -4.85747 -0.541751 0.917037 -5.11433 -0.30475 0.753773 -5.170683 -0.583834 0.870012 -5.597482 -0.40422 0.82912 -5.599598 -0.472947 0.918049 -5.813221 -0.391999 0.818004 -5.824734 -0.557063 0.846192 -6.189293 -0.320236 0.745269 -6.108705 -0.521187 0.801205 -6.425103 -0.418495 0.780985 -6.41837 -0.482468 0.85269 -6.770273 -0.367573 0.735865 -6.872763 -0.538914 0.853098 -7.108697 -0.414647 0.805316 -7.123421 -0.536918 0.802703 -7.448804 -0.334458 0.755292 -7.44611 -0.46073 0.836856 -7.795927 -0.325968 0.695082 -7.739121 -0.519605 0.808123 -8.066464 -0.333775 0.729742 -8.12118 -0.483163 0.8983 -8.419309 -0.346715 0.770002 -8.409306 -0.527458 0.838274 -8.705325 -0.293733 0.735 -8.737634 -0.484587 0.801682 -9.109018 -0.304931 0.731439 -9.078265 -0.515248 0.880463 -9.428029 -0.376731 0.807078 -9.422286 -0.464532 0.7976 -9.723172 -0.320682 0.753693 -9.65917 -0.508672 0.776379 -10.0064 -0.362994 0.744311 -10.03299 -0.436027 0.81011 -10.33914 -0.297976 0.723864 -10.3639 -0.502872 0.756416 -10.66402 -0.282041 0.646239 -10.66196 -0.511823 0.774913 -10.99524 -0.367031 0.732175 -10.99141 -0.438006 0.754763 -11.40774 -0.369356 0.702544 -11.35293 -0.468619 0.735597 -11.59275 -0.327055 0.713172 -11.56894 -0.385567 0.776062 -12.03767 -0.374024 0.716279 -12.01737 -0.459556 0.816152 -12.35977 -0.351109 0.750167 -12.33362 -0.494098 0.809945 -12.63744 -0.31994 0.716175 -12.62712 -0.455112 0.748051 -12.93816 -0.291216 0.649797 -12.95078 -0.447789 0.716094 -13.31659 -0.32311 0.685484 -13.30988 -0.440708 0.737805 -13.6409 -0.344107 0.696778 -13.62092 -0.461924 0.656926 -13.96479 -0.33795 0.654315 -13.94127 -0.421284 0.650751 -14.29835 -0.288239 0.615315 -14.31105 -0.400669 0.71751 -14.61524 -0.296843 0.662138 -14.60589 -0.412307 0.70282 -14.89102 -0.321451 0.663731 -14.9109 -0.375827 0.665762 -15.20283 -0.319307 0.646094 -15.22629 -0.417704 0.682125 -15.6412 -0.281929 0.612747 -15.61742 -0.440522 0.699969 -15.93382 -0.310743 0.64998 -15.91353 -0.4115 0.673845 -16.14913 -0.259108 0.550522 -16.21586 -0.419552 0.688696 -16.51274 -0.254139 0.613222 -16.58001 -0.418978 0.711529 -16.8593 -0.301826 0.676149 -16.8525 -0.440124 0.728738 -17.18331 -0.297047 0.653985 -17.16329 -0.400958 0.653387 -17.48362 -0.261722 0.539991 -17.5357 -0.377186 0.680742 -17.87752 -0.236223 0.581503 -17.85625 -0.386133 0.657852 -18.11705 -0.233332 0.603717 -18.14393 -0.38181 0.652616 -18.46049 -0.213229 0.526477 -18.46488 -0.363028 0.591444 -18.83006 -0.297857 0.549975 -18.79865 -0.37673 0.612747 -19.16745 -0.255054 0.581697 -19.17573 -0.40589 0.630289 -19.48174 -0.308421 0.608314 -19.4764 -0.416722 0.557256 -19.78717 -0.290046 0.554042 -19.75483 -0.402879 0.641889 -20.11872 -0.216498 0.541258 -20.12425 -0.379332 0.629262 -20.38764 -0.257311 0.556578 -20.38714 -0.35411 0.661225 -20.79 -0.233032 0.542925 -20.76506 -0.382128 0.58636 -21.06616 -0.200479 0.531344 -21.08933 -0.385934 0.554511 -21.39385 -0.241865 0.51026 -21.4202 -0.318431 0.621504 -21.73821 -0.264314 0.574774 -21.74186 -0.376588 0.561875 -22.01347 -0.282434 0.515506 -22.04442 -0.354864 0.574124 -22.5014 -0.2082639 0.47905 -22.39317 -0.29314 0.636463 -22.72187 -0.206003 0.58163 -22.71452 -0.396008 0.546405 -22.98851 -0.18672 0.502162 -23.00226 -0.377573 0.561853 -23.36419 -0.208029 0.498577 -23.39255 -0.296162 0.529425 -23.60424 -0.265633 0.504338 -23.62922 -0.335726 0.487168 -24.01849 -0.211875 0.43469 -24.01972 -0.29546 0.545334 -24.36251 -0.215074 0.479732 -24.30519 -0.338824 0.521923 -24.66144 -0.182238 0.455284 -24.69522 -0.310791 0.526811 -24.92889 -0.248194 0.485596 -24.94192 -0.323219 0.52204 -25.34405 -0.232536 0.477425 -25.30422 -0.307763 0.514952 -25.58981 -0.1777189 0.454516 -25.62487 -0.325826 0.488474 -25.94549 -0.1866 0.429894 -25.94563 -0.254875 0.507427 -26.33845 -0.225226 0.476627 -26.32961 -0.265312 0.506057 -26.62721 -0.197467 0.460159 -26.58902 -0.349186 0.494329 -26.96759 -0.187718 0.443707 -26.97448 -0.257773 0.506853 -27.24953 -0.191474 0.436767 -27.27083 -0.303734 0.492963 -27.535 -0.190284 0.439987 -27.53342 -0.250245 0.487944 -27.9396 -0.142128 0.417076 -27.97327 -0.26923 0.483324 -28.19948 -0.202739 0.440675 -28.1779 -0.291353 0.444464 -28.5841 -0.213551 0.420735 -28.58982 -0.269432 0.44783 -28.86729 -0.1940079 0.417776 -28.91761 -0.312954 0.414435 -29.18913 -0.219613 0.402578 -29.20735 -0.269701 0.446777 -29.56562 -0.192795 0.420004 -29.55873 -0.254175 0.429209 -29.75772 -0.1884469 0.388165 -29.91761 -0.238339 0.429904 -30.17706 -0.186832 0.399068 -30.14506 -0.264573 0.398493 -30.50724 -0.170981 0.372245 -30.52948 -0.219708 0.437635 -30.8495 -0.152625 0.355391 -30.81313 -0.284837 0.444549 -31.15672 -0.1780509 0.40461 -31.17054 -0.2077839 0.40301 -31.46011 -0.117627 0.360337 -31.53614 -0.249001 0.387003 -31.72303 -0.166568 0.369198 -31.7206 -0.210628 0.341771 -32.10662 -0.117628 0.294938 -32.14859 -0.220256 0.01001 -0.321717 -1.046705 0.17043 -0.358656 -1.000082 0.27946 -0.646249 -0.959064 -0.05049097 -0.641382 -0.990817 0.216177 -0.958994 -0.954795 0.004431962 -0.983765 -0.999095 0.213255 -1.327003 -0.944103 -0.01807498 -1.291767 -0.983286 0.155697 -1.657718 -0.993544 0.005350947 -1.641256 -1.027616 0.187215 -1.919976 -0.969896 -0.03515398 -1.951601 -0.978718 0.228874 -2.322857 -0.988137 -0.04262697 -2.316095 -1.00265 0.16897 -2.628575 -1.033984 0.007865965 -2.602633 -1.048454 0.180045 -2.983881 -0.98764 -0.01284396 -2.865938 -1.008697 0.218528 -3.290795 -1.042856 0.017497 -3.274466 -1.059018 0.17662 -3.528215 -1.02839 -0.00959599 -3.529837 -1.065556 0.1704829 -3.904488 -1.037142 0.06696295 -3.890149 -1.037394 0.2011719 -4.181503 -1.001526 -0.003926992 -4.236303 -1.002422 0.229049 -4.58961 -0.973223 -0.04346197 -4.525503 -0.987533 0.179381 -4.833219 -1.013297 0.001851975 -4.855271 -1.048183 0.160421 -5.167485 -1.001568 0.049564 -5.182466 -0.994301 0.217918 -5.540843 -0.945362 0.006219983 -5.572112 -0.959245 0.173105 -5.86897 -0.946946 -0.008490979 -5.869537 -0.968023 0.142009 -6.201026 -0.914658 0.008230984 -6.147747 -0.962756 0.180146 -6.520025 -0.876959 0.022502 -6.573647 -0.919224 0.193786 -6.784229 -0.934027 0.03093194 -6.892156 -0.954404 0.196198 -7.125984 -0.948902 -0.004078984 -7.117517 -0.970387 0.140583 -7.436244 -0.920835 0.04948598 -7.434694 -0.942791 0.15031 -7.766402 -0.911276 5.67e-4 -7.815636 -0.939839 0.208066 -8.06341 -0.899126 -0.001242995 -8.112614 -0.928828 0.1769649 -8.45844 -0.942362 0.02030599 -8.470109 -0.955561 0.149272 -8.710645 -0.909162 0.02699899 -8.726347 -0.914656 0.140283 -9.107893 -0.911555 0.03044098 -9.097041 -0.935443 0.180819 -9.409996 -0.967401 0.007780969 -9.399984 -0.987988 0.202696 -9.72266 -0.938 -0.02522796 -9.74185 -0.944371 0.156337 -10.03764 -0.834938 -0.01339298 -10.07126 -0.839486 0.166344 -10.37241 -0.838449 0.004572987 -10.3899 -0.840655 0.156374 -10.65724 -0.815222 0.01457995 -10.68454 -0.814094 0.182805 -11.03543 -0.868544 -1.7e-5 -11.02988 -0.87843 0.174124 -11.28125 -0.861694 -0.006975948 -11.36695 -0.884464 0.139741 -11.61146 -0.816635 0.01500296 -11.60744 -0.817174 0.130471 -12.04101 -0.795746 0.02483499 -12.0366 -0.793477 0.148042 -12.32847 -0.811037 0.006615996 -12.36069 -0.821881 0.162056 -12.67234 -0.781222 -0.01155596 -12.63024 -0.777559 0.18342 -12.96424 -0.792883 0.04832297 -12.98418 -0.770489 0.177226 -13.32072 -0.807275 -5.2e-5 -13.32992 -0.834069 0.175652 -13.62754 -0.907897 -0.003293991 -13.62092 -0.844552 0.149942 -13.95191 -0.810324 0.02763497 -13.93432 -0.798133 0.171825 -14.27007 -0.718548 -0.02379798 -14.28037 -0.735118 0.1716189 -14.5961 -0.712388 -0.007747948 -14.61597 -0.75945 0.185521 -14.90214 -0.727672 -0.05042397 -14.89725 -0.753798 0.176542 -15.27631 -0.704394 -0.012977 -15.26435 -0.70046 0.143618 -15.61328 -0.730579 0.01742196 -15.60305 -0.766369 0.16347 -15.87536 -0.782874 0.002967953 -15.85581 -0.806454 0.131727 -16.16889 -0.71791 0.026012 -16.16883 -0.724839 0.107013 -16.6304 -0.724554 -0.003800988 -16.58703 -0.724421 0.135651 -16.906 -0.783637 -0.002408981 -16.87269 -0.804045 0.166104 -17.16737 -0.757325 0.017717 -17.14988 -0.790572 0.139627 -17.56173 -0.659754 -0.01419699 -17.53717 -0.669752 0.156913 -17.86687 -0.739486 -0.03982698 -17.83134 -0.761971 0.09634 -18.1725 -0.675947 0.01492196 -18.15937 -0.702861 0.09957295 -18.47993 -0.628132 -0.02361297 -18.46453 -0.659274 0.112633 -18.84419 -0.669941 -0.005675971 -18.88314 -0.689341 0.124656 -19.15752 -0.650609 -0.001631975 -19.1121 -0.669013 0.15802 -19.48564 -0.719125 -0.02783995 -19.45295 -0.703731 0.149553 -19.74682 -0.674189 0.06383395 -19.74449 -0.647244 0.148405 -20.12401 -0.64087 0.02032697 -20.12079 -0.65455 0.1596339 -20.38515 -0.644243 -0.008087992 -20.43039 -0.66241 0.121112 -20.75123 -0.645758 0.03471595 -20.78551 -0.646182 0.163857 -21.07465 -0.638076 0.002533972 -21.07853 -0.676408 0.09345096 -21.39319 -0.617298 0.01368796 -21.387 -0.630103 0.1439819 -21.7446 -0.73014 0.004288971 -21.768 -0.739039 0.141818 -22.05163 -0.715217 -4.2e-5 -22.06373 -0.739709 0.09744596 -22.35202 -0.607279 -0.009324967 -22.38441 -0.60784 0.128253 -22.72093 -0.658783 0.03094398 -22.70514 -0.647566 0.13677 -22.96582 -0.606698 0.05798 -22.97392 -0.587079 0.123372 -23.41618 -0.644375 0.03913998 -23.39685 -0.633691 0.109555 -23.61142 -0.605832 -0.006285965 -23.61392 -0.615296 0.12609 -24.02318 -0.539726 -0.01679998 -24.05003 -0.538016 0.135182 -24.29722 -0.618973 0.009261965 -24.31492 -0.613919 0.05522096 -24.63295 -0.546311 -0.003674983 -24.62889 -0.575163 0.103621 -24.95864 -0.604708 0.01117199 -24.93242 -0.622334 0.137706 -25.32056 -0.604379 0.039514 -25.33125 -0.581636 0.05951797 -25.59761 -0.562764 0.005407989 -25.61007 -0.57277 0.126144 -25.94382 -0.517082 0.04917198 -25.93563 -0.506894 0.114383 -26.29769 -0.582386 0.002765953 -26.31733 -0.590481 0.104549 -26.61619 -0.589139 0.01838499 -26.60364 -0.588218 0.03493195 -26.88582 -0.547993 -0.02006298 -26.89945 -0.556367 0.101279 -27.25042 -0.497296 -0.03905099 -27.28078 -0.541754 0.121054 -27.64929 -0.492231 0.04192197 -27.54196 -0.472289 0.1292099 -27.95281 -0.538749 -0.009473979 -27.89555 -0.489469 0.104635 -28.16917 -0.537836 0.02579498 -28.16785 -0.540011 0.120264 -28.59461 -0.470203 0.04793298 -28.57978 -0.45954 0.1120859 -28.91371 -0.476005 -0.06628298 -28.89429 -0.491039 0.06197899 -29.21228 -0.452034 0.01432394 -29.21557 -0.461289 0.04781395 -29.56537 -0.495212 0.001353979 -29.54834 -0.501427 0.08710396 -29.81386 -0.424065 0.025994 -29.82003 -0.422964 0.08401 -30.16297 -0.451996 0.005572974 -30.16994 -0.464545 0.06144899 -30.50311 -0.42814 -0.01324397 -30.52853 -0.451014 0.09167295 -30.83433 -0.479127 0.01883 -30.81866 -0.479127 0.08300197 -31.14722 -0.457314 0.007087945 -31.11872 -0.469295 0.02904397 -31.44593 -0.437207 -0.01972395 -31.45822 -0.454717 0.061517 -31.80115 -0.385398 0.01279199 -31.83932 -0.393216 0.07157295 -32.04552 -0.366471 0.011913 -32.03168 -0.375939 -0.806392 -0.363974 -0.570317 -0.687753 -0.334433 -0.676422 -0.735373 -0.6077 -0.749389 -0.846784 -0.660972 -0.576568 -0.745089 -0.955402 -0.706854 -0.785086 -0.978044 -0.636705 -0.694254 -1.306643 -0.735748 -0.828868 -1.298811 -0.547777 -0.783915 -1.619487 -0.759422 -0.925181 -1.647051 -0.61472 -0.799912 -1.899381 -0.757159 -0.890962 -1.95382 -0.624767 -0.684098 -2.197089 -0.723588 -0.842813 -2.279305 -0.546743 -0.676353 -2.632865 -0.705277 -0.852108 -2.589606 -0.503227 -0.696893 -2.958298 -0.679593 -0.807634 -2.98669 -0.573109 -0.77223 -3.213875 -0.723628 -0.872241 -3.221113 -0.626859 -0.741631 -3.546798 -0.732005 -0.86648 -3.521317 -0.578464 -0.69959 -3.856454 -0.68058 -0.850417 -3.823811 -0.517057 -0.713452 -4.296517 -0.704808 -0.840451 -4.188653 -0.511932 -0.726673 -4.507631 -0.670317 -0.786147 -4.499563 -0.600189 -0.714376 -4.857432 -0.757766 -0.83421 -4.857088 -0.524652 -0.718412 -5.103271 -0.725236 -0.766743 -5.105652 -0.593627 -0.677709 -5.505232 -0.608539 -0.821875 -5.541044 -0.470617 -0.676193 -5.847426 -0.694154 -0.781198 -5.830427 -0.539963 -0.605065 -6.116864 -0.662152 -0.783307 -6.146546 -0.474661 -0.626426 -6.494917 -0.643308 -0.719865 -6.45189 -0.505589 -0.633549 -6.882663 -0.679377 -0.728747 -6.815644 -0.506632 -0.692007 -7.160373 -0.689609 -0.81953 -7.095764 -0.510852 -0.65969 -7.379841 -0.661923 -0.751419 -7.461146 -0.470459 -0.665514 -7.761979 -0.601502 -0.736872 -7.82373 -0.548603 -0.652066 -8.059875 -0.675 -0.782941 -8.114319 -0.50749 -0.636949 -8.440937 -0.660727 -0.76511 -8.44892 -0.524882 -0.676256 -8.735579 -0.706331 -0.745056 -8.734335 -0.52464 -0.678317 -9.124135 -0.666879 -0.744896 -9.114389 -0.531092 -0.691536 -9.410634 -0.667951 -0.749469 -9.401455 -0.55352 -0.60261 -9.752007 -0.671537 -0.719959 -9.687116 -0.501089 -0.604389 -10.08907 -0.566944 -0.687462 -10.08167 -0.469127 -0.619361 -10.42393 -0.569217 -0.715575 -10.35596 -0.452328 -0.596692 -10.74453 -0.593867 -0.68111 -10.73579 -0.4772 -0.585672 -11.01516 -0.61081 -0.692786 -11.05804 -0.464729 -0.583774 -11.30231 -0.598094 -0.738692 -11.37852 -0.442689 -0.540997 -11.63879 -0.545491 -0.615599 -11.64588 -0.416487 -0.574506 -12.03741 -0.587136 -0.695364 -12.08944 -0.431596 -0.603736 -12.33396 -0.598585 -0.733445 -12.33183 -0.471493 -0.623025 -12.62944 -0.598342 -0.746196 -12.64225 -0.484029 -0.564182 -12.9544 -0.586414 -0.675292 -12.95319 -0.441587 -0.55888 -13.30751 -0.571125 -0.670138 -13.30626 -0.436482 -0.637531 -13.62437 -0.628895 -0.707354 -13.61556 -0.511085 -0.52748 -13.90164 -0.587406 -0.640185 -13.91469 -0.480028 -0.496473 -14.33481 -0.583765 -0.584887 -14.27429 -0.399831 -0.569863 -14.63758 -0.568289 -0.63101 -14.58083 -0.473673 -0.56699 -14.87779 -0.524254 -0.618415 -14.89462 -0.45783 -0.515816 -15.16363 -0.519585 -0.617868 -15.17885 -0.398222 -0.53455 -15.59072 -0.599374 -0.64037 -15.53302 -0.413019 -0.515085 -15.86274 -0.541206 -0.605501 -15.8569 -0.413327 -0.502365 -16.20893 -0.462861 -0.575603 -16.22647 -0.39376 -0.502421 -16.53188 -0.466443 -0.629365 -16.56086 -0.380819 -0.519966 -16.86445 -0.558143 -0.670954 -16.85915 -0.398303 -0.549653 -17.12402 -0.539918 -0.650333 -17.15221 -0.425808 -0.460123 -17.48825 -0.520143 -0.566479 -17.51389 -0.358423 -0.526224 -17.86669 -0.548345 -0.603939 -17.84473 -0.375746 -0.51288 -18.15173 -0.469835 -0.587444 -18.16811 -0.405574 -0.466525 -18.49375 -0.455817 -0.542178 -18.48661 -0.343364 -0.448638 -18.78729 -0.468379 -0.544919 -18.7938 -0.357923 -0.464318 -19.16906 -0.461285 -0.58009 -19.17646 -0.364144 -0.482246 -19.4354 -0.512793 -0.584001 -19.46705 -0.403966 -0.473126 -19.77861 -0.442076 -0.547546 -19.86151 -0.332614 -0.459877 -20.12612 -0.512791 -0.552636 -20.12348 -0.366024 -0.485633 -20.4046 -0.523037 -0.547616 -20.38887 -0.387254 -0.434552 -20.78122 -0.471168 -0.570257 -20.82201 -0.337576 -0.488367 -21.09885 -0.460828 -0.535906 -21.10071 -0.40192 -0.434739 -21.43672 -0.475502 -0.563439 -21.36874 -0.298141 -0.460268 -21.74396 -0.494102 -0.525421 -21.76181 -0.36901 -0.464028 -22.03596 -0.502525 -0.544497 -22.03161 -0.330004 -0.409393 -22.36625 -0.424606 -0.435316 -22.36125 -0.368134 -0.463035 -22.71078 -0.46689 -0.557036 -22.71547 -0.361693 -0.388063 -22.97398 -0.478715 -0.489506 -22.98499 -0.345599 -0.394135 -23.37171 -0.452217 -0.492711 -23.41226 -0.313711 -0.394739 -23.64143 -0.429655 -0.461289 -23.64394 -0.335871 -0.418049 -23.99989 -0.364002 -0.466771 -24.00273 -0.319071 -0.41097 -24.32128 -0.394422 -0.492931 -24.30418 -0.320468 -0.428383 -24.64981 -0.432385 -0.473594 -24.63937 -0.34447 -0.427817 -24.97043 -0.455016 -0.468171 -24.94782 -0.35018 -0.41152 -25.28908 -0.414543 -0.467218 -25.31958 -0.323425 -0.433604 -25.62986 -0.379704 -0.485462 -25.62444 -0.338713 -0.362477 -25.98326 -0.3399 -0.40771 -25.97509 -0.289901 -0.391671 -26.26273 -0.368632 -0.417065 -26.26218 -0.326391 -0.393945 -26.56615 -0.394538 -0.461053 -26.59628 -0.31358 -0.333973 -26.90917 -0.414492 -0.407407 -26.9158 -0.23303 -0.363386 -27.27977 -0.403201 -0.414053 -27.27961 -0.306415 -0.363855 -27.60123 -0.372319 -0.424972 -27.62203 -0.299611 -0.397874 -27.96066 -0.341458 -0.442912 -27.96887 -0.315083 -0.379634 -28.16982 -0.375214 -0.45382 -28.1566 -0.303464 -0.334663 -28.57817 -0.365033 -0.369459 -28.57741 -0.280279 -0.367029 -28.86469 -0.322579 -0.425901 -28.8726 -0.268261 -0.306585 -29.16065 -0.328059 -0.328526 -29.15663 -0.283578 -0.400406 -29.53024 -0.383399 -0.450741 -29.52928 -0.316619 -0.258375 -29.90332 -0.357379 -0.349099 -29.84443 -0.230507 -0.321138 -30.22779 -0.362479 -0.400662 -30.19523 -0.255207 -0.321992 -30.51704 -0.279234 -0.375434 -30.50421 -0.232747 -0.321763 -30.84658 -0.372228 -0.40134 -30.7954 -0.209509 -0.299366 -31.09805 -0.267722 -0.336035 -31.10937 -0.225701 -0.315937 -31.43198 -0.26981 -0.343283 -31.44252 -0.239881 -0.272828 -31.75785 -0.301023 -0.40428 -31.73923 -0.192068 -0.273155 -32.12644 -0.257503 -0.321898 -32.13205 -0.207903 -0.968522 -0.414682 0.37468 -1.042758 -0.362518 0.167432 -0.9745 -0.618809 0.150785 -0.956666 -0.594437 0.366725 -0.979034 -0.985302 0.163305 -0.905317 -1.005297 0.374405 -1.017231 -1.330028 0.174886 -0.937551 -1.313679 0.395925 -1.121309 -1.642255 0.219026 -1.038376 -1.621668 0.432094 -1.086468 -1.88612 0.22071 -1.018813 -1.899064 0.397681 -0.975776 -2.301994 0.227108 -0.928042 -2.268705 0.304906 -0.994949 -2.591896 0.25056 -0.958116 -2.572783 0.354756 -0.995345 -2.882996 0.195439 -0.930894 -2.895386 0.384379 -1.046168 -3.232379 0.17595 -0.938233 -3.280155 0.440955 -1.027903 -3.534156 0.178357 -0.980494 -3.581041 0.385343 -0.981304 -3.877717 0.132646 -0.883899 -3.906989 0.36586 -1.004611 -4.189554 0.207507 -0.881979 -4.235376 0.430047 -0.972251 -4.539898 0.1383759 -0.867162 -4.581748 0.425199 -0.984418 -4.83577 0.18032 -0.918945 -4.851379 0.32797 -0.954383 -5.182992 0.1687189 -0.874308 -5.200471 0.437667 -0.924503 -5.511916 0.251164 -0.895734 -5.507931 0.375299 -0.985271 -5.858642 0.211616 -0.9337 -5.857541 0.382484 -0.918849 -6.033211 0.217322 -0.853667 -6.205824 0.404344 -0.881006 -6.517291 0.223181 -0.852883 -6.492129 0.317595 -0.929294 -6.785236 0.165283 -0.849313 -6.820643 0.349306 -0.973346 -7.144488 0.203782 -0.921117 -7.150576 0.35636 -0.870903 -7.437833 0.2315829 -0.869821 -7.467217 0.36421 -0.902037 -7.813723 0.192024 -0.856736 -7.835591 0.288453 -0.870528 -8.174772 0.148765 -0.800431 -8.087907 0.378962 -0.893395 -8.455666 0.231391 -0.889243 -8.44295 0.374466 -0.863353 -8.743574 0.175713 -0.813379 -8.762063 0.325568 -0.863602 -9.143869 0.156114 -0.84703 -9.117892 0.396275 -0.910517 -9.384261 0.205933 -0.855413 -9.401255 0.319181 -0.849933 -9.689101 0.1704429 -0.843696 -9.689821 0.336277 -0.853627 -10.08071 0.2242259 -0.81637 -10.07467 0.332311 -0.84831 -10.35305 0.1918179 -0.829265 -10.34267 0.298583 -0.831988 -10.71389 0.137058 -0.747086 -10.7241 0.329433 -0.848505 -11.05389 0.1326079 -0.769087 -11.01801 0.344746 -0.859214 -11.35555 0.148362 -0.776654 -11.36589 0.380439 -0.743551 -11.66457 0.135522 -0.715629 -11.70993 0.346709 -0.806389 -12.07303 0.121561 -0.740953 -12.03716 0.315638 -0.880674 -12.33296 0.181526 -0.818974 -12.33263 0.332839 -0.846032 -12.63887 0.166006 -0.788206 -12.63471 0.303407 -0.792957 -12.91019 0.144522 -0.704944 -12.92716 0.307419 -0.77757 -13.3689 0.154079 -0.73499 -13.32514 0.337879 -0.79002 -13.67339 0.160292 -0.787275 -13.60969 0.333864 -0.79127 -13.91753 0.151989 -0.751224 -13.88402 0.23236 -0.710917 -14.22397 0.139816 -0.646313 -14.28609 0.251563 -0.767177 -14.64456 0.178396 -0.717193 -14.66156 0.267475 -0.767474 -14.86061 0.1374419 -0.750261 -14.88866 0.34336 -0.731149 -15.20377 0.157092 -0.700382 -15.2303 0.281697 -0.743242 -15.5976 0.216289 -0.728498 -15.58863 0.230957 -0.73184 -15.89523 0.130893 -0.676461 -15.8702 0.305507 -0.666973 -16.21409 0.197749 -0.65942 -16.21651 0.253616 -0.711385 -16.54295 0.09770697 -0.674833 -16.64753 0.322431 -0.759069 -16.91213 0.14555 -0.754194 -16.86302 0.319993 -0.723654 -17.20788 0.165408 -0.68008 -17.17321 0.298265 -0.71492 -17.50496 0.1479859 -0.67533 -17.4941 0.208479 -0.725769 -17.88279 0.131498 -0.667537 -17.89206 0.250418 -0.717205 -18.0984 0.158119 -0.645261 -18.13313 0.301805 -0.664304 -18.52663 0.136613 -0.60366 -18.44941 0.339182 -0.635085 -18.80695 0.123142 -0.565923 -18.81962 0.326178 -0.686487 -19.1695 0.14297 -0.674205 -19.18267 0.252712 -0.712596 -19.48712 0.154403 -0.65515 -19.48145 0.246967 -0.579365 -19.8225 0.114217 -0.552033 -19.81252 0.254503 -0.659402 -20.15389 0.1555629 -0.653779 -20.16338 0.296323 -0.645985 -20.40143 0.16146 -0.656477 -20.39413 0.247433 -0.691175 -20.78009 0.12336 -0.622247 -20.7762 0.245016 -0.600027 -21.07507 0.175899 -0.595901 -21.04163 0.253406 -0.614745 -21.46489 0.141028 -0.580822 -21.45508 0.208891 -0.639952 -21.73237 0.16306 -0.615356 -21.73224 0.231927 -0.576217 -22.02017 0.140956 -0.589489 -21.99785 0.289184 -0.610078 -22.44489 0.10513 -0.567542 -22.45454 0.162625 -0.6425 -22.7024 0.153565 -0.616219 -22.71029 0.248499 -0.584922 -22.93766 0.121713 -0.532882 -23.07138 0.2406809 -0.591107 -23.4106 0.126291 -0.540746 -23.38131 0.21902 -0.557382 -23.74001 0.09944498 -0.511637 -23.63267 0.23283 -0.572993 -24.0157 0.1298339 -0.542443 -23.98779 0.16789 -0.582527 -24.31631 0.116986 -0.55604 -24.35202 0.217904 -0.573182 -24.69729 0.109782 -0.511382 -24.61809 0.236205 -0.573997 -24.95184 0.123053 -0.537628 -24.97417 0.198777 -0.600021 -25.37779 0.120774 -0.541257 -25.36636 0.1940259 -0.586604 -25.54679 0.102652 -0.490503 -25.59349 0.21933 -0.486753 -25.97101 0.136507 -0.474238 -25.94219 0.16313 -0.50263 -26.34903 0.154549 -0.49895 -26.34743 0.235869 -0.54727 -26.57594 0.093773 -0.500548 -26.57739 0.239347 -0.466864 -26.9951 0.135012 -0.460927 -26.98248 0.2326869 -0.55182 -27.27791 0.119717 -0.518664 -27.29664 0.195816 -0.492076 -27.52767 0.129519 -0.472873 -27.56747 0.2190909 -0.521161 -27.92343 0.113454 -0.493605 -27.93577 0.167969 -0.46934 -28.17204 0.04049497 -0.419244 -28.21743 0.2426699 -0.455879 -28.56364 0.06008899 -0.419314 -28.52109 0.1877239 -0.524769 -28.87627 0.108459 -0.515462 -28.86829 0.1809419 -0.445385 -29.22018 0.06637597 -0.420216 -29.212 0.1081359 -0.473898 -29.51372 0.132273 -0.460476 -29.53019 0.1993989 -0.414145 -29.84947 0.02829098 -0.379543 -29.86116 0.1644459 -0.502575 -30.18482 0.07685899 -0.458836 -30.1849 0.228271 -0.440402 -30.41709 0.106299 -0.435191 -30.4027 0.150809 -0.479216 -30.84819 0.08932197 -0.450496 -30.84685 0.148126 -0.417049 -31.19918 0.105166 -0.396715 -31.1785 0.164802 -0.413891 -31.4568 0.06381601 -0.393301 -31.54486 0.202742 -0.444161 -31.77974 0.05417299 -0.401569 -31.74249 0.145859 -0.439478 -32.12208 0.120886 -0.428355 -32.12128 0.17713 -0.187966 0.008835971 0.942612 -0.309209 -0.04443997 0.878588 -0.367125 -0.4078 0.948461 -0.407912 -0.617646 0.953487 -0.441135 -0.967698 0.917488 -0.448829 -1.292525 0.903974 -0.470802 -1.612892 0.919797 -0.408636 -1.961252 0.939514 -0.387714 -2.264521 0.934819 -0.332965 -2.599082 0.989835 -0.409041 -2.951984 0.954478 -0.415344 -3.262064 1.027734 -0.366137 -3.535325 0.98182 -0.430703 -3.94755 0.909095 -0.408489 -4.16913 0.940991 -0.426305 -4.608413 0.918324 -0.410938 -4.859533 0.992057 -0.34162 -5.180499 0.925336 -0.319794 -5.509089 0.869953 -0.357804 -5.831627 0.870749 -0.314027 -6.092018 0.840037 -0.295439 -6.445932 0.903316 -0.342021 -6.807885 0.831868 -0.394526 -7.153389 0.915252 -0.362886 -7.376108 0.850166 -0.315887 -7.867532 0.845872 -0.325782 -8.16801 0.845413 -0.373089 -8.444555 0.85637 -0.377529 -8.716177 0.856453 -0.357236 -9.091354 0.901653 -0.374455 -9.410851 0.895989 -0.312887 -9.690286 0.843938 -0.334515 -9.965667 0.79703 -0.31348 -10.35076 0.763086 -0.380092 -10.73737 0.784396 -0.339109 -10.99879 0.771364 -0.36641 -11.34265 0.806784 -0.346367 -11.74663 0.719284 -0.352592 -12.06493 0.7263 -0.329998 -12.37636 0.804353 -0.296076 -12.62499 0.74238 -0.311708 -12.982 0.717538 -0.319455 -13.32065 0.764597 -0.352419 -13.62652 0.858495 -0.314729 -13.88561 0.752999 -0.265874 -14.28819 0.681386 -0.322506 -14.58834 0.724151 -0.271929 -14.85278 0.721147 -0.320351 -15.27608 0.663524 -0.288016 -15.57007 0.688557 -0.293871 -15.86557 0.68785 -0.306369 -16.19624 0.674142 -0.275058 -16.56402 0.649197 -0.330096 -16.89459 0.729697 -0.292383 -17.15014 0.741849 -0.274818 -17.49928 0.68551 -0.285397 -17.86453 0.700149 -0.272606 -18.13309 0.643963 -0.249662 -18.5106 0.60341 -0.228664 -18.86391 0.625793 -0.244607 -19.09735 0.631485 -0.24496 -19.47952 0.631931 -0.242133 -19.72068 0.628809 -0.2427189 -20.16563 0.631341 -0.248861 -20.39055 0.608917 -0.243915 -20.77358 0.586424 -0.235913 -21.04283 0.623388 -0.247189 -21.38573 0.560203 -0.285779 -21.73884 0.69036 -0.276999 -22.0499 0.657767 -0.2433699 -22.31478 0.553985 -0.318141 -22.74396 0.57242 -0.245866 -23.07743 0.556678 -0.212694 -23.39001 0.554577 -0.296324 -23.64623 0.51028 -0.190388 -23.99649 0.548289 -0.220019 -24.32623 0.551084 -0.22065 -24.6432 0.521653 -0.232634 -24.9223 0.549169 -0.246867 -25.35542 0.514173 -0.240894 -25.60017 0.54713 -0.203055 -25.91305 0.485543 -0.172893 -26.33655 0.476288 -0.189776 -26.58159 0.523496 -0.139222 -26.92837 0.512874 -0.238023 -27.29036 0.483353 -0.164925 -27.68216 0.457771 -0.2354069 -27.89765 0.421542 -0.187125 -28.17973 0.468481 -0.176302 -28.54686 0.432384 -0.216354 -28.88188 0.434826 -0.213566 -29.27892 0.405498 -0.172679 -29.52609 0.462153 -0.200083 -29.81149 0.446426 -0.170482 -30.17914 0.471609 -0.151826 -30.56536 0.407846 -0.152962 -30.85013 0.434165 -0.176886 -31.09573 0.366258 -0.186515 -31.46087 0.439131 -0.147781 -31.75635 0.455225 -0.155573 -32.14139 0.40512 0.767317 -0.03088897 0.57261 0.691384 -0.03415 0.62156 0.711887 -0.35659 0.736623 0.734382 -0.639514 0.668196 0.717502 -1.00996 0.694712 0.733208 -1.275025 0.715186 0.771414 -1.61591 0.779475 0.804014 -1.914892 0.776148 0.669832 -2.252008 0.737562 0.715621 -2.610407 0.742592 0.760882 -2.925373 0.648862 0.760938 -3.281431 0.746139 0.712644 -3.538095 0.725941 0.707298 -3.861563 0.717107 0.698679 -4.187951 0.745345 0.689194 -4.544862 0.691574 0.696353 -4.828028 0.714369 0.700032 -5.228925 0.67034 0.701753 -5.525324 0.619555 0.676716 -5.856176 0.695829 0.59313 -6.150489 0.662929 0.642378 -6.527733 0.635139 0.600866 -6.839544 0.647227 0.664418 -7.153086 0.681392 0.677647 -7.443846 0.664315 0.604021 -7.791409 0.673551 0.670503 -8.116389 0.598193 0.686763 -8.470111 0.678317 0.618477 -8.727467 0.648102 0.645688 -9.102425 0.641646 0.663375 -9.407528 0.646525 0.626081 -9.698034 0.624229 0.645052 -10.10379 0.556559 0.581637 -10.39844 0.633477 0.591093 -10.71096 0.561888 0.58796 -11.01138 0.651261 0.591116 -11.31377 0.545449 0.537206 -11.65855 0.594041 0.571175 -12.0543 0.577436 0.625422 -12.35423 0.618526 0.581291 -12.63219 0.61728 0.535966 -12.95798 0.563366 0.592508 -13.35318 0.575869 0.642564 -13.63439 0.626442 0.550874 -13.92636 0.6384 0.494365 -14.3089 0.56783 0.57494 -14.63045 0.547836 0.563658 -14.88829 0.551081 0.502311 -15.17837 0.493922 0.584763 -15.61763 0.508978 0.537026 -15.85616 0.523076 0.520474 -16.20291 0.450709 0.479851 -16.5952 0.530399 0.575248 -16.86165 0.558971 0.51011 -17.15863 0.533467 0.475311 -17.59166 0.510042 0.491261 -17.87002 0.540514 0.473253 -18.12227 0.507858 0.492418 -18.527 0.461777 0.441591 -18.80252 0.450659 0.494266 -19.17262 0.412313 0.469851 -19.44989 0.521194 0.464018 -19.78466 0.468545 0.489577 -20.09345 0.518168 0.501785 -20.38744 0.501043 0.451837 -20.81156 0.472219 0.420236 -21.06715 0.484465 0.508128 -21.41775 0.414667 0.496975 -21.76572 0.473126 0.436872 -22.02153 0.4625 0.445121 -22.3608 0.362138 0.512162 -22.72477 0.449279 0.447852 -22.97674 0.427173 0.437931 -23.42533 0.427947 0.404092 -23.70988 0.365893 0.360876 -23.99 0.390263 0.403943 -24.32408 0.470317 0.41657 -24.67766 0.398231 0.403858 -24.98037 0.421168 0.44195 -25.31535 0.366118 0.420229 -25.60125 0.376566 0.334188 -26.00643 0.3729 0.385291 -26.26304 0.356644 0.385589 -26.61116 0.370827 0.372482 -26.92128 0.392853 0.351506 -27.25871 0.397652 0.319198 -27.65112 0.373549 0.39323 -27.90351 0.367073 0.363815 -28.22694 0.370577 0.324852 -28.50881 0.287272 0.322375 -28.87801 0.391371 0.317248 -29.17148 0.29736 0.323751 -29.55809 0.370994 0.326589 -29.84448 0.34616 0.360306 -30.23131 0.319224 0.296934 -30.53748 0.317827 0.36994 -30.84426 0.326407 0.286928 -31.14732 0.254873 0.304217 -31.47589 0.257796 0.342212 -31.77355 0.281898 0.260917 -32.10161 0.298572 1.053538 -0.347651 -0.1701329 0.977103 -0.632156 -0.23835 0.951434 -1.012771 -0.186177 1.015769 -1.34074 -0.2052299 1.123475 -1.629091 -0.220031 1.077763 -1.947752 -0.1840569 0.969601 -2.231612 -0.168169 0.985955 -2.601668 -0.19973 0.98322 -2.960912 -0.161237 1.012472 -3.297937 -0.1999199 1.051361 -3.595353 -0.189501 0.990806 -3.865218 -0.145335 0.962293 -4.236808 -0.19115 0.997628 -4.534878 -0.188204 1.01192 -4.854985 -0.202617 0.967558 -5.171609 -0.170054 0.889454 -5.525592 -0.203401 0.906173 -5.849157 -0.205769 0.921382 -6.183511 -0.172487 0.943564 -6.488797 -0.12379 0.946225 -6.861743 -0.13413 0.926165 -7.087841 -0.1774049 0.893085 -7.472605 -0.171737 0.860556 -7.837903 -0.2278299 0.89317 -8.178244 -0.203799 0.909551 -8.436678 -0.175933 0.89631 -8.706048 -0.212534 0.858307 -9.062092 -0.189813 0.865662 -9.427008 -0.177693 0.8455 -9.671347 -0.133442 0.86584 -10.02503 -0.142074 0.865427 -10.36826 -0.161348 0.817938 -10.65062 -0.134819 0.836752 -11.06834 -0.166103 0.844713 -11.37814 -0.162397 0.811053 -11.60765 -0.117339 0.772862 -12.0603 -0.150902 0.852284 -12.34942 -0.16661 0.873928 -12.64746 -0.169616 0.806314 -12.93361 -0.154981 0.740506 -13.30067 -0.17711 0.840038 -13.62087 -0.132139 0.726498 -13.8828 -0.140124 0.732373 -14.33909 -0.05272096 0.806232 -14.58728 -0.12347 0.806804 -14.87446 -0.128413 0.715645 -15.22022 -0.126141 0.725688 -15.61603 -0.09646195 0.729206 -15.92098 -0.145775 0.724582 -16.20769 -0.122877 0.69418 -16.5143 -0.18055 0.792957 -16.86371 -0.160271 0.759028 -17.19562 -0.169142 0.677464 -17.52002 -0.138777 0.745943 -17.86958 -0.162279 0.707771 -18.10329 -0.140991 0.67541 -18.46006 -0.154543 0.607175 -18.78444 -0.1328099 0.618281 -19.15215 -0.182174 0.673841 -19.44843 -0.119584 0.615573 -19.84463 -0.07483798 0.674955 -20.15873 -0.169471 0.631325 -20.39374 -0.147125 0.664686 -20.77655 -0.171689 0.607596 -21.07818 -0.139021 0.591305 -21.46508 -0.148984 0.641105 -21.77412 -0.1249459 0.661698 -21.99981 -0.07726097 0.610288 -22.48178 -0.102742 0.710835 -22.71277 -0.1409479 0.570285 -22.98618 -0.122559 0.585622 -23.39325 -0.1368629 0.55715 -23.63428 -0.08108997 0.51687 -24.06979 -0.08283996 0.592329 -24.36772 -0.129168 0.563807 -24.69689 -0.109359 0.607662 -24.96517 -0.096129 0.545876 -25.27986 -0.09963399 0.549641 -25.59515 -0.103397 0.513177 -25.96177 -0.126184 0.524029 -26.346 -0.14867 0.532997 -26.62288 -0.114846 0.501469 -26.96457 -0.13314 0.544088 -27.26284 -0.127851 0.505446 -27.53785 -0.116462 0.506872 -27.9237 -0.104893 0.499369 -28.2002 -0.123976 0.450049 -28.59848 -0.120439 0.517513 -28.88026 -0.06275695 0.477544 -29.11461 -0.07980298 0.473264 -29.5847 -0.08865499 0.466877 -29.86469 -0.04544496 0.459804 -30.16866 -0.09286296 0.442289 -30.43666 -0.03561496 0.437266 -30.84758 -0.108148 0.471318 -31.14653 -0.09457498 0.43488 -31.46047 -0.08236598 0.4139 -31.74076 -0.05065798 0.356816 -32.12325 -0.07216095 0.321097 -0.372099 -0.953505 0.365278 -0.654062 -0.941911 0.352146 -0.978522 -0.92441 0.388448 -1.325936 -0.942529 0.378555 -1.644879 -0.96416 0.430479 -1.971414 -0.941628 0.349443 -2.30134 -0.960866 0.43443 -2.599084 -0.927877 0.436582 -2.97593 -0.922543 0.40347 -3.249488 -1.009317 0.429948 -3.573658 -0.967668 0.392193 -3.93802 -0.954861 0.388153 -4.202086 -0.915443 0.356825 -4.551877 -0.918698 0.400428 -4.84877 -0.945044 0.410224 -5.187967 -0.90657 0.347622 -5.580739 -0.890838 0.369328 -5.801353 -0.899334 0.350121 -6.189835 -0.852721 0.383364 -6.462512 -0.848474 0.362264 -6.857932 -0.886157 0.373055 -7.112772 -0.884194 0.387205 -7.513664 -0.850762 0.388294 -7.811798 -0.821311 0.363382 -8.150502 -0.861712 0.362668 -8.469141 -0.901793 0.371343 -8.737619 -0.82352 0.326465 -9.130825 -0.841216 0.351991 -9.414038 -0.904343 0.36009 -9.716732 -0.904603 0.307866 -10.07058 -0.754674 0.367594 -10.34974 -0.76882 0.25744 -10.64543 -0.794242 0.31901 -11.01031 -0.811597 0.250873 -11.28302 -0.806571 0.362473 -11.7056 -0.721354 0.335321 -12.01146 -0.722251 0.37101 -12.31523 -0.758143 0.328986 -12.6303 -0.727363 0.277482 -12.98799 -0.744569 0.350473 -13.31331 -0.795799 0.32725 -13.62705 -0.836323 0.317182 -13.93267 -0.753104 0.333366 -14.30197 -0.684653 0.259186 -14.60227 -0.70981 0.317056 -14.89327 -0.700487 0.266282 -15.33355 -0.694848 0.339863 -15.61655 -0.70773 0.267052 -15.88699 -0.730951 0.323457 -16.23277 -0.604168 0.265661 -16.58481 -0.62273 0.309631 -16.89101 -0.709298 0.282902 -17.14731 -0.689679 0.290611 -17.51257 -0.597837 0.297533 -17.87244 -0.720075 0.272647 -18.11872 -0.619489 0.224126 -18.47023 -0.577291 0.232618 -18.84604 -0.622276 0.238265 -19.22926 -0.612628 0.296474 -19.47636 -0.698651 0.25354 -19.78604 -0.64668 0.292404 -20.13827 -0.607688 0.285828 -20.4038 -0.596444 0.23341 -20.76984 -0.597826 0.243135 -21.06745 -0.619616 0.281773 -21.40669 -0.532281 0.278689 -21.75596 -0.670523 0.256408 -22.04195 -0.654666 0.254887 -22.35916 -0.514739 0.200271 -22.74647 -0.606657 0.211044 -22.93746 -0.599974 0.160661 -23.4272 -0.598142 0.276744 -23.63235 -0.534694 0.155894 -23.97801 -0.524428 0.231433 -24.3363 -0.593983 0.2241449 -24.63938 -0.500923 0.194121 -25.00734 -0.542758 0.220457 -25.31889 -0.57148 0.2007189 -25.58254 -0.480853 0.199527 -25.96182 -0.492728 0.1744419 -26.29662 -0.542502 0.1955929 -26.62547 -0.531202 0.175364 -26.90386 -0.471259 0.247451 -27.23498 -0.466504 0.175022 -27.64731 -0.472746 0.19102 -27.93929 -0.498064 0.177048 -28.16266 -0.503838 0.201588 -28.59889 -0.457493 0.176863 -28.916 -0.460802 0.2150239 -29.22841 -0.405291 0.21267 -29.52039 -0.466375 0.133222 -29.81188 -0.405579 0.1818709 -30.16498 -0.420726 0.183714 -30.43248 -0.42275 0.163322 -30.85022 -0.450706 0.135874 -31.16713 -0.430121 0.186782 -31.47457 -0.384228 0.179858 -31.74589 -0.360525 0.115808 -32.07554 -0.337644 -0.513204 -0.372714 -0.814276 -0.593898 -0.62643 -0.867479 -0.608301 -0.985961 -0.799679 -0.565641 -1.362266 -0.873992 -0.644541 -1.606109 -0.905496 -0.585065 -1.909403 -0.896701 -0.571032 -2.193753 -0.835094 -0.559557 -2.567222 -0.825972 -0.524848 -2.870159 -0.830884 -0.625133 -3.254584 -0.896777 -0.604766 -3.55147 -0.888178 -0.547133 -3.900805 -0.849904 -0.557016 -4.164093 -0.810501 -0.533009 -4.515491 -0.84352 -0.604738 -4.872906 -0.864264 -0.560752 -5.121891 -0.801563 -0.510724 -5.568965 -0.799902 -0.495368 -5.792189 -0.809454 -0.543833 -6.104311 -0.733495 -0.536288 -6.440063 -0.70518 -0.536447 -6.848546 -0.726362 -0.552457 -7.143026 -0.761381 -0.464981 -7.427191 -0.787932 -0.489509 -7.765844 -0.700636 -0.455991 -8.104645 -0.79555 -0.509504 -8.417797 -0.799007 -0.533194 -8.747747 -0.761585 -0.554116 -9.118422 -0.720693 -0.511811 -9.384029 -0.778876 -0.507321 -9.721481 -0.73459 -0.485522 -10.02065 -0.69187 -0.445219 -10.36195 -0.7463 -0.456645 -10.72836 -0.709298 -0.451437 -11.0363 -0.703855 -0.480189 -11.34851 -0.678755 -0.402826 -11.69739 -0.68664 -0.451419 -12.03427 -0.672515 -0.465404 -12.32435 -0.688066 -0.480129 -12.62826 -0.653157 -0.456539 -12.96514 -0.645288 -0.468297 -13.3533 -0.707322 -0.465474 -13.62806 -0.732517 -0.431715 -13.94892 -0.695261 -0.465356 -14.2899 -0.588931 -0.45629 -14.63359 -0.624508 -0.387115 -14.86616 -0.679597 -0.441684 -15.1739 -0.571939 -0.487258 -15.58552 -0.614353 -0.40724 -15.8971 -0.660527 -0.350903 -16.23836 -0.58076 -0.356058 -16.57885 -0.60144 -0.444027 -16.87087 -0.649791 -0.39909 -17.15324 -0.620672 -0.407668 -17.4909 -0.573316 -0.436248 -17.84592 -0.608497 -0.35127 -18.1152 -0.597088 -0.38121 -18.51875 -0.556568 -0.338867 -18.83107 -0.56527 -0.370047 -19.15622 -0.549724 -0.373051 -19.44475 -0.6101 -0.343027 -19.70279 -0.558266 -0.349152 -20.16303 -0.606138 -0.404706 -20.41342 -0.602018 -0.390945 -20.79862 -0.527619 -0.371729 -21.03466 -0.521176 -0.387209 -21.43322 -0.519754 -0.387146 -21.75427 -0.609792 -0.376412 -22.04426 -0.563197 -0.360046 -22.37704 -0.465643 -0.375975 -22.72694 -0.532841 -0.367958 -22.98135 -0.495214 -0.344177 -23.38345 -0.479671 -0.361688 -23.61359 -0.494535 -0.283262 -24.04092 -0.45082 -0.318447 -24.32777 -0.458679 -0.358086 -24.64992 -0.484374 -0.365134 -24.96685 -0.498411 -0.335423 -25.30635 -0.45912 -0.291397 -25.58701 -0.488875 -0.263512 -25.93336 -0.437723 -0.247985 -26.33367 -0.484892 -0.316234 -26.57564 -0.470162 -0.293799 -26.91969 -0.461547 -0.306255 -27.27817 -0.468604 -0.302647 -27.54118 -0.432141 -0.262565 -27.89978 -0.411427 -0.316101 -28.17343 -0.421504 -0.274068 -28.53348 -0.410935 -0.285941 -28.88047 -0.359485 -0.270721 -29.14419 -0.363195 -0.310343 -29.53788 -0.399797 -0.235694 -29.89396 -0.386852 -0.296035 -30.22705 -0.392949 -0.237936 -30.4509 -0.360801 -0.285717 -30.84372 -0.414919 -0.190189 -31.13755 -0.338105 -0.201718 -31.46957 -0.384756 -0.234443 -31.75188 -0.337967 -0.227688 -32.13309 -0.288444 -1.021841 -0.355515 0.059807 -1.052433 -0.5856 -0.07883697 -1.011562 -1.0045 0.01553899 -1.051455 -1.309481 0.01965498 -1.149673 -1.628341 0.001031994 -1.081899 -1.909125 -0.01652997 -0.986767 -2.314714 6.59e-4 -0.966803 -2.572187 -0.003509998 -1.011855 -2.933975 -0.07464796 -1.041225 -3.216109 0.05036997 -1.024195 -3.561962 0.009021997 -1.035375 -3.853232 0.01410394 -0.986328 -4.217361 0.03754299 -1.035742 -4.571438 -0.02546197 -1.026047 -4.865252 -0.04878997 -0.963843 -5.16821 0.009991943 -0.920266 -5.485662 0.03856897 -0.930946 -5.843061 -0.01942294 -0.917274 -6.101698 -0.02315098 -0.865653 -6.515437 -0.004677951 -0.929539 -6.788968 -3.63e-4 -1.002573 -7.150343 -9.01e-4 -0.90701 -7.386499 -0.02740299 -0.91645 -7.753792 -0.06118297 -0.965593 -8.183305 -0.004720985 -0.924549 -8.389781 -0.02809399 -0.889762 -8.751974 0.003063976 -0.869495 -9.06321 -0.02704596 -0.968099 -9.416483 -0.009768962 -0.882833 -9.722898 0.005447983 -0.860058 -10.06214 -0.04568898 -0.857275 -10.37166 -0.01561796 -0.839999 -10.76928 0.06825095 -0.852926 -11.05682 0.05238795 -0.849774 -11.35099 0.05868595 -0.826543 -11.61112 -0.055646 -0.824956 -12.05584 0.008352994 -0.883387 -12.34742 0.009716987 -0.87503 -12.65013 0.003103971 -0.804843 -12.90745 -0.04141294 -0.782417 -13.36365 0.02064394 -0.808575 -13.63911 -0.02580499 -0.795884 -13.87251 0.07293397 -0.739774 -14.31094 -0.006087958 -0.778125 -14.65396 -0.03283298 -0.774953 -14.86992 -0.002242982 -0.699751 -15.23748 0.03510195 -0.726909 -15.57451 -0.004238963 -0.72141 -15.86056 0.01757997 -0.706288 -16.21453 -0.03811198 -0.733132 -16.52602 0.01060599 -0.761138 -16.87532 -0.008869946 -0.740073 -17.17854 -0.03268694 -0.702677 -17.48924 0.05601298 -0.713319 -17.86455 0.008938968 -0.708993 -18.17127 -0.028472 -0.6774 -18.52308 0.005111992 -0.649131 -18.77607 0.006712973 -0.667855 -19.1578 0.101392 -0.683203 -19.42898 0.07730495 -0.634914 -19.842 -0.056728 -0.678905 -20.16156 -0.003744959 -0.629694 -20.4284 -0.01860797 -0.698932 -20.7813 -0.008348941 -0.650265 -21.04137 0.01921498 -0.665541 -21.37422 -0.03963196 -0.66497 -21.72692 0.01972496 -0.606568 -21.99787 -0.01564395 -0.61456 -22.43848 0.03019297 -0.667515 -22.72782 -0.008723974 -0.585771 -23.02276 -0.08244496 -0.588407 -23.40999 0.03239995 -0.577696 -23.6174 -0.003868997 -0.545642 -24.01606 0.06009697 -0.599263 -24.34883 0.008770942 -0.564163 -24.6363 0.02076196 -0.599807 -24.93649 -0.01018595 -0.570606 -25.32702 0.01212799 -0.558341 -25.59939 0.01988798 -0.511256 -25.96457 -0.072618 -0.505998 -26.30361 -0.004069983 -0.56343 -26.5963 -0.002400994 -0.487812 -26.93817 -0.05257397 -0.541326 -27.27721 0.04779595 -0.488428 -27.50247 0.06520897 -0.507604 -27.92019 0.05597496 -0.498945 -28.15048 -0.01432597 -0.471001 -28.61389 0.02727699 -0.50383 -28.87133 0.04301697 -0.449824 -29.21399 0.013179 -0.462358 -29.53784 -0.03270298 -0.425243 -29.84758 -0.011343 -0.488389 -30.17563 0.02831 -0.445677 -30.40674 0.009143948 -0.482331 -30.82336 0.002115964 -0.415971 -31.21695 0.01604294 -0.410478 -31.45334 0.027866 -0.472211 -31.78471 -0.01272696 -0.414056 -32.12472 0.05612498 -0.533671 -0.292274 0.800917 -0.607157 -0.69201 0.79626 -0.5118 -1.003887 0.855349 -0.559851 -1.31561 0.877242 -0.604146 -1.606043 0.890476 -0.594906 -1.950766 0.877744 -0.558841 -2.338583 0.838605 -0.54662 -2.642302 0.894525 -0.503411 -2.935339 0.871852 -0.588897 -3.247171 0.85012 -0.581248 -3.58012 0.841485 -0.504439 -3.951883 0.868906 -0.582364 -4.286737 0.840976 -0.590101 -4.586472 0.862897 -0.601653 -4.866008 0.902361 -0.550931 -5.139004 0.858163 -0.517486 -5.583705 0.76656 -0.511743 -5.809348 0.781399 -0.552661 -6.099062 0.709475 -0.557174 -6.500247 0.704132 -0.542387 -6.846535 0.752367 -0.579032 -7.15858 0.786544 -0.547614 -7.382072 0.768433 -0.496608 -7.826894 0.75488 -0.511713 -8.102447 0.744256 -0.518125 -8.444725 0.772393 -0.531286 -8.742102 0.773443 -0.469735 -9.093053 0.787745 -0.513892 -9.414124 0.807577 -0.492017 -9.673644 0.751422 -0.502077 -10.08902 0.722506 -0.495374 -10.40672 0.692794 -0.519977 -10.70762 0.666517 -0.525084 -11.00966 0.714606 -0.417847 -11.32041 0.770916 -0.420831 -11.73171 0.679319 -0.428498 -12.02451 0.671764 -0.507184 -12.35389 0.705202 -0.462187 -12.6514 0.660854 -0.423985 -12.95796 0.649297 -0.461076 -13.31782 0.685897 -0.509211 -13.62663 0.762525 -0.397685 -13.90199 0.672101 -0.41667 -14.2668 0.61805 -0.357949 -14.60135 0.688828 -0.441013 -14.87125 0.636546 -0.429865 -15.24039 0.640991 -0.397784 -15.6065 0.634588 -0.408768 -15.89554 0.606928 -0.332198 -16.20969 0.629111 -0.38457 -16.54838 0.587577 -0.414781 -16.8842 0.674772 -0.377581 -17.15502 0.636735 -0.31879 -17.50564 0.62282 -0.429366 -17.84933 0.591118 -0.387227 -18.13467 0.565135 -0.362442 -18.49332 0.519483 -0.375755 -18.78879 0.520135 -0.376677 -19.14746 0.525545 -0.362534 -19.44683 0.574719 -0.416818 -19.78473 0.539929 -0.411163 -20.14467 0.547962 -0.381267 -20.42235 0.54354 -0.367766 -20.77657 0.529989 -0.402619 -21.05001 0.56554 -0.391377 -21.38648 0.464546 -0.414133 -21.73965 0.620385 -0.387995 -22.04298 0.609638 -0.336866 -22.34547 0.496358 -0.398695 -22.71902 0.577869 -0.355338 -23.06394 0.50116 -0.366935 -23.4306 0.495899 -0.374862 -23.64619 0.513806 -0.341905 -23.9602 0.455097 -0.347157 -24.32718 0.491166 -0.274297 -24.64283 0.48052 -0.336482 -24.92446 0.506076 -0.326801 -25.36819 0.500117 -0.296348 -25.62865 0.499864 -0.24898 -25.89404 0.457337 -0.251301 -26.33823 0.432524 -0.332367 -26.57043 0.480245 -0.313728 -26.93443 0.427854 -0.310074 -27.27374 0.456213 -0.298967 -27.60267 0.379159 -0.281832 -27.87882 0.409239 -0.259924 -28.18796 0.413525 -0.238131 -28.55344 0.391429 -0.281372 -28.88123 0.417862 -0.282255 -29.27843 0.389363 -0.264733 -29.54174 0.38789 -0.261222 -29.81941 0.410084 -0.291195 -30.17994 0.392728 -0.25157 -30.47699 0.340189 -0.2150779 -30.82262 0.378983 -0.276317 -31.11853 0.34079 -0.235566 -31.44126 0.405313 -0.201228 -31.75974 0.376504 -0.194433 -32.1437 0.371721 0.506194 -0.01891797 0.752254 0.588573 -0.343631 0.843405 0.599314 -0.660663 0.804356 0.570302 -0.977723 0.838337 0.566753 -1.284153 0.829982 0.611304 -1.613636 0.935502 0.572765 -1.947644 0.875439 0.51045 -2.278158 0.844928 0.61409 -2.610152 0.831141 0.539195 -2.889959 0.853499 0.603522 -3.282745 0.890817 0.5732 -3.524929 0.907102 0.557508 -3.890463 0.807912 0.584688 -4.191786 0.828636 0.549423 -4.580426 0.853267 0.602553 -4.883585 0.864891 0.503943 -5.164847 0.82267 0.534377 -5.577795 0.762374 0.51934 -5.86533 0.831656 0.520845 -6.117239 0.765899 0.54587 -6.549097 0.747359 0.523847 -6.849486 0.780306 0.539991 -7.143718 0.771902 0.55271 -7.373872 0.786411 0.519378 -7.812511 0.742464 0.455628 -8.168797 0.788044 0.511604 -8.434531 0.803922 0.508265 -8.726856 0.757016 0.475715 -9.087334 0.738913 0.547168 -9.407872 0.798407 0.482367 -9.734379 0.727371 0.482929 -10.12483 0.680594 0.46611 -10.3385 0.736365 0.454491 -10.73403 0.664693 0.511402 -11.02958 0.729746 0.41664 -11.3932 0.708453 0.450702 -11.6932 0.682536 0.459874 -12.05501 0.630245 0.480846 -12.33171 0.699305 0.478643 -12.61734 0.693462 0.442436 -12.92455 0.686671 0.471768 -13.33298 0.70282 0.486656 -13.62551 0.747323 0.477163 -13.95521 0.714022 0.429527 -14.2931 0.645726 0.408961 -14.58857 0.698226 0.387327 -14.86528 0.665917 0.397489 -15.18627 0.574334 0.459845 -15.62602 0.598817 0.413722 -15.88995 0.632831 0.305775 -16.24428 0.60655 0.430807 -16.61211 0.580805 0.410703 -16.85647 0.635334 0.402972 -17.20141 0.638666 0.382811 -17.47238 0.599881 0.411341 -17.81315 0.601646 0.371082 -18.12043 0.608045 0.345513 -18.58112 0.562641 0.318337 -18.80461 0.568139 0.347279 -19.19392 0.554915 0.411166 -19.48661 0.603301 0.385493 -19.79184 0.538228 0.4106 -20.11244 0.604746 0.397493 -20.38896 0.586349 0.362309 -20.82219 0.531788 0.354172 -21.09212 0.593685 0.342009 -21.38861 0.522072 0.38239 -21.76015 0.58911 0.352479 -22.03664 0.577335 0.302128 -22.35002 0.483751 0.364944 -22.72716 0.545993 0.35161 -22.98398 0.462667 0.301382 -23.37139 0.496996 0.289504 -23.65922 0.471115 0.327874 -24.08962 0.474902 0.354876 -24.31407 0.505391 0.367585 -24.70113 0.420201 0.35712 -24.9859 0.450157 0.305013 -25.32737 0.471925 0.305552 -25.6051 0.43496 0.286704 -26.03563 0.445656 0.258751 -26.31883 0.436204 0.282341 -26.59609 0.470094 0.303176 -26.95335 0.451361 0.304803 -27.26454 0.421522 0.289132 -27.65083 0.400226 0.330086 -27.92771 0.382006 0.294455 -28.22386 0.423047 0.21448 -28.52196 0.395289 0.291165 -28.90014 0.441655 0.253963 -29.11185 0.379608 0.288311 -29.55461 0.429481 0.27917 -29.84656 0.387334 0.262034 -30.24064 0.394673 0.256153 -30.51381 0.346966 0.279064 -30.82195 0.35452 0.18278 -31.16962 0.377504 0.210957 -31.53679 0.369195 0.223256 -31.7405 0.36982 0.222559 -32.12367 0.341228 1.043484 -0.306739 -0.057069 0.968733 -0.665265 -0.006170988 1.004958 -0.978538 -0.001773953 1.036887 -1.322822 -0.03825998 1.130697 -1.636528 0.007925987 1.14587 -1.933303 -0.007235944 0.970463 -2.273777 0.01816999 1.050608 -2.611768 0.01152294 1.005266 -2.882124 -0.00673896 1.00608 -3.266143 0.02228397 1.09455 -3.584538 -0.007163941 1.046927 -3.8653 -0.02233797 0.989153 -4.271319 0.01958596 0.997098 -4.55071 -0.02263897 1.051538 -4.857285 0.001563966 0.955585 -5.188506 -0.01477897 0.941078 -5.49569 0.02927196 0.976892 -5.851612 0.03979098 0.966649 -6.100937 -0.02016597 0.942819 -6.481877 -0.03335195 0.956474 -6.838919 -0.01860797 0.93974 -7.118423 0.04932194 0.89008 -7.454046 -0.001113951 0.922741 -7.722978 0.02347397 0.960744 -8.109516 6.53e-4 0.949834 -8.421675 0.001942992 0.874458 -8.722834 -0.03237497 0.875181 -9.10924 -0.01452398 0.903 -9.385271 0.01751595 0.900746 -9.7371 0.024836 0.855312 -10.00957 -0.07218396 0.894799 -10.40112 -0.004648983 0.847009 -10.64528 -0.01222097 0.836079 -11.10166 -0.005284965 0.828638 -11.37569 -0.05974894 0.80321 -11.62526 -0.009552955 0.794761 -12.05558 -0.007376968 0.900861 -12.34191 0.01473599 0.874253 -12.63578 -0.01477497 0.808763 -12.94704 -0.045017 0.773907 -13.31261 0.02496999 0.843222 -13.63351 -0.02165299 0.740071 -13.90153 0.033656 0.758268 -14.32034 -0.01275998 0.825794 -14.60038 0.02063196 0.809763 -14.86801 0.01513195 0.719544 -15.20096 -0.02587896 0.720718 -15.59969 -0.02418094 0.759508 -15.85555 -0.01038998 0.71304 -16.24445 -0.07918995 0.729829 -16.59599 -0.027444 0.763039 -16.86392 -0.009776949 0.729281 -17.19917 -0.06177794 0.666438 -17.54283 -0.01434797 0.744983 -17.86143 -0.00130397 0.698973 -18.14818 0.04981899 0.673489 -18.44343 -0.06618797 0.637615 -18.91582 0.02597999 0.707176 -19.10919 0.03434598 0.669169 -19.4559 -0.03767395 0.643604 -19.8574 -0.004657983 0.700304 -20.10209 -0.01093697 0.663315 -20.37915 0.004701972 0.654441 -20.80414 0.009038984 0.638349 -20.99256 -0.002463996 0.635512 -21.43474 0.02793699 0.67856 -21.72692 0.010405 0.696145 -22.00893 0.02001899 0.59648 -22.46495 -0.02673 0.684023 -22.71287 -0.03763699 0.574839 -23.06644 0.03558099 0.590571 -23.37991 -0.002428948 0.575749 -23.64611 0.03883194 0.550635 -23.97056 0.05131697 0.5649 -24.34693 -0.034024 0.561178 -24.6414 -0.003219962 0.61968 -24.95837 -0.01134097 0.57129 -25.36485 0.05691599 0.570977 -25.60924 0.01669198 0.514346 -25.90325 0.01098895 0.531037 -26.32873 0.07262396 0.544993 -26.60453 0.02935695 0.479194 -26.9541 -0.04964697 0.553102 -27.29679 -0.03731995 0.484716 -27.55482 -0.06116396 0.501167 -27.9052 -0.04712796 0.48331 -28.19006 -0.05595999 0.460832 -28.47413 -0.01481395 0.551081 -28.87103 0.001071989 0.499664 -29.11809 0.008545994 0.506222 -29.55509 0.037072 0.486706 -29.86419 -8.68e-4 0.46481 -30.18506 -0.01268798 0.448492 -30.44326 -0.002530992 0.45802 -30.85327 0.04860496 0.478769 -31.14292 -0.02806097 0.435609 -31.45989 -0.02976596 0.438456 -31.76536 0.03603899 0.362363 -32.11838 -0.002505958 0.586655 -0.280641 -0.771678 0.645604 -0.629206 -0.818093 0.602895 -0.990148 -0.803489 0.577685 -1.311776 -0.868882 0.587931 -1.604892 -0.880738 0.577069 -1.946137 -0.905137 0.533537 -2.296469 -0.837125 0.549684 -2.579337 -0.882832 0.601619 -2.929622 -0.81243 0.556421 -3.222449 -0.891797 0.540329 -3.561588 -0.882526 0.557261 -3.884739 -0.82064 0.58024 -4.204942 -0.808514 0.567487 -4.52657 -0.857779 0.556762 -4.8429 -0.839746 0.488529 -5.196426 -0.865389 0.523176 -5.55882 -0.764983 0.515717 -5.855234 -0.785592 0.574348 -6.157684 -0.721387 0.575581 -6.540014 -0.721441 0.50555 -6.862902 -0.795098 0.559562 -7.171728 -0.756695 0.542176 -7.397655 -0.750064 0.474372 -7.833458 -0.779296 0.473137 -8.16337 -0.780753 0.506276 -8.446803 -0.76779 0.475196 -8.741505 -0.781616 0.508716 -9.072091 -0.719861 0.49526 -9.393963 -0.790544 0.526013 -9.668404 -0.739316 0.435601 -10.0661 -0.681087 0.43509 -10.37121 -0.745339 0.494681 -10.78281 -0.683644 0.490753 -11.06285 -0.689259 0.456903 -11.35308 -0.653151 0.386311 -11.71137 -0.693732 0.461167 -12.1129 -0.693493 0.49788 -12.33234 -0.756676 0.481002 -12.62209 -0.670896 0.4278 -12.95501 -0.628862 0.446611 -13.30728 -0.701641 0.474456 -13.62623 -0.721085 0.42163 -13.96797 -0.713492 0.440904 -14.27537 -0.660518 0.46955 -14.58756 -0.619141 0.490591 -14.89748 -0.624641 0.424774 -15.29756 -0.581351 0.371085 -15.61826 -0.670338 0.442918 -15.84912 -0.646197 0.423524 -16.26281 -0.586783 0.356001 -16.55423 -0.569951 0.415934 -16.85824 -0.635308 0.437899 -17.15971 -0.630492 0.393143 -17.50596 -0.584848 0.370139 -17.88367 -0.628439 0.384085 -18.09316 -0.597561 0.35567 -18.49822 -0.517888 0.409842 -18.77782 -0.517973 0.359213 -19.15612 -0.532919 0.387506 -19.46242 -0.630675 0.302234 -19.83745 -0.580196 0.379598 -20.14715 -0.586868 0.357765 -20.43335 -0.550041 0.341453 -20.81036 -0.547783 0.327043 -21.07118 -0.546718 0.373161 -21.43551 -0.516668 0.396693 -21.75392 -0.599344 0.352816 -22.04022 -0.568598 0.341561 -22.32937 -0.506393 0.353862 -22.70755 -0.517091 0.361828 -23.01322 -0.480793 0.335662 -23.44801 -0.498557 0.30807 -23.64301 -0.507878 0.327672 -24.02607 -0.470688 0.291258 -24.32719 -0.534113 0.291651 -24.60023 -0.476105 0.334025 -24.93402 -0.481753 0.29301 -25.33647 -0.496345 0.302402 -25.58152 -0.441849 0.286443 -25.92574 -0.434093 0.312445 -26.36237 -0.429649 0.328207 -26.60119 -0.439791 0.285305 -26.95043 -0.410036 0.332006 -27.27084 -0.458617 0.276651 -27.65345 -0.407017 0.22475 -27.92527 -0.447855 0.294271 -28.16811 -0.41902 0.252255 -28.59465 -0.414483 0.292267 -28.90774 -0.412127 0.237703 -29.21682 -0.389856 0.275149 -29.52755 -0.423804 0.186721 -29.81666 -0.355597 0.277887 -30.20152 -0.38102 0.258384 -30.42927 -0.388987 0.258977 -30.83559 -0.379545 0.1747159 -31.19336 -0.390514 0.221154 -31.47021 -0.371251 0.239499 -31.79476 -0.330395 0.225885 -32.14596 -0.295503 -0.283157 -0.376082 -0.956834 -0.448118 -0.627338 -0.913629 -0.358701 -0.970076 -0.898028 -0.368902 -1.329432 -0.916498 -0.397725 -1.653682 -0.97775 -0.465947 -1.903833 -0.93543 -0.368636 -2.282076 -0.907688 -0.390186 -2.635489 -0.950433 -0.370331 -2.928849 -0.945371 -0.397373 -3.2366 -0.960148 -0.343433 -3.568051 -0.967412 -0.406118 -3.876977 -0.951497 -0.389301 -4.246666 -0.95498 -0.386811 -4.541745 -0.934866 -0.397033 -4.883312 -0.93952 -0.37972 -5.185559 -0.913933 -0.359748 -5.552496 -0.857244 -0.364274 -5.871646 -0.894179 -0.360149 -6.09181 -0.84645 -0.345011 -6.505324 -0.816245 -0.318008 -6.821932 -0.863246 -0.375543 -7.154282 -0.858934 -0.368142 -7.449248 -0.876592 -0.35246 -7.872845 -0.815581 -0.375981 -8.086773 -0.846014 -0.366018 -8.41854 -0.914199 -0.310187 -8.761334 -0.88194 -0.367388 -9.136085 -0.846218 -0.358257 -9.407488 -0.909 -0.36606 -9.676919 -0.860275 -0.343805 -10.07745 -0.787634 -0.33168 -10.37183 -0.807534 -0.38837 -10.70581 -0.730583 -0.328262 -11.08519 -0.794982 -0.305881 -11.36996 -0.773595 -0.330559 -11.65049 -0.710941 -0.333341 -12.00802 -0.739141 -0.334626 -12.35377 -0.760402 -0.294514 -12.64505 -0.7751 -0.276425 -12.96089 -0.747559 -0.309022 -13.32298 -0.794496 -0.345251 -13.61794 -0.819361 -0.321506 -13.93051 -0.742052 -0.297615 -14.30229 -0.684218 -0.31083 -14.5878 -0.690283 -0.310922 -14.87798 -0.713978 -0.273346 -15.23077 -0.657257 -0.276738 -15.5763 -0.750709 -0.306032 -15.88773 -0.710486 -0.2497929 -16.25469 -0.685306 -0.275761 -16.54768 -0.653033 -0.289279 -16.86115 -0.728715 -0.278538 -17.1755 -0.71607 -0.237033 -17.53322 -0.63345 -0.238871 -17.84557 -0.706201 -0.279174 -18.09103 -0.661055 -0.233361 -18.46179 -0.625695 -0.2902 -18.76814 -0.592 -0.282517 -19.14701 -0.574192 -0.299933 -19.45575 -0.639166 -0.265453 -19.70528 -0.592126 -0.312742 -20.15851 -0.631925 -0.294628 -20.40977 -0.607659 -0.237619 -20.82664 -0.601441 -0.246523 -21.03257 -0.62622 -0.205359 -21.45154 -0.574875 -0.284446 -21.74343 -0.687103 -0.265528 -22.03484 -0.656749 -0.213729 -22.27038 -0.554533 -0.249552 -22.7655 -0.587395 -0.236486 -22.92053 -0.573475 -0.196573 -23.41138 -0.573582 -0.199801 -23.68693 -0.527483 -0.20117 -24.08793 -0.51018 -0.19248 -24.32691 -0.554919 -0.26653 -24.62596 -0.503192 -0.164203 -24.97702 -0.544039 -0.20265 -25.32695 -0.542907 -0.24435 -25.60827 -0.491481 -0.200248 -25.95973 -0.468033 -0.198324 -26.31796 -0.551015 -0.213098 -26.58448 -0.517007 -0.237751 -26.91451 -0.471588 -0.1995249 -27.27182 -0.518301 -0.258073 -27.5221 -0.44449 -0.211335 -27.90148 -0.435984 -0.176351 -28.21884 -0.475962 -0.196434 -28.52058 -0.465922 -0.172025 -28.91127 -0.481344 -0.162769 -29.23895 -0.429029 -0.1951529 -29.53229 -0.433606 -0.183438 -29.86442 -0.406917 -0.171726 -30.18199 -0.43578 -0.172654 -30.45768 -0.392962 -0.201761 -30.84819 -0.442927 -0.116602 -31.12529 -0.410233 -0.162837 -31.45758 -0.432515 -0.156763 -31.72668 -0.389317 -0.127826 -32.12559 -0.337007 -0.988455 -0.356817 -0.168218 -1.017829 -0.607324 -0.17179 -0.958382 -0.978272 -0.235595 -1.009633 -1.328727 -0.164328 -1.122808 -1.632504 -0.222998 -1.073628 -1.904084 -0.189122 -0.935178 -2.292068 -0.193709 -0.948484 -2.592407 -0.202628 -1.018497 -2.935212 -0.166113 -0.980722 -3.271465 -0.206569 -1.045823 -3.564946 -0.195158 -0.960073 -3.855526 -0.199918 -0.986513 -4.17761 -0.200133 -1.031069 -4.57549 -0.1710759 -1.017243 -4.827193 -0.148672 -0.928604 -5.105188 -0.211563 -0.925169 -5.475373 -0.222015 -0.953809 -5.901508 -0.208887 -0.935525 -6.099082 -0.209422 -0.894424 -6.449063 -0.204445 -0.914705 -6.839711 -0.1788409 -0.947371 -7.137853 -0.13576 -0.880419 -7.482641 -0.220739 -0.915541 -7.760662 -0.1326259 -0.905917 -8.169066 -0.11855 -0.927788 -8.436727 -0.231777 -0.874904 -8.754953 -0.165517 -0.864344 -9.097483 -0.161127 -0.891033 -9.407001 -0.232535 -0.853455 -9.676167 -0.190828 -0.829768 -10.06836 -0.116602 -0.843797 -10.39393 -0.13639 -0.848335 -10.64253 -0.165567 -0.812766 -11.10567 -0.1657 -0.815345 -11.3859 -0.147287 -0.843131 -11.58708 -0.14735 -0.798762 -12.01482 -0.167134 -0.860709 -12.34921 -0.181484 -0.863961 -12.62647 -0.1937299 -0.804761 -12.95936 -0.154311 -0.798329 -13.32275 -0.206062 -0.796755 -13.60862 -0.188684 -0.735378 -13.92817 -0.162122 -0.72277 -14.30976 -0.133872 -0.80193 -14.64792 -0.130307 -0.752867 -14.8752 -0.149412 -0.714504 -15.23554 -0.150412 -0.709136 -15.60807 -0.146192 -0.708658 -15.90797 -0.1356649 -0.706881 -16.18562 -0.122759 -0.703971 -16.57962 -0.216817 -0.7963 -16.85176 -0.171211 -0.738944 -17.2081 -0.1267189 -0.656958 -17.49675 -0.135226 -0.682828 -17.86603 -0.127053 -0.737208 -18.18355 -0.1400769 -0.629625 -18.51101 -0.105033 -0.628935 -18.79608 -0.06449896 -0.624933 -19.16625 -0.15014 -0.636486 -19.46947 -0.124199 -0.640992 -19.74453 -0.13712 -0.674574 -20.16381 -0.12395 -0.633238 -20.39306 -0.137355 -0.66931 -20.75173 -0.113777 -0.600892 -21.05517 -0.116163 -0.680211 -21.40166 -0.137322 -0.633184 -21.75245 -0.102869 -0.581796 -22.03281 -0.150301 -0.566735 -22.43648 -0.09870797 -0.661085 -22.72311 -0.124734 -0.602133 -23.02842 -0.137724 -0.565004 -23.34597 -0.116622 -0.564035 -23.61525 -0.101699 -0.512672 -24.04339 -0.107236 -0.564314 -24.34232 -0.08082801 -0.56817 -24.71019 -0.134373 -0.583972 -24.93083 -0.08549296 -0.555743 -25.31549 -0.05537098 -0.540514 -25.62484 -0.101599 -0.527912 -25.98222 -0.135016 -0.506546 -26.29867 -0.05003994 -0.548935 -26.59936 -0.06866395 -0.489023 -26.92889 -0.109993 -0.486395 -27.24975 -0.09066998 -0.467726 -27.53565 -0.105264 -0.474426 -27.96974 -0.08028495 -0.495468 -28.14818 -0.09828096 -0.479367 -28.51502 -0.103565 -0.476399 -28.87753 -0.107392 -0.43394 -29.21443 -0.05811196 -0.469238 -29.51955 -0.107138 -0.419701 -29.85416 -0.04480499 -0.496282 -30.20377 -0.104587 -0.42867 -30.49726 -0.112242 -0.483704 -30.7984 -0.07985895 -0.408836 -31.20952 -0.08833998 -0.452243 -31.57927 -0.09865999 -0.481373 -31.77521 -0.09302598 -0.37599 -32.11413 -0.02777999 -0.765338 -0.386054 0.684831 -0.653933 -0.679744 0.741904 -0.738534 -0.969275 0.665433 -0.744634 -1.317796 0.68518 -0.737254 -1.628446 0.784185 -0.801401 -1.912223 0.802784 -0.729817 -2.315007 0.659953 -0.706262 -2.590836 0.746677 -0.69707 -2.89715 0.695998 -0.761696 -3.261213 0.720366 -0.705261 -3.589037 0.728099 -0.694793 -3.886818 0.661307 -0.717255 -4.187668 0.724321 -0.66129 -4.556585 0.763339 -0.708916 -4.858104 0.770822 -0.670758 -5.181853 0.731097 -0.662393 -5.507388 0.630311 -0.729724 -5.866733 0.698115 -0.697838 -6.169166 0.615653 -0.591563 -6.513793 0.666511 -0.683215 -6.863463 0.660531 -0.681611 -7.14967 0.717932 -0.673255 -7.444629 0.643775 -0.665484 -7.809221 0.591804 -0.596201 -8.068202 0.655735 -0.685681 -8.418887 0.665754 -0.670838 -8.743685 0.670561 -0.668751 -9.081791 0.594083 -0.653063 -9.458223 0.663147 -0.64248 -9.70397 0.609722 -0.549771 -10.03305 0.655622 -0.578247 -10.37838 0.609189 -0.581616 -10.72931 0.629637 -0.60031 -11.00898 0.645564 -0.572196 -11.3465 0.636015 -0.658329 -11.69857 0.521466 -0.57306 -11.98622 0.559629 -0.619234 -12.32771 0.635556 -0.568403 -12.62888 0.561073 -0.540685 -12.97098 0.531628 -0.580172 -13.34154 0.614279 -0.608849 -13.62573 0.617923 -0.512318 -13.96758 0.570891 -0.514315 -14.2661 0.520582 -0.547695 -14.59777 0.505304 -0.540936 -14.86538 0.554221 -0.472437 -15.29684 0.570429 -0.561166 -15.58848 0.524057 -0.533096 -15.86554 0.524711 -0.462094 -16.21861 0.495147 -0.502222 -16.62278 0.490151 -0.541053 -16.84623 0.522056 -0.524533 -17.14691 0.512228 -0.516939 -17.55997 0.447475 -0.509981 -17.84406 0.536383 -0.50968 -18.12177 0.462545 -0.517342 -18.46238 0.452627 -0.477624 -18.8208 0.441013 -0.498074 -19.10677 0.431568 -0.465789 -19.4494 0.492555 -0.426352 -19.77097 0.525359 -0.465887 -20.12682 0.514609 -0.446216 -20.44329 0.496738 -0.491032 -20.76799 0.460612 -0.478948 -21.05159 0.496099 -0.432355 -21.40508 0.431496 -0.448638 -21.75576 0.529621 -0.465842 -21.99735 0.497495 -0.413979 -22.35115 0.446238 -0.44291 -22.72627 0.501735 -0.441765 -23.05116 0.443731 -0.448871 -23.4316 0.451621 -0.426803 -23.64706 0.449 -0.35424 -23.96074 0.428427 -0.411792 -24.34974 0.428315 -0.392793 -24.68691 0.394099 -0.44136 -24.97036 0.426675 -0.383973 -25.38358 0.438764 -0.374108 -25.6562 0.38266 -0.321921 -26.00182 0.376299 -0.340503 -26.26826 0.353708 -0.385712 -26.55906 0.423379 -0.387884 -26.9408 0.386745 -0.360508 -27.28171 0.398659 -0.387481 -27.57362 0.338783 -0.325086 -27.86963 0.365172 -0.377425 -28.22413 0.338088 -0.338389 -28.53297 0.30711 -0.323424 -28.89729 0.366423 -0.316505 -29.27887 0.358518 -0.369829 -29.53756 0.332492 -0.299126 -29.81307 0.3613 -0.381896 -30.17563 0.357036 -0.27414 -30.49198 0.322228 -0.284812 -30.81908 0.318985 -0.325811 -31.12331 0.316187 -0.338419 -31.54448 0.29837 -0.291238 -31.80134 0.285572 -0.345312 -32.11698 0.256056 0.400381 -0.36614 0.91219 0.421558 -0.670577 0.887971 0.422529 -0.969545 0.887916 0.397395 -1.309125 0.898877 0.453176 -1.606737 0.953206 0.418276 -1.924163 0.968408 0.411997 -2.29873 0.910335 0.315088 -2.609842 0.973472 0.419828 -2.991077 0.918268 0.412859 -3.233932 0.961313 0.398755 -3.533882 0.939244 0.33048 -3.885531 0.965808 0.38906 -4.256052 0.92806 0.398479 -4.504844 0.921858 0.407289 -4.8708 0.943448 0.377229 -5.184433 0.909619 0.346028 -5.613524 0.91065 0.414527 -5.81314 0.909466 0.31403 -6.099144 0.837811 0.390886 -6.570013 0.8042 0.373753 -6.898994 0.889437 0.369141 -7.081923 0.882776 0.358837 -7.455139 0.809472 0.324283 -7.739393 0.820169 0.334099 -8.090085 0.854714 0.373135 -8.440937 0.884786 0.368238 -8.744601 0.823289 0.331408 -9.066843 0.851307 0.37663 -9.405038 0.914261 0.338676 -9.673163 0.832445 0.324012 -10.02251 0.767254 0.372392 -10.36664 0.813027 0.318314 -10.64295 0.770326 0.355127 -10.9972 0.785465 0.321893 -11.37265 0.761372 0.317134 -11.63644 0.748877 0.277224 -12.03809 0.72288 0.326567 -12.32627 0.768319 0.317672 -12.64417 0.783607 0.342948 -12.93403 0.732419 0.303164 -13.32703 0.787151 0.345596 -13.63316 0.802251 0.35708 -13.95362 0.737423 0.292094 -14.27713 0.69361 0.370601 -14.59158 0.717508 0.305757 -14.84628 0.737627 0.270883 -15.22791 0.682238 0.2223269 -15.60138 0.732272 0.273892 -15.85332 0.72752 0.229733 -16.22682 0.687222 0.265347 -16.56446 0.62243 0.259636 -16.85241 0.717328 0.261469 -17.19545 0.698871 0.269483 -17.57244 0.637654 0.299154 -17.8551 0.740892 0.296869 -18.13731 0.651429 0.230123 -18.43699 0.658326 0.248269 -18.77555 0.621167 0.234224 -19.19848 0.662629 0.255707 -19.43823 0.670896 0.247184 -19.79333 0.598365 0.315056 -20.10955 0.629733 0.274626 -20.40694 0.629198 0.225634 -20.79651 0.610089 0.271717 -21.07481 0.644825 0.280396 -21.37215 0.552446 0.284373 -21.75952 0.669418 0.262696 -22.06278 0.64391 0.192166 -22.3917 0.573683 0.244365 -22.7217 0.608938 0.204322 -23.06874 0.554725 0.214669 -23.38517 0.579171 0.20541 -23.63804 0.521793 0.192443 -24.09878 0.546656 0.220793 -24.31294 0.575932 0.196606 -24.75251 0.545508 0.222557 -24.9248 0.540822 0.24243 -25.33219 0.494612 0.183046 -25.53682 0.530014 0.227518 -26.04479 0.472574 0.1935729 -26.27984 0.484871 0.2082419 -26.60512 0.549314 0.235202 -26.95775 0.464022 0.18616 -27.27357 0.523394 0.1519449 -27.57851 0.501893 0.1561149 -27.89168 0.451763 0.167466 -28.16286 0.518865 0.174154 -28.54051 0.432114 0.234762 -28.88885 0.462411 0.10292 -29.1447 0.439416 0.193199 -29.55136 0.483413 0.211015 -29.83432 0.405122 0.167517 -30.15339 0.441537 0.153457 -30.41944 0.444642 0.162396 -30.88832 0.41834 0.143505 -31.17118 0.425901 0.1759189 -31.5331 0.388661 0.15747 -31.76636 0.39837 0.18215 -32.13518 0.362294 0.99138 -0.317729 0.255464 0.963669 -0.690233 0.1632 0.987487 -0.988422 0.178065 1.051376 -1.404837 0.223711 1.114001 -1.633857 0.210597 1.06551 -1.942924 0.178167 1.015208 -2.3261 0.229408 1.016347 -2.571343 0.1518149 1.003986 -2.950314 0.181192 0.99208 -3.262197 0.175158 1.017974 -3.613291 0.204623 0.978724 -3.832711 0.1762779 0.968669 -4.221011 0.148169 0.955645 -4.600246 0.188646 1.022875 -4.867092 0.184835 0.916818 -5.196933 0.145389 0.925687 -5.457729 0.218276 0.987411 -5.830642 0.16725 0.900043 -6.157176 0.257954 0.901304 -6.504049 0.156194 0.951378 -6.902323 0.203014 0.964861 -7.101705 0.192909 0.875648 -7.465734 0.166168 0.900177 -7.712102 0.130158 0.908441 -8.056292 0.157182 0.910925 -8.422091 0.1878769 0.896133 -8.701766 0.240485 0.863089 -9.084809 0.188148 0.897676 -9.410443 0.159921 0.877575 -9.699752 0.08955895 0.803478 -10.06286 0.161309 0.819734 -10.38397 0.164526 0.790143 -10.66137 0.224422 0.796614 -10.99381 0.161652 0.837664 -11.35308 0.188597 0.796255 -11.66172 0.161265 0.778734 -12.0381 0.144367 0.889325 -12.34794 0.161052 0.838806 -12.63141 0.168503 0.769028 -12.90207 0.215158 0.786082 -13.38775 0.138436 0.784383 -13.58002 0.1567 0.762167 -13.89687 0.175087 0.714074 -14.28248 0.156148 0.819383 -14.62221 0.1587589 0.780376 -14.89897 0.101125 0.713491 -15.2443 0.148828 0.717995 -15.59878 0.1932049 0.727821 -15.86072 0.201734 0.665309 -16.18494 0.218939 0.709911 -16.53279 0.148975 0.789873 -16.85946 0.158846 0.698839 -17.16026 0.139753 0.66916 -17.4572 0.130093 0.705306 -17.85962 0.131304 0.721331 -18.16454 0.129988 0.642851 -18.50879 0.195953 0.632277 -18.8364 0.133812 0.663502 -19.10378 0.117918 0.625299 -19.43806 0.165159 0.595962 -19.72661 0.135007 0.662581 -20.13168 0.170306 0.657612 -20.40062 0.146355 0.661185 -20.78842 0.172425 0.630696 -21.02978 0.157269 0.629927 -21.42893 0.120662 0.673481 -21.74682 0.08496898 0.672612 -22.00216 0.101899 0.567179 -22.37774 0.147646 0.670916 -22.7117 0.146266 0.573196 -23.0432 0.105174 0.581766 -23.35322 0.100292 0.596268 -23.67615 0.158289 0.556879 -23.98667 0.1252419 0.564665 -24.28017 0.113147 0.568112 -24.60095 0.111665 0.584485 -24.95417 0.04640996 0.589079 -25.33078 0.137444 0.565752 -25.60176 0.07526099 0.518023 -25.96363 0.134805 0.531628 -26.30023 0.116204 0.548999 -26.61929 0.116546 0.453125 -26.96033 0.139415 0.499078 -27.23088 0.09374296 0.493262 -27.47953 0.103305 0.46867 -27.88113 0.160776 0.43458 -28.20034 0.116803 0.447765 -28.52345 0.121825 0.54544 -28.86088 0.100404 0.492324 -29.11779 0.07755798 0.50164 -29.51766 0.09873998 0.478571 -29.85963 0.08016598 0.464401 -30.19868 0.08999699 0.434349 -30.43799 0.06769198 0.477697 -30.84232 0.116994 0.444253 -31.13647 0.04167896 0.410499 -31.45542 0.03036296 0.459867 -31.77595 0.11781 0.347539 -32.10569 0.104157 0.66004 -0.299112 -0.719685 0.713302 -0.65422 -0.753669 0.706216 -0.956353 -0.748109 0.68086 -1.301455 -0.741942 0.778051 -1.633854 -0.740638 0.751335 -1.928885 -0.738176 0.697834 -2.243737 -0.738506 0.721136 -2.591048 -0.719434 0.666369 -2.921446 -0.773515 0.713407 -3.23653 -0.743883 0.716002 -3.552389 -0.720991 0.723524 -3.847929 -0.698099 0.676034 -4.21308 -0.727825 0.72938 -4.524758 -0.68893 0.691244 -4.904874 -0.706399 0.706542 -5.155756 -0.652811 0.644817 -5.547792 -0.672546 0.696899 -5.805614 -0.663473 0.652776 -6.159605 -0.675941 0.597367 -6.536002 -0.699488 0.656291 -6.860877 -0.609945 0.674649 -7.179095 -0.687281 0.619623 -7.376405 -0.678956 0.619624 -7.689941 -0.622743 0.646591 -8.134672 -0.655483 0.666541 -8.432579 -0.63681 0.645648 -8.759775 -0.68086 0.643244 -9.142733 -0.652749 0.632906 -9.365164 -0.661477 0.603119 -9.687979 -0.667206 0.552736 -10.00052 -0.606933 0.612444 -10.36457 -0.602319 0.571393 -10.65426 -0.608582 0.57001 -11.01937 -0.616603 0.622764 -11.30075 -0.54362 0.569314 -11.70673 -0.494866 0.611466 -12.02908 -0.539146 0.629194 -12.3401 -0.632943 0.597504 -12.61878 -0.611512 0.584331 -13.00454 -0.531917 0.579323 -13.34064 -0.600447 0.611227 -13.60735 -0.616625 0.546401 -13.90146 -0.594393 0.499105 -14.24907 -0.566751 0.58024 -14.6145 -0.550568 0.537542 -14.91551 -0.587779 0.602963 -15.17553 -0.481034 0.539804 -15.63106 -0.513819 0.499275 -15.86018 -0.559916 0.444673 -16.24707 -0.543038 0.548174 -16.5262 -0.469565 0.505684 -16.87359 -0.537767 0.507642 -17.15452 -0.544854 0.458783 -17.51192 -0.517016 0.498495 -17.87499 -0.513734 0.518519 -18.13612 -0.485166 0.466208 -18.50002 -0.444539 0.429434 -18.83234 -0.498391 0.524267 -19.15507 -0.428499 0.521554 -19.49134 -0.466207 0.506979 -19.75888 -0.45652 0.494423 -20.1082 -0.454682 0.450094 -20.4412 -0.493124 0.501921 -20.80305 -0.443913 0.493502 -21.10243 -0.438137 0.435295 -21.44028 -0.461562 0.492135 -21.78776 -0.510732 0.465295 -22.08001 -0.478701 0.416504 -22.32968 -0.427564 0.504836 -22.72696 -0.463735 0.460778 -23.01428 -0.436209 0.419823 -23.28122 -0.431316 0.414737 -23.67216 -0.397273 0.362345 -24.0291 -0.414492 0.430248 -24.3162 -0.417247 0.408582 -24.71253 -0.373101 0.413193 -24.97006 -0.412893 0.394637 -25.36191 -0.406761 0.417687 -25.60449 -0.367872 0.343896 -25.93673 -0.374304 0.354646 -26.33655 -0.377197 0.419767 -26.59515 -0.409422 0.31302 -26.94959 -0.379086 0.383581 -27.27213 -0.418989 0.350836 -27.65043 -0.3589 0.341432 -27.8713 -0.331567 0.383507 -28.17037 -0.36523 0.377831 -28.54892 -0.299272 0.371667 -28.90908 -0.368692 0.374332 -29.19996 -0.29352 0.318494 -29.53625 -0.357869 0.347197 -29.89615 -0.257159 0.329691 -30.21607 -0.345909 0.305472 -30.4286 -0.332809 0.343142 -30.82151 -0.320847 0.295493 -31.15769 -0.265268 0.326691 -31.53045 -0.267739 0.279608 -31.81139 -0.302199 0.263273 -32.1465 -0.267807 -0.167445 -0.365841 -1.022991 -0.165418 -0.682995 -0.999195 -0.146455 -0.973953 -0.965508 -0.185205 -1.336171 -0.949516 -0.159691 -1.628556 -0.983109 -0.186587 -1.950044 -0.965453 -0.136703 -2.324845 -0.994544 -0.21128 -2.603346 -1.043265 -0.181092 -2.984059 -0.998455 -0.187662 -3.252975 -1.074889 -0.21943 -3.58696 -1.05607 -0.17824 -3.932662 -1.031722 -0.188742 -4.271773 -1.028417 -0.200794 -4.489153 -0.978787 -0.184594 -4.897679 -0.982053 -0.1744019 -5.172703 -1.002597 -0.191708 -5.567673 -0.946146 -0.1535069 -5.860231 -0.970673 -0.118443 -6.05997 -0.967788 -0.165394 -6.43687 -0.865917 -0.183737 -6.835869 -0.894784 -0.184967 -7.124367 -0.93317 -0.2332569 -7.439457 -0.896021 -0.1746219 -7.818752 -0.913716 -0.190124 -8.140812 -0.941151 -0.183228 -8.407945 -0.934032 -0.203612 -8.755012 -0.909098 -0.192173 -9.11487 -0.871072 -0.198207 -9.401923 -0.974895 -0.19319 -9.730272 -0.975461 -0.129458 -10.01686 -0.872283 -0.186812 -10.38941 -0.833983 -0.161134 -10.62732 -0.810744 -0.173231 -10.98901 -0.863083 -0.144535 -11.35174 -0.842224 -0.144782 -11.60825 -0.799112 -0.160865 -12.00826 -0.772056 -0.1607519 -12.36686 -0.803175 -0.180836 -12.67375 -0.805798 -0.175168 -12.96413 -0.80996 -0.174102 -13.31624 -0.827509 -0.186482 -13.60979 -0.82693 -0.139398 -13.9577 -0.775168 -0.122109 -14.27214 -0.728849 -0.164508 -14.61753 -0.73675 -0.142238 -14.86076 -0.765167 -0.09733998 -15.28481 -0.688139 -0.128336 -15.57857 -0.778342 -0.15674 -15.88694 -0.748323 -0.158433 -16.24846 -0.694517 -0.100197 -16.57286 -0.698185 -0.116901 -16.89985 -0.786793 -0.161227 -17.1834 -0.773702 -0.07789397 -17.53831 -0.665726 -0.158571 -17.8606 -0.790613 -0.08789199 -18.14109 -0.699808 -0.164503 -18.4833 -0.642393 -0.122872 -18.81043 -0.653112 -0.09737396 -19.12814 -0.650572 -0.173152 -19.44875 -0.682319 -0.108074 -19.74927 -0.648136 -0.1900669 -20.14642 -0.675059 -0.119011 -20.43132 -0.652069 -0.118019 -20.85191 -0.647045 -0.126051 -21.07333 -0.650498 -0.15965 -21.45295 -0.59023 -0.148512 -21.73046 -0.739526 -0.157535 -22.07204 -0.735629 -0.06680595 -22.38477 -0.580717 -0.148273 -22.76639 -0.589585 -0.104055 -23.07609 -0.561499 -0.134588 -23.41394 -0.585702 -0.116426 -23.68831 -0.55581 -0.111826 -24.07114 -0.547852 -0.130683 -24.32016 -0.597897 -0.08568197 -24.60896 -0.565331 -0.09408098 -24.94794 -0.600038 -0.132351 -25.34449 -0.571963 -0.04823499 -25.61602 -0.548639 -0.116314 -25.94915 -0.481892 -0.114401 -26.32481 -0.598477 -0.101806 -26.59918 -0.545586 -0.06820398 -26.89543 -0.53258 -0.115013 -27.27437 -0.550098 -0.06135898 -27.65265 -0.462654 -0.104687 -27.95546 -0.49143 -0.106506 -28.20928 -0.495758 -0.113401 -28.50465 -0.48641 -0.116024 -28.89877 -0.505123 -0.100379 -29.16075 -0.44849 -0.04408496 -29.55746 -0.489785 -0.1096709 -29.83974 -0.415596 -0.117187 -30.19381 -0.459614 -0.05774897 -30.52195 -0.441372 -0.08849996 -30.83237 -0.447584 -0.06296497 -31.11841 -0.44865 -0.09237796 -31.45798 -0.460798 -0.09871 -31.73141 -0.410521 -0.08448398 -32.13137 -0.351293 -0.918743 -0.338764 -0.323363 -0.956729 -0.646973 -0.397528 -0.926471 -0.995711 -0.345747 -0.927456 -1.312028 -0.410365 -1.055579 -1.63934 -0.431076 -0.984198 -1.901523 -0.422663 -0.909437 -2.231573 -0.38075 -0.889946 -2.58171 -0.436252 -0.899951 -2.93565 -0.413551 -0.987208 -3.230561 -0.396135 -0.931073 -3.569687 -0.383979 -0.904257 -3.881644 -0.364211 -0.885008 -4.19235 -0.390763 -0.93145 -4.516852 -0.385489 -0.895374 -4.892527 -0.367514 -0.873664 -5.118694 -0.305671 -0.868272 -5.567583 -0.414237 -0.894943 -5.792956 -0.403816 -0.885364 -6.138208 -0.351943 -0.861028 -6.473318 -0.325229 -0.830146 -6.797124 -0.347766 -0.858589 -7.134571 -0.403016 -0.867832 -7.474922 -0.355948 -0.839722 -7.73153 -0.38047 -0.82756 -8.122011 -0.398361 -0.894171 -8.443073 -0.315859 -0.798316 -8.725347 -0.365761 -0.788008 -9.039673 -0.366381 -0.858002 -9.401569 -0.323239 -0.817152 -9.6508 -0.329102 -0.763352 -10.0785 -0.290517 -0.791546 -10.33909 -0.363737 -0.782776 -10.79297 -0.289259 -0.767207 -11.03402 -0.30757 -0.791338 -11.35733 -0.362043 -0.711215 -11.64767 -0.273215 -0.782649 -12.09461 -0.316585 -0.829875 -12.32583 -0.335126 -0.839009 -12.63968 -0.34082 -0.748101 -12.95318 -0.313982 -0.778059 -13.32056 -0.297677 -0.80208 -13.63807 -0.322561 -0.716966 -13.88691 -0.371358 -0.662349 -14.26622 -0.222585 -0.695972 -14.63176 -0.286484 -0.704531 -14.90583 -0.259071 -0.656903 -15.20106 -0.290149 -0.69901 -15.52041 -0.329585 -0.67079 -15.87792 -0.294189 -0.643634 -16.20825 -0.262593 -0.705612 -16.5747 -0.292678 -0.760459 -16.86632 -0.311487 -0.693117 -17.14608 -0.322956 -0.59945 -17.51753 -0.277593 -0.632174 -17.84918 -0.304278 -0.663258 -18.1842 -0.262832 -0.587483 -18.46571 -0.271261 -0.559711 -18.84326 -0.262968 -0.613022 -19.15852 -0.26548 -0.621358 -19.43913 -0.240152 -0.614753 -19.78593 -0.22336 -0.631423 -20.16475 -0.253512 -0.588478 -20.40483 -0.262273 -0.622447 -20.8152 -0.279477 -0.571811 -21.06191 -0.240573 -0.646711 -21.38657 -0.231468 -0.58301 -21.76432 -0.245781 -0.584537 -22.02268 -0.266743 -0.521545 -22.3895 -0.215094 -0.619242 -22.72027 -0.265139 -0.578741 -23.04497 -0.188048 -0.537463 -23.34907 -0.194429 -0.520858 -23.62416 -0.222726 -0.480175 -24.02617 -0.254784 -0.520694 -24.33975 -0.232416 -0.548572 -24.71243 -0.183647 -0.500283 -24.968 -0.2076759 -0.517096 -25.34441 -0.230504 -0.488045 -25.60729 -0.283693 -0.504395 -25.97261 -0.173846 -0.483918 -26.35351 -0.205848 -0.495444 -26.59543 -0.22738 -0.470419 -26.92346 -0.157723 -0.464825 -27.29905 -0.190805 -0.443728 -27.61839 -0.235556 -0.449673 -27.96812 -0.255964 -0.472115 -28.1533 -0.225314 -0.467364 -28.51797 -0.150397 -0.460206 -28.87033 -0.203196 -0.399934 -29.12287 -0.174244 -0.452662 -29.52794 -0.214817 -0.36694 -29.83999 -0.185463 -0.462957 -30.20177 -0.173358 -0.419012 -30.50277 -0.17132 -0.446988 -30.80267 -0.160611 -0.383317 -31.19087 -0.143369 -0.363771 -31.45688 -0.17928 -0.457353 -31.76249 -0.1501359 -0.336655 -32.13449 -0.170762 -0.641811 0.01208394 0.66901 -0.812002 0.006806969 0.475676 -0.823131 -0.337286 0.598487 -0.851286 -0.648937 0.526547 -0.799428 -0.964953 0.567608 -0.853618 -1.347425 0.601924 -0.903041 -1.61959 0.593962 -0.903488 -1.911746 0.594156 -0.829872 -2.210734 0.553237 -0.8176 -2.655404 0.580258 -0.817003 -2.995035 0.570766 -0.888018 -3.296846 0.550426 -0.860463 -3.499559 0.577022 -0.800817 -3.866056 0.561458 -0.858276 -4.23974 0.497636 -0.810786 -4.57074 0.552917 -0.78309 -4.838744 0.557904 -0.833266 -5.163135 0.467892 -0.81827 -5.582025 0.499423 -0.820351 -5.863102 0.559063 -0.766369 -6.125437 0.552253 -0.777525 -6.407471 0.471078 -0.746331 -6.861656 0.55207 -0.79916 -7.095667 0.531741 -0.726736 -7.46362 0.549234 -0.761215 -7.837461 0.524943 -0.762432 -8.092031 0.46426 -0.765337 -8.454129 0.544166 -0.74609 -8.806845 0.537804 -0.784517 -9.102949 0.499638 -0.734374 -9.450948 0.511428 -0.740553 -9.671372 0.512118 -0.732212 -10.06049 0.430935 -0.696233 -10.35039 0.451918 -0.69127 -10.71456 0.411823 -0.711149 -10.9872 0.452657 -0.740571 -11.36513 0.473431 -0.685425 -11.7037 0.472836 -0.687533 -12.01725 0.454678 -0.725419 -12.34999 0.479508 -0.698031 -12.66275 0.461149 -0.694069 -12.88673 0.417123 -0.71294 -13.34124 0.444094 -0.684007 -13.61672 0.490414 -0.638237 -13.93154 0.427735 -0.563808 -14.29045 0.428202 -0.589282 -14.61954 0.449673 -0.671408 -14.90036 0.394542 -0.609415 -15.32003 0.417269 -0.620102 -15.60888 0.455399 -0.601075 -15.90374 0.41268 -0.588224 -16.2086 0.374423 -0.631702 -16.63978 0.385636 -0.671467 -16.85205 0.387389 -0.630573 -17.15361 0.412282 -0.556378 -17.56145 0.411973 -0.606135 -17.82689 0.388365 -0.620814 -18.101 0.370523 -0.587976 -18.49662 0.396901 -0.569094 -18.82907 0.373551 -0.528426 -19.09719 0.387821 -0.55392 -19.44676 0.396034 -0.504801 -19.85196 0.358502 -0.612068 -20.15934 0.341518 -0.522025 -20.4218 0.360866 -0.566209 -20.77934 0.408242 -0.541656 -21.07603 0.380203 -0.504319 -21.4099 0.35157 -0.547098 -21.73637 0.366946 -0.565785 -22.02986 0.36437 -0.442347 -22.37016 0.3541 -0.546196 -22.71497 0.351478 -0.492454 -23.06365 0.360307 -0.521333 -23.40837 0.281222 -0.46257 -23.60496 0.387608 -0.442308 -24.05434 0.312901 -0.499402 -24.34502 0.314539 -0.482964 -24.6225 0.297908 -0.484357 -24.96559 0.361245 -0.473074 -25.32536 0.279771 -0.435486 -25.5927 0.305353 -0.418794 -25.99039 0.279363 -0.457892 -26.34193 0.281933 -0.469613 -26.59616 0.294601 -0.434906 -26.96387 0.315106 -0.457624 -27.30514 0.264872 -0.445062 -27.55984 0.297399 -0.415926 -27.99279 0.272205 -0.41375 -28.22523 0.296306 -0.397607 -28.51051 0.26432 -0.442834 -28.87906 0.231693 -0.367839 -29.10715 0.287312 -0.418254 -29.52725 0.29154 -0.356937 -29.90196 0.220648 -0.440736 -30.17825 0.298488 -0.368202 -30.56709 0.229108 -0.387911 -30.83992 0.2012 -0.361502 -31.13761 0.25873 -0.387877 -31.54374 0.252169 -0.319846 -31.81013 0.246653 -0.400449 -32.1278 0.23264 -0.893574 -0.009285986 0.373301 0.211115 -32.93799 0.252272 0.237968 -32.93051 0.196981 0.325659 -32.95006 -0.03919398 0.312269 -32.94891 -0.06839996 0.113772 -33.0233 -0.275001 0.051633 -32.91009 -0.322389 -0.208644 -32.9244 -0.273224 -0.257097 -32.93449 -0.243713 -0.357362 -32.90494 0.02437597 -0.35505 -32.90721 0.07031196 -0.192133 -32.91009 0.293051 -0.149749 -32.92376 0.292706 0.174401 -32.94789 0.291158 0.334108 -32.94223 -0.01476597 0.216485 -32.91338 -0.246529 -0.138948 -32.93198 -0.289872 -0.312093 -32.96464 -0.101344 -0.230316 -32.90668 0.261197 0.143847 -32.9475 0.306167 0.321689 -32.93952 0.02128595 0.254643 -32.9187 -0.225793 -0.05385595 -32.92638 -0.314464 -0.312591 -32.95771 -0.149635 -0.264051 -32.89964 0.1941789 0.100021 -32.9448 0.306837 0.299094 -32.91556 0.08201897 0.279585 -32.91508 -0.197386 -0.003149986 -32.91509 -0.329014 -0.294768 -32.94694 -0.1971859 -0.33217 -32.90459 0.106525 -0.062415 -33.00493 0.279785 0.002717971 -33.02951 0.291137 -0.071886 -33.12652 -0.244092 -0.110821 -33.13759 -0.200417 -0.271811 -33.12393 -0.021519 -0.25316 -33.1519 0.02963197 -0.1763229 -33.19954 0.1736429 -0.13828 -33.21348 0.191349 0.05628997 -33.1417 0.248498 0.1689749 -33.12514 0.167398 0.268865 -33.15027 0.03899794 0.269806 -33.15393 0.004380941 0.179128 -33.17073 -0.120774 0.115176 -33.13024 -0.249052 -0.01211899 -33.13783 -0.268812 -0.186976 -33.20287 -0.08185696 -0.216237 -33.18978 0.141592 0.03837096 -33.1341 0.271959 0.255964 -33.14466 0.08680099 0.216001 -33.14857 -0.105917 0.01332998 -33.1343 -0.287962 -0.169852 -33.206 -0.119174 -0.2427459 -33.16938 0.11283 -0.009256958 -33.12965 0.281107 0.019005 -33.14019 0.27215 0.233862 -33.13806 0.119767 0.249814 -33.15103 -0.06954097 0.05922096 -33.14399 -0.273015 -0.1585569 -33.18134 -0.139168 -0.257164 -33.16082 0.06778997 -0.105312 -33.21586 0.19826 0.203076 -33.12747 0.152851 0.269237 -33.15029 -0.02885496 0.09387797 -33.12762 -0.276467 0.03542995 -33.35554 -0.09041595 0.01492297 -33.36323 -0.09013199 -0.105038 -33.34518 -0.07612097 -0.122326 -33.34849 -0.06547898 -0.143245 -33.35103 0.01361197 -0.130637 -33.3476 0.03778398 -0.05866295 -33.2764 0.146883 -0.04341 -33.28089 0.138782 0.110643 -33.34885 0.06536996 0.128652 -33.34922 0.05356395 0.143581 -33.36852 -0.01595896 0.133463 -33.37346 -0.04124397 0.06437999 -33.36461 -0.08155399 -0.083117 -33.35046 -0.08334195 -0.144619 -33.35152 -0.002493977 -0.093059 -33.27422 0.139277 0.09071397 -33.35616 0.073026 0.146151 -33.37197 -7.24e-4 0.10049 -33.36187 -0.07374697 -0.05235695 -33.34558 -0.09122198 -0.142427 -33.35369 -0.03058999 -0.099985 -33.34749 0.05538499 0.080724 -33.34212 0.07982897 0.1507779 -33.35303 0.01439595 -0.03284198 -33.35445 -0.089437 -0.136676 -33.34749 -0.04668498 -0.123426 -33.34757 0.04192495 0.04996198 -33.33396 0.08602499 0.1362349 -33.35893 0.03524696 -0.009018957 -33.27866 0.13523 0.125698 -33.37224 -0.04875195 0.01496398 -33.42893 -0.01081895 0.913103 0.01377898 -0.387227 0.800614 -0.03930795 -0.543041 0.763355 0.10747 -0.488646 0.891169 0.139274 -0.368504 0.19982 0.04019999 -0.986028 0.03597199 -0.05804395 -1.002244 0.01622694 0.11817 -0.915465 0.187249 0.152898 -0.940669 0.961007 -0.04891496 -0.186615 0.911115 0.129313 -0.18343 0.319538 0.002947986 -0.93427 0.34704 0.121117 -0.869619 -0.985625 -0.02667099 -0.03084599 -0.956587 -0.03061497 0.1489289 -0.904481 0.124664 0.164302 -0.933366 0.131259 0.005389988 0.971121 -6.73e-4 0.002758979 0.942987 0.133653 -8.03e-4 0.560274 -0.03358399 -0.757802 0.468553 0.09549897 -0.756971 -0.974414 -0.04451698 -0.25044 -0.926274 0.135884 -0.181443 0.969829 -0.01931399 0.197476 0.94363 0.140393 0.191363 0.636242 0.01084297 -0.687137 0.653573 0.109284 -0.644508 -0.958071 -0.07351398 -0.311687 -0.852505 0.133276 -0.357429 0.880403 -0.002225995 0.419077 0.878241 0.137696 0.364167 -0.186103 -0.04725897 -0.940197 -0.177788 0.113479 -0.890148 -0.805989 0.026672 -0.494633 -0.777563 0.125291 -0.523518 0.32664 0.103171 0.839244 0.485671 0.102565 0.743149 0.444635 0.249177 0.67309 0.286299 0.217489 0.738451 0.818763 0.242108 0.006502985 0.815033 0.257257 0.160784 0.425659 0.230077 -0.667198 0.574865 0.241146 -0.567052 -0.370485 0.102397 -0.812202 -0.322573 0.233129 -0.726908 -0.1563709 0.245971 -0.794858 -0.817389 0.262112 -0.161168 -0.754874 0.250587 -0.320471 -0.781828 0.1281059 0.478766 -0.655574 0.113817 0.639295 -0.583862 0.254975 0.576572 -0.693209 0.257601 0.444796 0.171798 0.124481 0.908179 0.149587 0.249775 0.804561 0.752329 0.224151 0.307136 0.673223 0.2302449 -0.431318 0.02127397 0.222599 -0.805427 -0.688659 0.256264 -0.455631 -0.900599 0.13808 0.361784 -0.764063 0.251085 0.318963 -0.154208 0.118121 0.892386 1.03e-4 0.137768 0.951678 -2.15e-4 0.2312369 0.815828 -0.134305 0.234937 0.7939 0.767132 0.115043 0.490332 0.689174 0.259533 0.454454 0.763578 0.2397519 -0.304059 0.165183 0.221957 -0.799029 -0.666389 0.122812 -0.660054 -0.580383 0.2405419 -0.569729 -0.811318 0.258041 0.154224 -0.373648 0.104515 0.819908 -0.320464 0.209248 0.725153 0.634753 0.09518897 0.627531 0.56328 0.234143 0.557928 0.801499 0.247472 -0.174314 0.294757 0.24111 -0.758551 -0.484659 0.100706 -0.764876 -0.42633 0.213735 -0.667939 -0.816811 0.242202 0.009654998 -0.460323 0.1043519 0.766829 -0.429302 0.236377 0.674258 -0.113856 0.265067 0.580743 -0.237245 0.248767 0.538719 0.49442 0.29948 0.331262 0.429649 0.269902 0.407715 0.548493 0.268183 -0.223444 0.58168 0.275728 -0.116672 0.123991 0.258749 -0.577518 0.225832 0.274024 -0.548377 -0.424478 0.275441 -0.414357 -0.340186 0.251814 -0.481094 -0.583247 0.294589 0.117199 -0.593155 0.276145 -0.009735941 -0.338171 0.269677 0.486369 0.330475 0.285422 0.493894 0.593082 0.274679 0.00583899 0.334434 0.261958 -0.487583 -0.217742 0.267747 -0.550641 -0.583833 0.298399 -0.115205 -0.419065 0.291157 0.421955 0.2088569 0.258456 0.552228 0.583249 0.288257 0.11506 0.418338 0.27511 -0.420557 -0.118189 0.286201 -0.582452 -0.550673 0.284895 -0.223226 -0.49338 0.283857 0.330991 0.1182039 0.286061 0.582437 0.538636 0.265575 0.244535 0.487498 0.261554 -0.334437 -0.01822096 0.257743 -0.589999 -0.494453 0.292171 -0.330545 -0.550493 0.281592 0.222843 0.009198963 0.267497 0.592026 -0.184617 0.295431 0.186199 -0.215205 0.292404 0.148393 0.07983195 0.284659 0.2456319 0.05203795 0.29318 0.256412 0.256935 0.294143 0.05070197 0.230008 0.289179 0.120121 0.183573 0.288392 -0.1845279 0.210014 0.283148 -0.150613 -0.05203396 0.293241 -0.256429 -0.01998096 0.284231 -0.257381 -0.244383 0.293302 -0.093248 -0.2180809 0.295864 -0.145775 -0.244022 0.291833 0.09308397 0.01151096 0.286325 0.259128 -0.04980099 0.284032 0.254052 0.218528 0.299088 0.146428 0.241281 0.285564 -0.09513998 0.06034594 0.282182 -0.250879 -0.191071 0.289561 -0.1769829 -0.257418 0.296929 0.05174297 -0.1105509 0.278404 0.231404 0.196951 0.289779 0.169688 0.255283 0.288663 -0.05121898 0.09906899 0.287919 -0.2405419 -0.156228 0.280441 -0.2041389 -0.260275 0.290764 -0.01350599 -0.15571 0.287915 0.207916 0.145455 0.2929 0.2173939 0.26018 0.28887 0.008081972 0.150628 0.283319 -0.210079 -0.08811396 0.286539 -0.244008 -0.257975 0.298611 -0.05088996 5e-6 0.298778 2.8e-5 0.082556 -0.04435497 0.994264 0.182543 -0.06765598 0.995133 -0.68469 -0.03001999 -0.702548 -0.642067 -0.02948898 -0.733004 -0.568094 -0.08587998 0.74425 -0.330152 -0.02257698 -0.888849 0.330683 0.007180988 0.911915</float_array>
          <technique_common>
            <accessor source="#_35tentacle-mesh-positions-array" count="3489" stride="3">
              <param name="X" type="float"/>
              <param name="Y" type="float"/>
              <param name="Z" type="float"/>
            </accessor>
          </technique_common>
        </source>
        <source id="_35tentacle-mesh-normals">
          <float_array id="_35tentacle-mesh-normals-array" count="10515">-0.1327699 -0.02130687 0.9909179 -0.2064702 -0.07443475 0.9756175 -0.2811211 -0.1694412 0.9445955 -0.1710563 -0.1752742 0.9695456 0.1080189 0.01380026 0.9940531 0.2493894 -0.2172314 0.9437243 0.8774164 0.009956419 0.4796262 0.8354594 -0.02818554 0.548829 0.8094953 -0.1545728 0.5664138 0.8752781 -0.1663672 0.4541036 0.8528378 0.001970469 -0.5221725 0.8818939 -0.02205163 -0.4709321 0.9122049 -0.1561651 -0.3788073 0.8565836 -0.1450648 -0.4951977 -0.01179635 0.003551304 -0.9999242 0.3932036 -0.006133198 -0.919431 0.2825411 -0.1696642 -0.9441317 -0.05048763 -0.1754272 -0.983197 -0.850471 0.02856421 -0.5252459 -0.6904613 0.02323037 -0.7229963 -0.591374 -0.1323776 -0.7954577 -0.8466321 -0.1559895 -0.5088039 -0.9024469 -0.1140078 0.4154419 -0.9791166 -0.07592463 0.1885906 -0.9453564 -0.2045492 0.2538915 -0.8287177 -0.2091002 0.519138 -0.3097937 -0.09464752 0.9460813 -0.2068482 -0.1644415 0.9644548 0.7875378 -0.06593924 0.6127286 0.7569023 -0.1490192 0.6363115 0.9690668 -0.002505958 -0.246786 0.9346751 -0.1685239 -0.3130211 0.4847268 -0.01083832 -0.8745985 0.4201375 -0.168402 -0.891698 -0.4244971 0.04012686 -0.9045398 -0.4115814 -0.136757 -0.901054 -0.9763386 -0.004803657 -0.2161941 -0.9691227 -0.1810109 -0.167441 -0.5511069 -0.06021416 0.8322593 -0.4824947 -0.1593518 0.8612816 0.6819276 -0.07535398 0.7275277 0.6369957 -0.1505823 0.756017 0.9995311 0.02440613 0.01849246 0.9893592 -0.1451014 0.01067066 0.4915189 -0.00976938 -0.8708122 0.4354778 -0.187256 -0.880508 -0.3400826 0.01521295 -0.9402725 -0.351787 -0.1463381 -0.9245709 -0.9376389 0.03634703 -0.3457054 -0.9235264 -0.1506541 -0.3527072 -0.6539313 -0.0790981 0.7524077 -0.7732467 -0.1732711 0.6099729 0.4109043 -0.01850086 0.9114908 0.4828571 -0.2078838 0.8506664 0.9766408 0.02800619 0.2130458 0.9662701 -0.1697905 0.1936317 0.6803488 -0.002950727 -0.7328826 0.6313037 -0.1603324 -0.7587814 -0.3023412 0.0164529 -0.9530578 -0.3644863 -0.1704878 -0.9154691 -0.9362411 0.03538781 -0.3495717 -0.9403772 -0.1412956 -0.3093966 -0.7124816 -0.1076015 0.6933916 -0.7712591 -0.2261906 0.5949766 -0.04105496 0.02299296 0.9988923 -0.1694602 0.0686019 0.9831465 -0.1309507 -0.01692563 0.9912444 -0.01862812 -0.03122311 0.9993389 -0.1605044 -0.03471088 0.9864247 -0.02479219 -0.003088533 0.9996879 -0.2247169 0.02311533 0.9741499 0.08685314 -0.01846879 0.99605 -0.1292987 -0.007427275 0.9915779 0.09358537 -0.06841021 0.9932582 -0.1066268 -0.01895916 0.9941185 -0.1231134 0.02965617 0.9919494 -0.1901328 0.1058242 0.9760383 -0.04554504 0.1143461 0.9923965 -0.2644841 0.05497145 0.9628221 -0.05067497 0.02740031 0.9983394 -0.135092 -0.01364994 0.9907391 -0.006656825 -0.0237053 0.9996969 -0.2382721 0.08847951 0.9671597 0.03211665 0.09059965 0.9953694 -0.273927 -0.1167965 0.9546322 0.1111126 -0.1829203 0.9768286 -0.1822025 -0.09080821 0.9790588 0.01782709 -0.08436435 0.9962755 -0.1459121 -0.02026128 0.9890902 -0.06320995 -0.004496455 0.9979901 -0.1613189 0.0717799 0.9842885 -0.1120244 0.0548073 0.9921929 -0.1190273 -0.03643113 0.9922224 -0.09609293 -0.0451976 0.9943458 -0.1797983 -0.1570598 0.9710844 -0.1215804 -0.1168989 0.9856739 -0.2839758 -0.02304702 0.9585545 -0.1455549 -0.01856464 0.989176 -0.2556959 -0.07045435 0.9641866 -0.0862081 -0.09328567 0.9919002 -0.1890959 0.01343584 0.9818668 -0.04963165 -0.0288378 0.9983512 -0.2090244 0.07790583 0.9748023 0.1112002 0.07254976 0.9911464 -0.2629417 0.1029638 0.959302 0.1192516 0.08623963 0.9891117 -0.145938 -0.1230268 0.9816143 0.06815111 -0.06542944 0.9955273 -0.2712621 -0.07351541 0.9596939 0.05042785 -0.06363713 0.9966983 -0.2674074 -0.004777371 0.9635717 0.1111395 -0.02251106 0.9935498 -0.2085133 -0.01106798 0.977957 -0.008851766 0.01955401 0.9997696 -0.2013903 -0.001962542 0.9795092 -0.001526057 -0.02554821 0.9996725 -0.1606106 0.04657286 0.9859185 0.1161659 -0.02911365 0.9928031 -0.07009547 0.04342401 0.9965947 0.1245927 0.06896197 0.9898086 -0.1592049 -0.06522351 0.9850888 0.01270925 0.009974479 0.9998695 -0.2296442 -0.1926602 0.9540156 0.03491628 -0.1952887 0.9801241 -0.2351362 -0.1172567 0.9648637 -0.03785479 -0.07549017 0.9964278 -0.2559871 0.05358892 0.9651937 0.04216426 0.003480076 0.9991047 -0.2044724 0.01708179 0.9787234 -0.01669651 0.103195 0.9945211 -0.2979192 0.04164779 0.9536822 -0.1597923 0.08121365 0.9838043 -0.2844531 -0.1214227 0.9509695 -0.09333628 -0.1560817 0.9833244 -0.2468548 -0.1136329 0.9623671 -0.002380132 -0.1646624 0.9863471 -0.1600893 0.07028555 0.9845972 0.01003795 0.02090221 0.9997311 -0.08527004 7.56854e-4 0.9963576 -0.003625869 0.0277009 0.9996098 -0.1530882 -0.07432425 0.9854136 -0.1035647 -0.03694689 0.9939363 -0.1815512 0.03708934 0.9826818 -0.09508574 0.03774392 0.9947533 -0.1527794 0.210188 0.9656499 -0.00889635 0.1493594 0.988743 -0.08487015 -0.04127246 0.9955369 0.04064434 -0.03774213 0.9984607 -0.1827598 -0.1972007 0.9631775 0.04534381 -0.1804918 0.9825308 -0.2232635 0.001168549 0.9747575 0.07204991 -0.06084972 0.9955432 -0.0760715 -0.006025791 0.9970842 0.1859845 -0.02250659 0.9822949 -0.08173877 -0.106031 0.9909977 0.00889647 -0.07816696 0.9969007 -0.1109467 -0.1036876 0.9884027 -0.04964858 -0.04601043 0.9977065 -0.2120409 0.07987922 0.9739909 -0.1677953 0.1650287 0.9719107 -0.268512 -0.01942425 0.9630806 -0.08435088 -0.08387857 0.9928995 -0.1325243 -0.122352 0.9835991 -0.02764129 -0.1326134 0.9907824 -0.0722714 0.09927672 0.9924319 0.03412258 0.07478493 0.9966158 -0.1397797 0.1614254 0.9769358 -0.1275729 0.1679661 0.9775033 -0.1594796 -0.04668599 0.9860967 0.03868877 -0.1579292 0.9866923 -0.09854978 -0.06016916 0.9933115 0.04360467 -0.01218402 0.9989746 -0.2160501 -0.02393525 0.9760889 -0.003417968 0.01422482 0.999893 -0.2655525 -0.1175316 0.9569056 -0.06042617 -0.09430903 0.9937075 -0.2174329 -0.1018779 0.970744 -0.07279485 -0.1135643 0.9908603 -0.03515487 -0.06930875 0.9969757 -0.04488146 -0.05766052 0.9973269 -0.1746956 0.07591003 0.981692 -0.1376444 0.1095734 0.9844022 -0.2342551 -0.009410619 0.9721296 -0.082933 -0.02599304 0.9962161 -0.2176789 -0.04190796 0.9751204 -0.09537166 -0.01178508 0.995372 -0.2808031 0.01214182 0.9596887 -0.04492598 0.0470137 0.9978835 -0.3860058 -0.006517767 0.9224734 -0.0441035 -0.01942652 0.9988381 -0.3608024 0.01246881 0.932559 0.02704435 -0.03851824 0.9988919 -0.1946024 -0.1008765 0.9756813 -0.01231312 -0.1324731 0.9911102 -0.1139627 0.07960075 0.990291 0.02170598 0.09073227 0.9956388 -0.1799296 0.1884753 0.9654546 0.111783 0.1875529 0.9758732 -0.1588203 -0.2499743 0.9551383 0.04918813 -0.2145327 0.9754775 -0.1394445 -0.1930016 0.9712392 -0.1066519 -0.1325923 0.9854161 -0.1086222 -0.06833368 0.9917317 -0.07169294 -0.07358253 0.9947089 -0.07480806 -0.08568775 0.9935097 -0.1303835 -0.006424784 0.9914429 -0.258331 0.006935298 0.9660317 -0.1713114 0.01058167 0.9851601 -0.3191115 -0.03832954 0.9469417 -0.02059102 -0.08390653 0.996261 -0.2873238 0.04279673 0.956877 0.1011369 0.03536009 0.9942439 -0.2252505 -0.04883605 0.9730762 -0.04907506 -0.03398358 0.9982168 -0.08327925 -0.05899673 0.9947783 -0.08456987 -0.01355105 0.9963254 -0.09132885 0.03554129 0.9951863 -0.1040462 0.09463483 0.99006 -0.17098 -0.008531093 0.9852376 -0.04822373 -0.0495463 0.997607 -0.02406972 -0.1077472 0.9938869 -0.09282088 -0.1173316 0.9887455 -0.2204559 -0.04489582 0.9743632 -0.01783698 -0.03139996 0.9993478 -0.3827552 0.1076765 0.9175535 0.01002275 0.1286218 0.9916431 -0.3006326 0.02016854 0.9535268 -0.1281413 0.06662559 0.9895156 -0.2961457 -0.05006557 0.9538298 0.01985502 -0.1014382 0.9946437 -0.1610165 -0.0880056 0.9830202 -0.170095 -0.01962471 0.9852322 -0.315441 -0.01479166 0.94883 -0.1612055 -0.03259271 0.9863826 -0.1535055 0.007760465 0.9881173 0.1024416 -0.01284658 0.9946561 -0.1911079 -0.07220172 0.97891 -0.07917624 -0.03470563 0.9962563 -0.1301532 -0.09133487 0.9872781 0.008113801 -0.1175157 0.9930379 -0.1218158 0.02137911 0.9923225 2.86549e-5 0.07282561 0.9973448 -0.3384912 0.08270663 0.9373278 0.04139107 0.0286988 0.9987308 -0.2116947 -0.02291589 0.9770672 0.1220287 -0.1052981 0.9869252 -0.03203028 -0.03832626 0.9987519 0.1859375 -0.06014895 0.9807189 -0.006842434 -0.04162359 0.9991101 0.1752684 0.003904223 0.984513 -0.1377934 -0.06427299 0.9883735 -0.01987689 -0.03642314 0.9991388 -0.1735972 -0.08153218 0.981436 -0.1178306 -0.01107186 0.992972 -0.310842 0.0420596 0.9495306 -0.1125607 -0.004178285 0.9936361 -0.1298374 0.0747931 0.9887105 0.1860052 -0.001762688 0.9825472 -0.1241132 -0.01714217 0.99212 0.2479147 -0.01610571 0.9686481 -0.06616806 -0.1448476 0.9872391 0.1767436 -0.1002141 0.9791419 0.2310538 0.01192998 0.9728679 0.247529 -0.03969842 0.9680669 0.3287914 -0.02453887 0.9440838 0.3179844 -0.03779065 0.9473425 0.0542075 0.08390325 0.9949984 9.05439e-4 -0.005485236 0.9999846 0.1513603 0.09288561 0.9841049 0.3809367 -0.08630406 0.9205645 0.3389355 -0.02232003 0.9405449 0.3461399 0.04183775 0.9372497 0.295434 -0.09548217 0.9505798 0.162907 0.006760001 0.9866183 0.1616268 -0.005677938 0.9868356 0.1265094 0.04255431 0.9910523 0.1535928 -0.04114621 0.9872772 0.1526751 -0.09922021 0.9832831 0.1586038 -0.03297924 0.9867914 0.1250374 -0.07272905 0.9894828 0.3058413 -0.1784322 0.9352129 0.3625423 0.004258155 0.9319576 0.2310655 0.1223737 0.9652116 0.2128123 -0.05098015 0.9757623 0.3010029 -0.0987792 0.9484936 0.2795225 0.02807515 0.9597286 0.2343419 0.04857337 0.9709401 0.1898257 -0.0395568 0.9810206 0.1925551 -0.06082642 0.9793992 0.1716832 0.108828 0.9791228 0.1790128 -9.1366e-4 0.9838463 0.2227675 -0.1910666 0.9559645 0.2305552 -0.08295059 0.9695172 0.1504893 0.03689259 0.987923 0.1916652 0.09452277 0.9768981 0.3178843 0.03095227 0.9476242 0.3506113 -0.19097 0.9168436 0.2299469 -0.1222972 0.9654884 0.1805691 0.02329719 0.9832863 0.1238433 0.1019161 0.9870542 0.1235959 -0.04083478 0.9914921 0.1162703 -0.002581179 0.9932143 0.1467955 0.1197029 0.9818973 0.1745577 -0.05842912 0.9829119 0.1476336 -0.1575073 0.9764199 0.2017821 -0.07564443 0.976505 0.1261579 0.07201212 0.989393 0.1082174 -0.04952776 0.9928928 0.08322942 0.006421267 0.9965098 0.2329763 0.09771251 0.9675611 0.2648804 -0.09733986 0.9593557 0.2122796 -0.1494764 0.9657092 0.1880937 0.1173671 0.9751132 0.2696681 0.09460246 0.9582951 0.2881965 -0.1508305 0.9456178 0.2347387 0.01355904 0.971964 0.1135726 0.07012355 0.991052 0.143999 -0.1083858 0.9836244 0.2068244 -0.1101148 0.9721618 0.1021785 -0.01495546 0.9946537 0.1093272 0.06355524 0.991972 0.1507996 -0.05003601 0.9872973 0.2489334 -0.03573346 0.9678612 0.2921731 0.02508997 0.9560364 0.2737221 -0.03890389 0.9610218 0.2658483 -0.007681787 0.9639844 0.1387029 -0.08662331 0.9865384 0.09553104 0.0969237 0.9906966 0.1311367 0.1757936 0.9756536 0.1632346 -0.1681663 0.9721495 0.2027319 -0.1076267 0.9733018 0.09996271 -0.02501809 0.9946767 0.07694154 0.01277881 0.9969538 0.2917486 -0.03625893 0.9558076 0.3969037 -0.1048352 0.9118536 0.3138554 0.09548342 0.9446576 0.2185926 0.01034325 0.9757615 0.05838143 0.001052677 0.9982938 0.1544075 0.04465121 0.9869978 0.2265501 -0.02927106 0.9735596 0.2010372 -0.07978737 0.9763289 0.1914319 -0.03819352 0.9807625 0.1808979 0.1342008 0.9743029 0.2372035 -0.004114747 0.9714513 0.2500045 -0.1044243 0.9625971 0.1039863 0.01148217 0.9945125 0.2092211 -0.1172374 0.9708152 0.2343952 0.03374052 0.9715558 0.1474227 -0.01706427 0.9889264 0.1348342 -0.0958516 0.9862212 0.03212207 0.08636289 0.9957458 0.3204488 -0.02406322 0.9469602 0.1672492 -0.07882177 0.9827589 0.07536643 -0.06551849 0.9950012 0.1798248 0.01828986 0.9835287 0.132826 -0.03134548 0.9906436 0.2370916 -0.01142245 0.9714202 0.2928384 -0.07294923 0.9533751 0.2724245 -0.008141756 0.9621428 0.329429 -0.03716832 0.9434486 0.2218324 -0.04486638 0.9740521 0.8938174 -0.001759827 0.4484276 0.7814872 0.01723158 0.6236834 0.8303746 -0.05752176 0.5542286 0.9313531 -0.05833661 0.3594138 0.8413706 0.05643665 0.5375041 0.9166623 0.06143265 0.3949131 0.8365904 0.1352453 0.5308722 0.8737885 0.1622844 0.4584292 0.8482497 0.1175612 0.5163836 0.8655297 0.1209314 0.4860389 0.8346899 -0.1668279 0.524844 0.8909034 -0.1381883 0.4326608 0.7837202 -0.06253677 0.6179579 0.8931599 -0.1380259 0.4280354 0.8348689 0.01508098 0.5502423 0.9022347 -0.02918577 0.4302567 0.8155969 0.09848892 0.570177 0.9124931 0.08736217 0.3996553 0.8509563 -0.03291308 0.5242044 0.9451766 -0.005567729 0.3265126 0.8144006 -0.07158708 0.5758708 0.924467 -0.06461226 0.3757476 0.8573272 -0.08432048 0.5078191 0.91653 -0.1647718 0.3644493 0.8758469 -0.01057064 0.4824733 0.9060009 0.03908616 0.4214675 0.7690473 0.1113674 0.6294154 0.9380732 0.01810663 0.3459637 0.8778791 -0.1228066 0.4628683 0.9277901 -0.1161398 0.3545663 0.8926954 -0.115342 0.4356503 0.9016366 -0.04771655 0.4298542 0.7825635 0.08648097 0.6165352 0.9226945 0.08702701 0.3755813 0.8278408 -0.09930038 0.5521042 0.9071775 -0.05671483 0.4169083 0.7860506 -0.1083006 0.6086013 0.8868653 -0.1049745 0.4499449 0.7764671 0.009024918 0.6300932 0.8992787 0.0422309 0.4353326 0.7338989 0.1017484 0.6715948 0.9009091 0.04306888 0.4318655 0.8323152 -0.04112899 0.5527748 0.8913854 -0.07926058 0.4462621 0.8669626 -0.1136747 0.4852361 0.9019881 -0.08370745 0.423569 0.8116552 2.74517e-5 0.584137 0.9018391 0.03125035 0.4309406 0.8086382 0.09621715 0.580385 0.9194713 0.03415334 0.391671 0.8607092 -0.04203182 0.507359 0.908374 -0.002824902 0.4181491 0.8182479 -0.05329895 0.5723896 0.9057337 -0.05197417 0.4206486 0.8465096 0.03699469 0.5310865 0.9411958 -0.03148823 0.3363912 0.8658848 -0.03869533 0.4987447 0.9378978 -0.0635159 0.3410476 0.8682644 -0.08805638 0.4882244 0.9248319 -0.04816728 0.3773142 0.8259195 0.01304477 0.5636373 0.949662 -0.0272895 0.3120858 0.8477643 -0.1140337 0.5179693 0.9437761 -0.07519936 0.3219192 0.8593586 -0.05634087 0.5082603 0.9295392 -0.04091393 0.3664466 0.8428614 -0.005464076 0.5381029 0.9301842 0.02309828 0.3663657 0.8143213 -0.07933014 0.5749676 0.9080809 -0.06731098 0.4133501 0.844019 -0.06199949 0.5327175 0.8778076 -0.02451026 0.478386 0.778915 0.1915506 0.5971598 0.9377944 0.1411932 0.3171849 0.8333628 0.02929735 0.5519495 0.9377691 0.05361533 0.3430956 0.8271207 -0.1880497 0.5296306 0.8942839 -0.1813489 0.4091076 0.8157591 -0.0309897 0.577561 0.9097012 -0.07165002 0.4090356 0.8831028 0.1249595 0.4522331 0.954634 0.06084656 0.2914994 0.944666 -0.1266799 0.302586 0.9585448 -0.059502 0.2786599 0.8883747 -0.2208701 0.4025006 0.9162141 -0.08375638 0.3918377 0.7543578 0.08851331 0.650469 0.9147536 0.05461448 0.4003039 0.7853119 0.05974119 0.6162114 0.9001588 0.04149621 0.4335807 0.787198 -0.1098706 0.6068343 0.9001149 -0.1273629 0.4166197 0.7889013 0.0220952 0.6141225 0.9498753 -0.03978461 0.3100875 0.8586741 -0.007204532 0.5124714 0.9439701 0.02172362 0.3293156 0.8073252 -0.120949 0.577579 0.9359967 -0.04627579 0.3489539 0.7826994 -0.05825448 0.6196678 0.9573667 -0.08207517 0.2769707 0.8014831 0.1103774 0.5877428 0.9243046 0.1082376 0.3659862 0.8473036 0.006805002 0.5310652 0.8998442 0.01118886 0.4360681 0.8290908 -0.1243069 0.5451203 0.8806997 -0.1293025 0.4556851 0.7338894 0.01565796 0.6790887 0.9053524 -0.02111357 0.4241361 0.8206866 -0.04183495 0.5698451 0.924745 -0.008066415 0.3805018 0.7937439 -0.01154214 0.6081426 0.8719392 0.03129822 0.488613 0.7527472 -0.07344597 0.6541997 0.9588758 -0.1379184 0.2480642 0.7245758 -0.08136361 0.6843756 0.9630948 -0.06292545 0.2617037 0.757095 0.08728837 0.6474472 0.9305211 0.03416061 0.3646417 0.8806449 -0.04400461 0.471729 0.9550563 -0.07923954 0.2856372 0.8930739 8.33862e-4 0.4499092 0.9478157 0.03323906 0.3170816 0.8548316 0.05114752 0.5163788 0.931273 0.0426591 0.361816 0.8499494 -0.07770264 0.521103 0.8953735 -0.01349729 0.4451115 0.7448602 -0.01820403 0.6669723 0.9077576 -0.03270316 0.4182186 0.7320423 -0.003278315 0.6812513 0.9533789 -0.08578377 0.2893267 0.8031258 0.04887717 0.5938013 0.9628574 -0.009632587 0.2698387 0.8596768 -0.05636638 0.5077191 0.9289736 -0.008802831 0.3700413 0.7747617 -0.1291822 0.6189155 0.8975425 -0.09241455 0.4311348 0.7586613 0.07131123 0.6475706 0.943401 0.0340628 0.3299004 0.8322152 -0.01640951 0.55421 0.9447366 -0.03769642 0.3256559 0.8743474 -0.1773547 0.4517323 0.925708 -0.1694246 0.3381717 0.8752773 -0.03561675 0.4823082 0.8969247 0.1253677 0.4240392 0.687561 0.02006876 0.7258493 0.9192374 0.01200258 0.3935207 0.8025568 -0.02473646 0.5960628 0.9056705 -0.06413114 0.4191041 0.8369104 0.039438 0.5459172 0.8897022 0.02289092 0.4559671 0.8371767 0.001163959 0.5469313 0.9244769 -0.03081929 0.3799904 0.8616268 0.009718358 0.5074494 0.8972736 0.06222879 0.437067 0.7227226 0.05638635 0.6888343 0.9218 0.01794481 0.3872506 0.8083649 -0.1323074 0.573621 0.9348275 -0.1548423 0.3195649 0.8200499 -0.06852531 0.5681748 0.8760251 -0.03874057 0.4807069 0.8145628 0.04059165 0.5786536 0.8874534 0.02409934 0.4602672 0.8064503 0.02503991 0.5907715 0.8890439 -0.002509415 0.4578152 0.868165 -0.05574464 0.4931351 0.9411355 -0.08836418 0.3262758 0.8812844 -0.08954203 0.4640261 0.9146806 -0.006713688 0.404122 0.7409245 0.1000878 0.6640883 0.8587291 0.06914287 0.5077438 0.7957946 0.03610605 0.6044893 0.9825507 -0.06354302 0.174804 0.8822939 -0.1774683 0.4359615 0.9875786 -0.07713282 0.1368907 0.7569033 0.03142756 0.6527708 0.9208678 0.08026975 0.3815224 0.7460324 -0.03876829 0.6647803 0.8513363 -0.02843141 0.5238494 0.7566111 -0.03419721 0.6529704 0.8319261 -0.07737964 0.5494648 0.8161864 0.007403492 0.5777415 0.8771216 -0.02019006 0.4798438 0.8331342 -0.01507496 0.5528655 0.8851845 0.007716834 0.4651762 0.7572669 0.01009368 0.6530277 0.9584318 -0.0195409 0.2846522 0.7663862 -0.007472991 0.6423367 0.9808903 -0.02563357 0.1928655 0.7978501 -0.166601 0.5793785 0.9560316 -0.1284634 0.2636304 0.785648 -0.1654524 0.5961399 0.8384805 -0.0929768 0.5369411 0.6984364 0.136092 0.7026134 0.8670597 0.1528643 0.474173 0.6933089 0.002686262 0.7206356 0.9333624 -0.05420857 0.3548183 0.8479074 -0.1569384 0.5063827 0.9389872 -0.1552946 0.3068987 0.8030441 0.02307611 -0.5954727 0.8415373 -0.0414676 -0.5386051 0.8849738 -0.06677687 -0.4608277 0.9156682 0.06858748 -0.39604 0.9549843 0.08978098 -0.2827445 0.9294447 0.08102762 -0.3599545 0.900026 0.2278275 -0.3715478 0.8195461 0.1354476 -0.5567748 0.8981084 0.1444252 -0.4153829 0.7907793 0.09515678 -0.6046597 0.915939 -0.1360098 -0.3775675 0.7710332 -0.1366914 -0.6219511 0.9229259 -0.1131198 -0.3679832 0.8276239 -0.1033264 -0.5516906 0.9206776 0.002190828 -0.3903178 0.8519563 0.007436752 -0.5235602 0.9391638 0.09947001 -0.328751 0.815292 0.03423488 -0.5780373 0.897761 0.03273552 -0.4392649 0.8328406 0.06492668 -0.5496918 0.9132356 -0.03704696 -0.4057444 0.8438392 -0.004058837 -0.5365808 0.9203162 -0.08262556 -0.3823495 0.8225512 -0.09053534 -0.5614384 0.9092176 0.01533818 -0.4160388 0.8569117 0.02987575 -0.5145967 0.8956826 0.01432144 -0.4444633 0.8034939 -0.05311316 -0.5929389 0.8287119 -0.1439192 -0.5408549 0.8380203 -0.0877853 -0.5385311 0.9054716 -0.06600439 -0.4192433 0.85431 -0.002713024 -0.5197567 0.9580804 0.06763243 -0.2784024 0.8135362 0.07592815 -0.5765359 0.9493446 0.01524567 -0.3138667 0.7767514 -0.05436378 -0.6274568 0.875564 -0.1277013 -0.4659188 0.8534808 -0.08463168 -0.5142062 0.9262832 0.05068194 -0.3734043 0.8682275 0.02048265 -0.4957433 0.9090951 0.04908192 -0.4136875 0.7821797 0.06991726 -0.6191175 0.9127994 -0.02917563 -0.407365 0.8479676 -0.01104611 -0.5299329 0.9232252 -0.08598428 -0.3745158 0.8540012 -0.1265249 -0.5046519 0.9016805 0.01260584 -0.4322194 0.8192507 -0.03905302 -0.572104 0.8772885 0.06364047 -0.4757254 0.8536893 0.126941 -0.5050751 0.9121308 0.01781326 -0.4095119 0.8185493 -0.03261274 -0.5735098 0.845157 -0.1594175 -0.5101918 0.8868855 -0.05727392 -0.4584256 0.9469176 0.06772136 -0.3142625 0.8833873 0.07800024 -0.462107 0.9605219 -0.01744103 -0.2776575 0.8081394 -0.06168615 -0.5857521 0.9346029 -0.1306715 -0.330821 0.8628421 -0.09238731 -0.4969591 0.9339311 -0.01515275 -0.357132 0.8207849 -0.05921858 -0.5681598 0.9193038 -0.07875829 -0.3855876 0.8102928 -0.05291324 -0.5836316 0.9260293 -0.03495222 -0.37583 0.8257818 -0.02125072 -0.5635892 0.9144574 0.05475759 -0.4009606 0.8146918 0.0196079 -0.5795627 0.8886283 -0.1175331 -0.4433123 0.7777106 -0.1184769 -0.617357 0.9434888 -0.05740422 -0.3263952 0.7774533 -0.03423964 -0.6280081 0.9544935 0.127201 -0.2697443 0.725081 0.1332767 -0.6756441 0.929441 0.04227811 -0.3665406 0.802376 0.02009779 -0.5964805 0.8735954 -0.1629871 -0.458548 0.792876 -0.175695 -0.5835058 0.892231 -0.1453356 -0.4275528 0.8510353 -0.06287276 -0.521331 0.9492296 0.07295435 -0.3060079 0.8962196 0.07839435 -0.4366291 0.936514 -0.1030675 -0.3351401 0.9207947 -0.04964751 -0.386875 0.9655548 -0.1269174 -0.2271472 0.9307214 -0.1359105 -0.3395382 0.9525194 0.09072196 -0.2906482 0.8883896 0.02167296 -0.4585785 0.8978387 0.0925824 -0.4304813 0.8658182 0.05841517 -0.4969372 0.8835399 -0.08850067 -0.4599186 0.8768237 -0.04885858 -0.4783232 0.9582723 -0.03462237 -0.2837524 0.9078988 -0.01925969 -0.418747 0.9608791 0.03399491 -0.2748739 0.8391318 0.007887065 -0.5438709 0.9364393 -0.0358408 -0.3489944 0.7886595 -0.09483665 -0.6074721 0.901142 -0.1093347 -0.4195106 0.7873531 -0.04851925 -0.6145902 0.9203051 0.1245818 -0.3708341 0.8161132 0.14976 -0.5581498 0.9281212 0.084836 -0.362483 0.7839227 0.0597468 -0.6179769 0.9177365 -0.1400982 -0.3716613 0.7056097 -0.1740353 -0.6868965 0.8498034 -0.1011157 -0.5173102 0.7947971 -0.0712974 -0.6026728 0.7997514 -0.03688526 -0.5991971 0.8589949 0.06234705 -0.508174 0.9040426 -0.04025381 -0.4255427 0.8446679 -0.06029069 -0.5318844 0.9069209 -0.1084676 -0.4070987 0.8048942 -0.0724793 -0.5889755 0.9509527 0.007467269 -0.3092465 0.8408581 0.06923693 -0.5368092 0.9718178 0.08268505 -0.2207567 0.8046277 0.06600993 -0.5900992 0.971715 -0.06165242 -0.2279668 0.8063455 -0.0604183 -0.5883508 0.9756634 -0.01269477 -0.2189061 0.8692086 -0.04967439 -0.4919441 0.9213294 0.01724785 -0.3884002 0.8265341 -0.02271997 -0.5624281 0.9471032 0.03045791 -0.3194809 0.804691 0.002013027 -0.5936905 0.9088237 -0.1093584 -0.4025921 0.8339429 -0.04267442 -0.5501984 0.9149186 -0.121207 -0.38501 0.8879299 -0.0776295 -0.4533809 0.9371374 0.04692858 -0.3457908 0.8734098 0.04448795 -0.4849498 0.9416214 0.06254279 -0.3308138 0.8845996 0.02315849 -0.4657762 0.8979161 -0.1165444 -0.4244577 0.8474364 -0.161287 -0.5058045 0.7992793 0.09174317 -0.5939157 0.8671697 0.0576812 -0.4946612 0.8550999 -0.04900163 -0.5161424 0.8973653 0.02017837 -0.440827 0.9502772 -0.1299915 -0.2829764 0.865291 -0.1496944 -0.4783965 0.9254838 -0.04590255 -0.3759959 0.8547386 -0.02843499 -0.5182793 0.9485172 -0.0567522 -0.3115998 0.8314794 -0.07335668 -0.5506912 0.9262958 0.01546597 -0.37648 0.8334066 0.01122999 -0.5525463 0.8709517 0.02482908 -0.490741 0.8683882 0.05195075 -0.4931562 0.8766219 0.008128941 -0.4811114 0.8495452 0.01769787 -0.5272189 0.9010263 0.03089761 -0.4326629 0.8225721 0.04303675 -0.56703 0.9159709 -0.05812537 -0.3970124 0.8268523 -0.05806523 -0.5594138 0.9015107 -0.08320343 -0.4246832 0.8143991 -0.09620052 -0.5722758 0.895087 -0.01734822 -0.4455542 0.7748866 -0.04102671 -0.6307677 0.8968802 0.03239595 -0.4410858 0.7967965 0.07011318 -0.6001662 0.944082 -0.03668612 -0.3276635 0.8592233 0.02044486 -0.5111922 0.9254013 -0.003654778 -0.3789711 0.7791131 -0.06461948 -0.6235442 0.8775425 -0.01345771 -0.4793099 0.8322036 0.02708685 -0.5538082 0.8923667 -0.06321579 -0.4468618 0.8209966 -0.08075368 -0.5651934 0.8868929 -0.006139457 -0.4619344 0.8002952 0.04114544 -0.598193 0.9507135 -0.003161489 -0.3100545 0.8516614 0.04523843 -0.5221364 0.9521971 -0.008572399 -0.3053644 0.81757 -0.03304064 -0.5748807 0.9294351 -0.04645466 -0.3660497 0.8822479 -0.01261746 -0.4706162 0.9588168 -0.01675146 -0.283531 0.8469083 -0.05588179 -0.5287944 0.9497957 -0.01472014 -0.3125247 0.8148075 -0.04145705 -0.5782474 0.918518 -0.04544204 -0.3927592 0.7223298 -0.03900676 -0.6904478 0.9257694 -0.04231518 -0.3757135 0.8141125 0.004706501 -0.5806883 0.9454313 -0.01525771 -0.3254643 0.8558539 -0.02836143 -0.5164396 0.9458619 0.08155775 -0.3141556 0.8638724 0.04031687 -0.5020946 0.8162721 -0.09683305 -0.569494 0.7196783 -0.09084373 -0.6883391 0.8606944 -0.120647 -0.4946206 0.7658244 -0.03438085 -0.6421302 0.9448049 -0.0822035 -0.3171535 0.8145301 -0.1138212 -0.5688456 0.9196884 -0.005874097 -0.3926054 0.8618298 0.005054891 -0.5071724 0.02278864 0.03022235 -0.9992834 0.2410641 0.0126056 -0.9704274 0.1753289 -0.07350683 -0.9817621 0.07584196 -0.06052434 -0.9952813 0.1587567 -0.003005027 -0.9873132 0.03090041 -0.02776205 -0.9991369 0.1154702 0.03120803 -0.9928206 -0.01066321 0.04111582 -0.9990975 0.1650845 0.03200018 -0.9857602 -0.04032886 -0.001227498 -0.9991858 0.123704 -0.02692282 -0.991954 -0.04903143 -0.0246914 -0.9984921 0.1587701 0.05735903 -0.9856481 -0.008192718 0.1089106 -0.9940178 0.2073934 0.02137559 -0.9780241 0.009453058 0.01192671 -0.9998842 0.1566241 0.04514646 -0.986626 0.03249788 0.004403889 -0.9994621 0.1584379 0.04051768 -0.9865373 0.06794208 0.0769999 -0.9947135 0.2097989 -0.03154212 -0.9772356 0.06842488 -0.02927529 -0.9972267 0.2131479 -0.0659762 -0.9747897 -0.005137085 -0.09482979 -0.9954803 0.2157958 -0.07497155 -0.9735562 0.06400501 -0.06956201 -0.9955223 0.2040177 0.03620338 -0.9782975 0.0550763 0.03047853 -0.9980169 0.2336221 0.04072219 -0.9714744 -0.05392521 -0.006301224 -0.9985252 0.1993049 -0.1014648 -0.9746705 -0.03719961 -0.1071273 -0.9935492 0.1894109 -0.05000001 -0.9806241 0.02675908 -0.0464527 -0.9985621 0.1853619 -0.06102293 -0.9807738 0.09176939 0.003498435 -0.9957742 0.2517607 -0.06281125 -0.9657491 0.1612617 -0.04895478 -0.9856969 0.2384504 0.04404342 -0.9701555 -0.01892793 0.007918894 -0.9997895 0.2186074 0.1068089 -0.9699499 -0.07337003 0.08404797 -0.993757 0.2063246 -0.02719992 -0.9781055 -0.03362369 0.003173947 -0.9994295 0.2336964 -0.06965947 -0.9698112 0.02460825 -0.05021536 -0.9984353 0.2634353 0.002511441 -0.9646739 0.01309591 -0.01234894 -0.9998381 0.2014615 0.04552251 -0.9784381 0.05079835 0.04436141 -0.9977233 0.175104 -0.05095911 -0.9832304 0.003863096 -0.05526036 -0.9984646 0.21178 -0.07626986 -0.9743368 0.02149993 -0.04527294 -0.9987434 0.2620058 0.120553 -0.9575071 -0.002506375 0.09507834 -0.9954667 0.2302045 0.07252877 -0.9704358 -0.02290838 0.05988019 -0.9979427 0.1696867 -0.2297177 -0.9583508 0.07601737 -0.1950555 -0.9778419 0.2349426 -0.134299 -0.9626868 0.1147194 -0.1478102 -0.9823399 0.1564469 -0.02963298 -0.9872418 0.04284542 -0.05633807 -0.997492 0.1287093 0.01911753 -0.9914981 -0.002252042 0.03634113 -0.999337 0.2446202 0.04875349 -0.9683926 0.02221393 0.08581936 -0.9960631 0.3188481 -0.06534224 -0.9455509 -0.06630045 -0.1281154 -0.9895407 0.2115284 -0.1214039 -0.9698026 -0.0939396 -0.1480925 -0.9845018 0.1431612 0.01827162 -0.9895308 -0.05392855 0.008978664 -0.9985044 0.1545348 -0.01259744 -0.9879071 -0.0379067 -0.02230179 -0.9990324 0.1913682 -0.0338903 -0.9809331 -6.53125e-4 -0.05296033 -0.9985964 0.1197369 0.06728774 -0.9905228 0.05689173 0.05662804 -0.9967732 0.1071043 0.1626914 -0.9808467 0.008575081 0.1267508 -0.9918976 0.114293 -0.03039628 -0.992982 -0.1720855 -0.08183872 -0.9816766 0.04071116 -0.2426263 -0.9692653 -0.08221286 -0.1858922 -0.9791247 0.07261162 -0.1263937 -0.9893191 0.03003329 -0.06265723 -0.9975832 0.1392913 0.02260392 -0.9899935 0.04333734 0.03659206 -0.9983903 0.1560844 -0.01390069 -0.9876459 0.04800552 -0.04249423 -0.9979428 0.06784516 -0.007331132 -0.997669 0.004206418 -0.002168118 -0.9999889 0.2097145 0.1390584 -0.9678237 0.1307352 0.1963702 -0.9717753 0.3209424 -0.02737712 -0.946703 -0.02955383 -0.08666664 -0.995799 0.2961928 -0.1299395 -0.9462482 -0.07164824 -0.1073456 -0.9916368 0.2600797 0.128189 -0.9570403 -0.06253629 0.1220169 -0.9905561 0.287512 0.08349722 -0.9541306 -0.00244683 0.1059929 -0.9943639 0.3365137 -0.1418334 -0.930936 0.02634072 -0.1632319 -0.986236 0.2011151 0.006797611 -0.9795441 0.02132397 -0.009253084 -0.9997298 0.1664901 -0.01098603 -0.985982 0.1497169 0.07686179 -0.9857369 0.293469 -0.1741462 -0.9399729 0.1571933 -0.1728111 -0.9723305 0.3182433 -0.01526755 -0.9478861 0.05722278 -0.03080952 -0.997886 0.2684039 0.03280746 -0.9627477 -0.05843889 -0.0159077 -0.9981643 0.2453109 0.1090068 -0.9632965 -0.08009886 0.04170215 -0.9959142 0.08874595 0.003400146 -0.9960485 -0.1637557 -0.05382025 -0.9850318 -0.01282322 -0.1477615 -0.9889399 -0.1062231 -0.1140843 -0.9877761 0.1202539 -0.02804327 -0.992347 0.08457052 0.02072018 -0.9962021 0.2375808 -0.005122065 -0.9713543 0.0245096 -0.02970886 -0.9992582 0.1962917 -0.003829956 -0.9805381 0.02388441 0.008173704 -0.9996814 0.2257909 -0.07047545 -0.9716233 0.02870225 -0.03484714 -0.9989805 0.3047224 0.1011168 -0.9470585 -0.06054651 0.07522261 -0.995327 0.264762 0.1300374 -0.9555059 0.01178127 0.1669468 -0.9858955 0.3127384 -0.2014067 -0.9282404 0.07729697 -0.1918813 -0.9783695 0.3303999 -0.1196047 -0.9362322 -0.1432942 -0.1686743 -0.9752004 0.1943999 -1.37848e-4 -0.9809224 -0.2448154 -0.07115358 -0.9669553 0.07872092 -0.09835493 -0.992033 -0.1866261 -0.04310733 -0.9814848 0.2703203 0.02144563 -0.9625317 -0.1596115 0.002620697 -0.9871764 0.2259429 -0.1558504 -0.9615927 -0.1484656 -0.1255747 -0.9809123 0.1962126 0.05783456 -0.9788543 -0.0624628 0.08205282 -0.9946687 0.09854161 0.009006261 -0.9950923 0.02654904 0.05136632 -0.998327 0.3475111 -0.0106393 -0.9376156 0.1324386 0.02650141 -0.9908369 0.4202084 0.133449 -0.8975613 -0.04862242 0.03490537 -0.9982072 0.1744211 -0.1304099 -0.9759972 -0.08930361 -0.07715338 -0.9930117 0.2562393 -0.09303498 -0.9621258 -0.09854996 -0.140142 -0.9852148 0.1958385 0.01016283 -0.9805836 -0.1548278 0.001326918 -0.9879406 0.2849252 0.09709751 -0.9536194 0.007051885 0.125153 -0.9921125 0.2623582 -0.1029336 -0.9594649 -0.07920086 -0.09114152 -0.9926835 0.2497832 -0.1062836 -0.9624512 -0.09858584 -0.07829022 -0.9920441 0.2591535 -0.04450374 -0.9648103 -0.05591738 -0.1171646 -0.9915371 0.1456727 0.004194736 -0.989324 -0.1732316 -0.08959674 -0.9807973 0.1506511 0.06324213 -0.986562 -0.150209 0.1098415 -0.9825335 0.1278252 -0.03677457 -0.9911147 -0.1350594 -0.03022587 -0.9903764 0.03874164 -0.08003675 -0.9960389 -0.02723622 -0.05272072 -0.9982379 0.1269266 -0.04385364 -0.9909422 0.1808145 -0.001817405 -0.9835156 0.1974866 0.02727675 -0.9799261 0.0950427 0.01092571 -0.9954133 0.1926724 -0.06692224 -0.9789785 -0.04860645 -0.0924763 -0.9945278 0.1817727 -0.08668828 -0.979512 -0.02387815 -0.08605974 -0.9960039 0.1654293 0.01942139 -0.9860305 0.07641965 0.03155148 -0.9965765 0.2027231 0.03433334 -0.978634 0.01832926 0.02689713 -0.9994702 0.242649 0.03547453 -0.9694653 -0.1048386 0.01543277 -0.9943696 0.240115 -0.07602697 -0.9677627 -0.03936493 -0.04406905 -0.9982527 0.2825153 -0.09762179 -0.9542826 0.1458039 -0.07628047 -0.9863684 0.3124463 -0.09720587 -0.9449489 0.1222769 -0.1190405 -0.9853312 0.3689262 6.40312e-4 -0.9294586 0.05413895 -0.00527358 -0.9985195 -0.8168144 0.1180678 -0.5646897 -0.6783015 0.1672139 -0.7155045 -0.71403 0.0827071 -0.6952127 -0.8588906 0.05089181 -0.5096246 -0.7484159 -0.03877651 -0.6620951 -0.8626725 -0.06837439 -0.5011198 -0.7704549 0.1076684 -0.6283366 -0.8110151 0.1645721 -0.5614006 -0.7090851 0.1255541 -0.6938549 -0.7809506 0.1465137 -0.6071655 -0.6759071 -0.1515771 -0.7212309 -0.8125506 -0.2089223 -0.5441627 -0.6995534 -0.1793515 -0.6917066 -0.8389852 -0.1483069 -0.5235542 -0.7192003 -0.04047781 -0.6936228 -0.8232252 -0.004994928 -0.567693 -0.7098772 0.1607312 -0.6857405 -0.7767087 0.1732125 -0.6055752 -0.7246652 0.1356922 -0.6756094 -0.8013145 0.1128611 -0.587501 -0.7518361 -0.1364055 -0.6450861 -0.850601 -0.1454996 -0.5052799 -0.7315981 -0.08900356 -0.6759014 -0.8664947 -0.06664371 -0.4947179 -0.7190073 0.002627074 -0.6949976 -0.8853632 -0.02318567 -0.4643217 -0.7312651 0.06799083 -0.6786963 -0.83977 0.0417633 -0.5413339 -0.7483932 -0.02249014 -0.6628739 -0.8983539 -0.07254272 -0.433241 -0.772531 -0.1419197 -0.6189141 -0.8961445 -0.1312333 -0.423914 -0.7551592 -0.03790134 -0.654445 -0.7979394 0.04416507 -0.6011175 -0.7094918 -0.0487892 -0.7030228 -0.7836626 -0.07023286 -0.6172038 -0.7197271 -0.1272808 -0.6824899 -0.7667871 -0.09802865 -0.6343721 -0.6781325 0.01330846 -0.7348191 -0.81387 -0.03508204 -0.5799872 -0.6747152 0.109624 -0.7298918 -0.8197268 0.1195724 -0.5601342 -0.6746528 0.02524566 -0.7377035 -0.8691848 0.005953788 -0.4944515 -0.7179442 -0.1612344 -0.6771703 -0.8002807 -0.05211693 -0.5973565 -0.6306748 0.08196336 -0.7717067 -0.7622102 0.07645905 -0.6427984 -0.6713271 0.06198799 -0.7385645 -0.8399605 -4.0993e-4 -0.5426474 -0.6862089 0.04271155 -0.7261496 -0.8473403 0.01381123 -0.5308707 -0.6648811 0.02121329 -0.7466481 -0.9210933 -0.06808114 -0.3833436 -0.7193455 0.01615118 -0.6944648 -0.9318506 0.01836675 -0.362377 -0.7355034 -0.06080907 -0.6747866 -0.9043876 -0.06151372 -0.4222549 -0.7243112 -0.1832176 -0.6646839 -0.8503684 -0.1444147 -0.5059823 -0.7492883 -0.06683558 -0.6588627 -0.8423468 -0.0383839 -0.5375674 -0.7276279 0.01202094 -0.6858667 -0.7979556 0.05082178 -0.6005698 -0.7122009 -0.003242254 -0.7019682 -0.8249402 -0.02279686 -0.5647602 -0.7056537 -0.007625281 -0.7085158 -0.8415294 0.01940351 -0.5398628 -0.7017022 -0.08951872 -0.7068243 -0.8072503 -0.1226092 -0.5773335 -0.7399302 -0.08118969 -0.667766 -0.8418059 -0.127869 -0.5244162 -0.7053133 0.1154714 -0.699428 -0.7819085 0.1765211 -0.5978791 -0.6165648 0.06924992 -0.7842528 -0.7474301 0.1356672 -0.6503405 -0.5514879 -0.03204828 -0.8335671 -0.7755344 -0.08650314 -0.6253508 -0.6876686 -0.07595634 -0.7220405 -0.8156206 -0.146889 -0.5596309 -0.7586451 0.0877217 -0.6455715 -0.8045815 0.1259886 -0.5803237 -0.7408916 -0.02344256 -0.6712154 -0.8359506 -0.05034101 -0.5464912 -0.6734298 -0.2086892 -0.7091835 -0.8037195 -0.1955693 -0.5619499 -0.602733 0.007953643 -0.7979034 -0.8792542 -0.01045745 -0.4762382 -0.692254 0.05912041 -0.7192283 -0.8779581 0.06998139 -0.4735952 -0.7198842 -0.1220281 -0.6832832 -0.854618 -0.08417117 -0.51239 -0.6426438 0.01412498 -0.7660349 -0.873964 -0.005964875 -0.4859543 -0.6877324 0.02270674 -0.7256091 -0.8618746 -0.00141102 -0.5071197 -0.7794551 -0.1767845 -0.6009967 -0.812178 -0.1070992 -0.5734952 -0.6856884 -0.06240898 -0.7252149 -0.7768904 -0.01959466 -0.6293309 -0.648399 0.1409356 -0.7481417 -0.7193557 0.1503162 -0.6781832 -0.6814814 0.07492899 -0.7279896 -0.7260322 0.08703851 -0.6821302 -0.6513698 -0.08347404 -0.7541549 -0.8072164 -0.1610205 -0.5678681 -0.7368491 -0.04009532 -0.6748673 -0.8930565 -0.06777465 -0.4448109 -0.7524704 -0.02150517 -0.658275 -0.8909633 0.04082608 -0.4522364 -0.7066094 -0.1087229 -0.6992013 -0.81426 -0.08619004 -0.5740662 -0.7545052 -0.09920316 -0.6487531 -0.8325076 -0.1020386 -0.5445358 -0.7271787 0.01050615 -0.6863679 -0.8622274 0.03087103 -0.5055798 -0.6783426 0.1062312 -0.7270257 -0.8507812 0.1165852 -0.5124251 -0.6744665 -0.01452589 -0.7381626 -0.8773321 -0.05305624 -0.4769418 -0.7100278 -0.0393247 -0.7030749 -0.863628 -0.01792955 -0.5038108 -0.7511162 0.1020785 -0.6522304 -0.846064 0.06617164 -0.5289586 -0.8236832 -0.05424839 -0.5644496 -0.8848023 -0.05389189 -0.4628399 -0.752174 -0.05805754 -0.656402 -0.7798278 0.04532521 -0.6243511 -0.6588661 0.007451772 -0.7522234 -0.8692939 -0.05485558 -0.4912423 -0.7717649 0.01757955 -0.6356649 -0.8144551 0.03253817 -0.5793136 -0.8150823 0.02411437 -0.5788433 -0.8656427 -0.005002021 -0.5006374 -0.7719611 -0.123755 -0.6235069 -0.8859075 -0.1105172 -0.450504 -0.7878272 -0.03733044 -0.614764 -0.8672297 0.005358994 -0.4978796 -0.7199169 0.02547389 -0.6935926 -0.8120182 0.03424865 -0.5826265 -0.6895642 -0.1193591 -0.7143211 -0.813537 -0.1324205 -0.5662354 -0.7277721 -0.01864838 -0.6855655 -0.8746982 -0.0662775 -0.480115 -0.7963178 -0.0863943 -0.598677 -0.8482762 -0.04148054 -0.527927 -0.6438626 0.002710819 -0.7651364 -0.8438749 0.01550734 -0.536316 -0.6191998 0.09339928 -0.7796591 -0.8823015 0.05582135 -0.4673629 -0.7140207 0.06185507 -0.6973869 -0.9140839 -0.00412631 -0.4055042 -0.770446 -0.05072665 -0.6354839 -0.9331282 -0.05484336 -0.3553365 -0.7371153 -0.05070191 -0.6738622 -0.8618761 0.02768385 -0.5063629 -0.658019 -0.0931642 -0.7472158 -0.8734526 -0.1138738 -0.4734063 -0.6800925 -0.05596911 -0.7309868 -0.8425107 -0.0483185 -0.5365083 -0.7251226 0.104041 -0.6807149 -0.8417442 0.07120037 -0.535161 -0.7628042 -0.009648382 -0.6465577 -0.8777875 -0.0544579 -0.4759449 -0.822135 -0.04973351 -0.5671163 -0.8731779 -0.0626192 -0.4833624 -0.822461 -7.17391e-4 -0.5688213 -0.8631878 0.04386544 -0.502974 -0.7074607 -0.03982979 -0.7056296 -0.8438402 0.02650761 -0.5359395 -0.5604535 0.05883502 -0.8260934 -0.8450999 0.05241429 -0.5320329 -0.6122697 -0.01708024 -0.7904645 -0.90957 -0.06522482 -0.4103999 -0.7095711 -0.0907334 -0.6987679 -0.8677554 -0.04490226 -0.4949591 -0.6521002 -0.03308957 -0.7574104 -0.8089673 -0.06766176 -0.5839469 -0.7040976 0.01483708 -0.7099482 -0.8601284 0.01392453 -0.5098876 -0.6328852 0.01013326 -0.7741794 -0.9167542 -0.05229544 -0.3960138 -0.7988117 -0.09459429 -0.5940974 -0.9039213 -0.08699327 -0.4187585 -0.7575581 -0.03213596 -0.6519764 -0.8057336 0.02258312 -0.5918474 -0.7147687 0.01384687 -0.6992239 -0.7774149 -0.009223282 -0.6289207 -0.7789596 -0.09388899 -0.6200056 -0.8115299 -0.05935889 -0.581288 -0.7226765 -0.08373379 -0.6860958 -0.7760466 -0.04392862 -0.6291439 -0.7249007 0.006382465 -0.6888238 -0.8367905 0.03115701 -0.5466362 -0.6612171 -0.05658006 -0.748058 -0.7156659 -0.002954542 -0.6984366 -0.6448516 0.01628869 -0.7641343 -0.7923048 -0.03467249 -0.6091396 -0.9123093 0.01803451 0.4091045 -0.9877294 0.06463909 0.1421709 -0.9728131 -0.09846162 0.2096186 -0.9300674 -0.0665605 0.3613092 -0.9718768 0.04738068 0.2306747 -0.9102877 0.01240199 0.4137903 -0.9395961 0.217275 0.2644824 -0.8994072 0.2355378 0.3682239 -0.9731211 0.08514666 0.2139754 -0.8817606 0.06981003 0.4665029 -0.9643135 -0.1865264 0.1879028 -0.8518456 -0.1908202 0.4877978 -0.9594547 -0.131096 0.2495211 -0.8900814 -0.09157431 0.4465079 -0.9831554 0.06275421 0.1716609 -0.9177098 0.02702903 0.396331 -0.9824487 0.04382723 0.1813115 -0.8965829 0.03359919 0.4415998 -0.984652 0.03072196 0.1718047 -0.911431 0.07349324 0.4048362 -0.9797639 -0.05349063 0.1928767 -0.9120691 -0.1036578 0.3967178 -0.9584583 -0.08647674 0.271808 -0.8931568 -0.06601673 0.4448741 -0.9657419 0.02307879 0.2584763 -0.9209939 -0.00194925 0.3895722 -0.9365535 -0.04730343 0.3473183 -0.9276236 -7.97366e-4 0.3735155 -0.9635607 -0.02689254 0.266135 -0.9076024 -0.01616388 0.4195196 -0.9817053 -0.07763367 0.173862 -0.8429775 -0.04977595 0.5356413 -0.9957042 0.04711627 0.07970744 -0.8822032 0.0432434 0.4688791 -0.9958772 -0.05049681 0.07535874 -0.9130609 -0.0646553 0.4026657 -0.9721809 -0.1982398 0.1247609 -0.9016848 -0.1516747 0.4049189 -0.9918283 0.04698359 0.1186145 -0.9103803 -0.03325039 0.4124345 -0.9690928 0.1377992 0.2046231 -0.9015219 0.1071218 0.4192652 -0.9666141 -0.0868591 0.2410659 -0.9239187 -0.003168642 0.3825757 -0.9897723 -0.1030404 0.09865832 -0.9172089 -0.1026234 0.3849627 -0.96569 -0.0170421 0.259138 -0.9055582 -0.08404588 0.4158132 -0.9286957 -0.05264145 0.3670876 -0.9529132 0.05938881 0.297371 -0.9928062 0.03105664 0.1156348 -0.9439253 -0.008665144 0.3300454 -0.981343 -0.1010611 0.1635625 -0.9482539 -0.05954116 0.3118805 -0.9813503 0.1337488 0.1380689 -0.9443361 0.05096668 0.3250105 -0.9595114 -0.05848807 0.2755306 -0.9055169 -0.09807389 0.4128206 -0.9827498 -0.09260946 0.1600828 -0.9424089 -0.023476 0.3336383 -0.9909022 -0.02222365 0.1327365 -0.8903452 -0.06243139 0.4509853 -0.9865841 -0.03900873 0.1585249 -0.8829597 -0.0708152 0.4640769 -0.9756487 -0.03021669 0.2172482 -0.8718064 -0.02184742 0.4893633 -0.9818372 0.04181557 0.1850603 -0.9073964 0.0806148 0.4124718 -0.9775364 -0.1033312 0.1836985 -0.9422107 -0.08704221 0.3235161 -0.9649417 -0.09095275 0.2462013 -0.970947 -0.04968327 0.2340801 -0.965137 0.1880425 0.1820734 -0.9387112 0.154588 0.3080971 -0.9740761 0.09944885 0.2031887 -0.9034202 0.04449027 0.4264419 -0.947277 -0.1793066 0.2655476 -0.8777083 -0.1766791 0.4454354 -0.9602689 -0.1256765 0.2491773 -0.9520013 -0.0630294 0.2995345 -0.9827231 0.03576391 0.1815938 -0.9836781 0.1042318 0.1466737 -0.9962738 0.04405885 0.07414466 -0.9486472 -0.04078942 0.3136955 -0.9564138 -0.1564916 0.246542 -0.8447441 -0.2449721 0.475811 -0.9380461 -0.0530219 0.3424298 -0.8839924 -0.01312094 0.4673173 -0.954082 0.06437963 0.2925457 -0.888132 0.14326 0.4366902 -0.9939114 -0.05651646 0.0945847 -0.8871656 -0.007975697 0.4613823 -0.9994099 -0.03354883 -0.007375001 -0.8449609 -0.08592361 0.527881 -0.9611369 -0.04340517 0.2726392 -0.8330749 -0.06067246 0.5498229 -0.9639443 -0.1164252 0.2392836 -0.9176641 -0.1000028 0.3845676 -0.9806187 -0.01710039 0.1951781 -0.9390888 -0.004014611 0.3436511 -0.9782748 0.09389561 0.1848298 -0.9260323 0.183453 0.3298624 -0.9968618 0.05687731 0.0550602 -0.8968322 0.03835523 0.4407052 -0.9862162 -0.1081879 0.1251921 -0.8629695 -0.1485491 0.4829255 -0.9815042 -0.02822917 0.1893484 -0.8680397 -0.06556117 0.4921473 -0.9777441 0.006254971 0.2097079 -0.900001 0.04070383 0.4339833 -0.9702689 -0.06150001 0.234086 -0.9235623 -0.04216217 0.3811234 -0.9675838 -0.1138809 0.2254167 -0.9536969 -0.09343123 0.2858898 -0.9899043 0.002546012 0.1417149 -0.9859927 0.07359772 0.1496725 -0.9875428 0.1317776 -0.08598905 -0.909099 0.08057385 0.4087138 -0.9813742 -0.1206221 0.1495168 -0.8295223 -0.1602109 0.5350003 -0.9576671 -0.0643559 0.2805922 -0.9444943 0.02995759 0.3271592 -0.9940815 0.08265602 0.07049876 -0.9396936 0.1166709 0.3215026 -0.9963456 0.060413 -0.06038081 -0.8951537 -0.05173927 0.442745 -0.9745007 -0.07591038 0.2111541 -0.9023424 -0.05876606 0.4269953 -0.9658799 -0.08169406 0.2457687 -0.9578187 -0.06945097 0.2788546 -0.9586887 0.04031062 0.2815868 -0.905117 0.01956164 0.4247122 -0.9617074 -0.05294805 0.2689155 -0.9440219 0.01672923 0.3294585 -0.9933399 -0.06223982 0.09696424 -0.9682975 -0.04638302 0.2454562 -0.9684754 0.0868054 0.2334959 -0.8791198 0.03248357 0.4754925 -0.9621357 -0.03336739 0.2705211 -0.9227313 0.02158933 0.3848389 -0.9809823 -0.1191688 0.1532076 -0.919968 -0.0937432 0.3806194 -0.9690198 -0.04558366 0.2427402 -0.9246931 -0.05201816 0.3771432 -0.9841346 -0.04965031 0.1703354 -0.9295471 -0.03936123 0.3665964 -0.9829446 0.04945009 0.1771292 -0.8632748 0.005807876 0.504701 -0.9721919 -0.01118463 0.2339183 -0.8967452 0.01838827 0.442165 -0.9778935 -6.40927e-4 0.2091029 -0.8918705 -0.0383948 0.4506583 -0.9682736 0.01863002 0.2491971 -0.9034896 0.02698326 0.4277601 -0.9861453 -0.02058106 0.1646022 -0.8043553 -0.08472102 0.5880775 -0.9604611 -0.12648 0.248027 -0.8097684 -0.1102671 0.5762955 -0.9509113 -0.06450748 0.3026658 -0.9155564 -0.008736729 0.4020949 -0.9860303 0.1179572 0.1176025 -0.9209765 0.08750993 0.3796635 -0.9834284 -0.03799563 0.1772705 -0.9179592 -0.0430268 0.3943345 -0.9947444 0.05991482 0.08303034 -0.9625716 0.04825007 0.2666982 -0.9979063 0.002987504 0.06460893 -0.9026601 -0.03722524 0.428741 -0.9960992 -0.06963884 0.05419355 -0.9304419 -0.02908372 0.3652837 -0.9823653 -0.07437968 0.1715409 -0.8998772 -0.1106259 0.4218803 -0.9261513 -0.140159 0.3501417 -0.9654566 -0.06043505 0.2534587 -0.9789429 0.07850509 0.1884352 -0.9741536 0.1020653 0.2015128 -0.9997332 0.01299417 -0.01910257 -0.8779817 -0.06796091 0.4738456 -0.9728509 -0.08826786 0.2139392 -0.8895656 -0.05254399 0.4537755 -0.9854608 -0.02152448 0.1685343 -0.9609444 -0.04292196 0.273393 -0.9874503 -5.00351e-4 0.1579298 -0.941761 0.02570575 0.3352994 -0.9983764 0.02731913 0.04998409 -0.9532304 0.05848473 0.2965324 -0.9913891 -0.06393826 0.1142792 -0.9394327 -0.07782769 0.3337801 -0.9830607 -0.0473001 0.1770717 -0.8077614 -0.05406433 0.5870253 -0.9792299 -0.09055656 0.1814069 -0.9173286 -0.0418471 0.3959258 -0.9868095 0.0501753 0.1539138 -0.9733939 0.01668053 0.2285307 -0.9671599 -0.004813551 0.2541232 -0.9158658 -0.007928967 0.4014062 -0.9995167 -0.01661199 0.02627587 -0.9199905 -0.02381253 0.3912168 -0.3440195 0.2709467 0.8990208 -0.4913016 0.2508934 0.8340715 -0.4689586 0.1526554 0.8699277 -0.4204113 0.01590627 0.9071942 -0.4052783 0.004680752 0.9141814 -0.2177011 0.002042889 0.9760134 -0.2331728 0.04054087 0.97159 -0.2684018 -0.05288547 0.9618543 -0.3581879 0.05659455 0.9319328 -0.492134 0.06863206 0.8678098 -0.4884945 0.07005596 0.8697502 -0.4117108 0.03600025 0.9106033 -0.3935244 -0.1192957 0.9115412 -0.404759 -0.02818727 0.913989 -0.3650497 0.03018909 0.9304985 -0.2916317 0.08317172 0.952908 -0.2986935 -0.008106887 0.9543147 -0.2627429 -0.215431 0.9405082 -0.4111954 -0.04149007 0.9106026 -0.4342795 -0.06169241 0.8986631 -0.4116879 -0.03974264 0.910458 -0.4099879 0.05107343 0.9106599 -0.4948144 0.0725823 0.8659623 -0.4450449 -0.03647595 0.8947651 -0.3559261 -0.1621277 0.920343 -0.4666171 -0.002227485 0.8844566 -0.4502208 0.04189848 0.8919338 -0.3965986 0.04407614 0.9169335 -0.3994364 0.0180341 0.9165835 -0.4685422 0.07680594 0.8800961 -0.3944188 -0.119997 0.9110623 -0.3775072 -0.1634708 0.9114635 -0.2874531 -0.1354143 0.9481738 -0.3769708 0.009590268 0.9261756 -0.4298635 0.04699414 0.9016702 -0.4088335 0.03435951 0.9119619 -0.4010949 -0.07765823 0.9127389 -0.4032467 -0.08165985 0.9114406 -0.3795819 0.098172 0.9199347 -0.2725108 -0.02123528 0.9619184 -0.3287791 -0.1356213 0.9346183 -0.3633196 0.0327661 0.9310882 -0.3830968 0.2317208 0.8941714 -0.3727728 -0.07268482 0.9250715 -0.4253064 -0.2481298 0.8703712 -0.4881362 0.002227962 0.8727647 -0.5189737 0.07963871 0.8510723 -0.3760848 -0.06624072 0.9242146 -0.280485 -0.06544458 0.9576249 -0.3708419 0.009473085 0.9286477 -0.5335119 0.00571388 0.8457733 -0.5035558 -0.06661498 0.8613908 -0.3716843 0.1234045 0.9201208 -0.4084268 0.07984054 0.9092926 -0.5483731 -0.05031025 0.834719 -0.5064693 -0.03797918 0.8614213 -0.4226067 -0.06776249 0.9037764 -0.4685451 -0.1564797 0.8694709 -0.5016683 -0.04674673 0.8637961 -0.3310253 -0.02045023 0.9434003 -0.3340092 0.04136508 0.9416617 -0.404889 0.007256865 0.9143371 -0.3477022 -0.03323531 0.9370158 -0.3424229 -0.01954895 0.9393426 -0.3827067 -0.06513464 0.921571 -0.4098254 0.04726344 0.9109387 -0.3842552 -0.05416232 0.9216368 -0.3666094 0.09858179 0.9251375 -0.358491 0.1396887 0.923023 -0.4059638 -0.2334086 0.8835801 -0.3538041 -0.1463981 0.9237914 -0.183462 -0.05345487 0.9815724 -0.2263791 -0.08027434 0.9707258 -0.1832778 -0.03677558 0.9823731 -0.2093712 -0.09764719 0.9729485 -0.4442715 0.03004032 0.8953886 -0.4613091 -0.02404433 0.8869137 -0.373247 0.007871806 0.9276986 -0.1915382 0.01977932 0.9812858 -0.2455872 -0.002841234 0.9693704 -0.2700051 -0.09876066 0.9577805 -0.2853004 -0.1103475 0.9520646 -0.5224249 0.1183859 0.8444271 -0.4594342 0.01807963 0.8880278 -0.4537568 -0.01583933 0.8909848 -0.3798121 -0.07722717 0.9218345 -0.3165402 -0.07915008 0.9452713 -0.3770403 0.002576828 0.9261932 -0.5016653 -0.03361606 0.8644084 -0.3703094 -0.02914547 0.9284512 -0.2538696 -0.01726454 0.9670844 -0.3893633 0.001672506 0.9210827 -0.5475783 0.06011092 0.8345926 -0.4092956 -0.01020586 0.9123448 -0.4446206 -0.07004356 0.8929762 -0.5366392 -0.05561113 0.8419773 -0.4878777 -0.04953628 0.8715053 -0.3406052 -0.01842993 0.9400258 -0.4367009 0.05993294 0.8976082 -0.5849239 -0.03322786 0.8104073 -0.4547019 -0.1243322 0.8819229 0.6797751 0.2787548 0.6783817 0.5750796 0.3144195 0.7552642 0.7064922 0.08536738 0.7025534 0.7769419 -0.05130666 0.6274783 0.7432074 0.03764015 0.6680015 0.722446 0.1610404 0.672412 0.7190493 0.09643834 0.6882354 0.681167 -0.1375046 0.7190995 0.725183 -0.1113806 0.679488 0.7330952 0.01447856 0.6799719 0.6946157 0.06288963 0.7166268 0.7497092 0.009611427 0.6616977 0.7521036 -0.1250224 0.6470778 0.6958011 0.003065407 0.7182279 0.785626 -0.03161829 0.6178933 0.7804445 0.03903472 0.6240055 0.7518036 -0.05633443 0.6569764 0.7513051 -0.1151784 0.6498267 0.7004587 0.03607356 0.7127808 0.7005756 -0.07068645 0.7100685 0.7508955 -0.1191425 0.6495854 0.7785277 -0.01441633 0.6274448 0.7243648 0.05877107 0.6869074 0.6762851 0.07797384 0.7325016 0.733482 -0.06934702 0.6761621 0.7539701 -0.07596218 0.652502 0.7196035 0.1198068 0.6839716 0.7417215 -0.03311544 0.6698901 0.719336 -0.1181976 0.6845327 0.7265191 0.0744695 0.683099 0.7499054 -0.04747676 0.6598393 0.708101 -0.1271964 0.6945604 0.6831525 0.0241698 0.7298757 0.6890617 -0.06831276 0.7214759 0.7316108 0.02745062 0.6811697 0.8099354 -0.03639006 0.5853891 0.7399383 -0.06801146 0.6692277 0.7211338 -0.05075979 0.6909338 0.6108812 0.1453694 0.7782621 0.6055838 0.07929837 0.7918207 0.6966242 -0.155376 0.7004092 0.7767637 -0.04788404 0.6279692 0.6876392 0.1794335 0.7035311 0.7507236 -0.001474976 0.6606147 0.8337634 -0.2510548 0.4917421 0.8108726 -0.02781361 0.5845614 0.6823334 0.06172901 0.7284303 0.6916886 -0.1576747 0.7047734 0.6522663 -0.02560597 0.7575572 0.652265 0.03638154 0.7571176 0.6813853 -0.154657 0.7153987 0.6532961 -0.04105955 0.7559884 0.6697096 0.1343459 0.73037 0.7097657 0.05111646 0.7025808 0.7630861 -0.1561369 0.627153 0.7413422 -5.25314e-4 0.6711271 0.7392831 -0.009466171 0.6733283 0.7379117 -0.09543007 0.6681163 0.6590349 -0.07008635 0.7488397 0.6596065 -0.06772869 0.7485533 0.6005492 0.1349806 0.7881124 0.7307591 0.0252062 0.68217 0.7774833 0.01704293 0.6286726 0.7884949 0.06699758 0.6113813 0.7907938 -0.0964263 0.6044395 0.7608555 -0.03592342 0.6479262 0.7690362 -0.05863237 0.6365104 0.6262403 0.09148406 0.7742441 0.7510173 -0.0498318 0.6583995 0.7481765 -0.2077047 0.6301515 0.6056575 0.04879951 0.7942277 0.5393633 0.02878463 0.8415811 0.55817 -0.1160221 0.8215748 0.6687362 -0.1069185 0.735772 0.686813 -0.09441441 0.720676 0.7394292 0.07581269 0.6689521 0.7468923 0.03031444 0.6642537 0.6641553 -0.001356303 0.7475934 0.7123878 -0.008620023 0.7017331 0.6182195 -0.01672768 0.7858275 0.5887514 -0.05975019 0.8061028 0.7391477 -0.08524429 0.6681274 0.7300601 0.05730998 0.6809757 0.7476983 0.02597439 0.6635304 0.6885274 -0.01378822 0.7250793 0.7270482 -0.07523602 0.6824519 0.7166154 0.006675302 0.6974366 0.55168 0.0925734 0.8289024 0.740001 -0.176877 0.6489323 0.7303726 -0.02342355 0.6826472 0.7789638 -0.04200965 0.6256603 0.7933701 -0.04299288 0.6072195 0.7819473 0.02950352 0.6226462 0.7493155 -0.03633314 0.6612157 0.6475337 -0.04449331 0.760737 0.4791857 -0.005697906 0.8776951 0.498006 -0.07769513 0.8636861 0.7176374 -0.1553378 0.6788716 0.7077782 0.07831335 0.7020806 0.595703 0.0328564 0.8025326 0.7417418 -0.08519059 0.6652531 0.9840583 0.01251572 -0.1774054 0.947816 -0.1028136 -0.3017851 0.9419395 0.03919231 -0.3334878 0.9312889 0.2529288 -0.2621607 0.9424173 0.1254163 -0.3100331 0.9270685 -0.2483177 -0.2808604 0.9846808 -0.09510535 -0.1461464 0.954891 -0.02207535 -0.2961352 0.9889298 0.04152822 -0.1424546 0.9873742 0.1311212 -0.08887887 0.9392576 -0.09275525 -0.3304417 0.9412594 -0.1325815 -0.3105687 0.9802482 0.002819776 -0.1977511 0.9786506 0.1106028 -0.1732344 0.9534422 -0.1088078 -0.2812631 0.9632928 -0.1295558 -0.2351218 0.9755692 -0.04109865 -0.2158139 0.9886541 0.0711047 -0.1323147 0.9720686 -0.02861666 -0.232946 0.9706963 0.02397429 -0.2391105 0.97236 -0.007630586 -0.2333624 0.9814848 -0.05889308 -0.1822618 0.9663733 -0.05979037 -0.2500957 0.9561041 0.04884356 -0.2889281 0.9280039 0.01245611 -0.3723624 0.98598 -0.007012724 -0.1667165 0.9755114 -0.1054922 -0.1930001 0.9498001 -0.03377264 -0.3110296 0.983614 0.003079295 -0.1802614 0.9844229 -0.07319545 -0.1598565 0.9861766 0.04294204 -0.1600363 0.9510576 -0.08422333 -0.2973144 0.9596589 -0.07660621 -0.2705296 0.990582 0.04331994 -0.1298879 0.990547 -0.06956917 -0.118224 0.9765639 -0.1122189 -0.1836568 0.9796239 0.1409978 -0.1430265 0.9814274 0.1221544 -0.1479147 0.9792985 -0.1006181 -0.1756435 0.9534737 -0.1841955 -0.2386627 0.9814131 0.07193577 -0.1779148 0.9742372 -0.08310478 -0.2096561 0.9429009 -0.1839179 -0.2776909 0.9274848 0.09863668 -0.3606143 0.9590407 0.1375255 -0.2476446 0.9621014 -0.1276797 -0.2409542 0.9828839 -0.09624952 -0.1570838 0.9881179 0.05109983 -0.144954 0.9918992 0.01131635 -0.126523 0.9935055 -0.03727656 -0.1075055 0.9865137 0.1060219 -0.1247004 0.9951559 0.06473267 -0.07399034 0.9883935 -0.1342877 -0.0710299 0.9964331 -0.0221278 -0.08143401 0.9674668 -0.0171352 -0.252417 0.957795 -0.1186394 -0.2618271 0.9612169 -0.1176358 -0.2494474 0.9796113 -0.02018219 -0.1998856 0.9817937 0.08699047 -0.1688605 0.9903312 0.009242236 -0.1384157 0.9585202 0.02212333 -0.284165 0.9429867 0.01078814 -0.3326554 0.9826892 -0.05033314 -0.1782932 0.9991737 -0.03798449 -0.01446449 0.9691642 -0.1271278 -0.2110906 0.9515389 0.05205649 -0.3030906 0.9667865 0.09833723 -0.2359106 0.9654867 -0.07545894 -0.2492823 0.9817562 0.1594002 -0.1036658 0.9503722 -0.02352821 -0.3102241 0.9397528 -0.179533 -0.2909169 0.975767 -0.04508167 -0.2141181 0.9720145 -0.1179624 -0.2031567 0.9890862 0.04475611 -0.1403764 0.9929769 0.07930362 -0.08779466 0.9592629 0.02538532 -0.2813726 0.9448535 -0.01438307 -0.3271774 0.9694641 -0.05276983 -0.2394889 0.9699441 -0.07448613 -0.2316473 0.9784346 -0.01863664 -0.2057147 0.9867379 0.03844767 -0.1577029 0.9909895 -0.05999469 -0.1197524 0.9986358 0.04798859 -0.02058821 0.9816669 -0.03021913 -0.1881942 0.9989821 -0.04295778 -0.01376998 0.9941486 -0.0274598 -0.1044729 0.9969875 -0.05067545 -0.05871945 0.9828819 0.03334593 -0.1811946 0.931275 -0.02363395 -0.36355 0.9398775 -0.05554443 -0.3369648 0.9530259 -0.01902872 -0.3022903 0.9574842 -0.04758477 -0.2845343 0.9788773 -0.04939049 -0.1983934 0.9711853 -0.04647386 -0.2337505 0.9896348 0.08328831 -0.1169871 0.9899986 -0.017461 -0.1399925 0.9334363 -0.1213145 -0.3376086 0.9436156 -0.1179451 -0.3093196 0.9849267 -0.00320357 -0.1729431 0.4139368 0.05629062 -0.9085636 0.3217361 -0.04145252 -0.9459215 0.3113488 0.02090859 -0.9500657 0.2231684 0.05079036 -0.9734559 0.2074716 0.03797566 -0.9775037 0.24199 -0.07270914 -0.9675506 0.3446139 0.02163028 -0.9384953 0.380086 -0.02035766 -0.9247272 0.4263718 0.07858866 -0.9011276 0.4100843 0.0748189 -0.9089736 0.4304565 -0.08994203 -0.898119 0.4501117 -0.06795662 -0.8903828 0.4021047 -0.04763263 -0.9143539 0.3840432 0.02398043 -0.9230037 0.4232372 0.02495586 -0.9056753 0.4144302 -0.1105607 -0.9033405 0.4923602 -0.01572185 -0.8702495 0.4537128 -0.02886188 -0.8906804 0.4108526 -0.05010092 -0.9103242 0.3812126 0.03130704 -0.9239572 0.4047365 0.06212329 -0.9123208 0.4461096 -0.01944154 -0.8947673 0.4004142 -0.07706165 -0.9130882 0.4065367 -0.01032418 -0.9135761 0.4692903 0.06529295 -0.8806267 0.4187884 -0.04502499 -0.906967 0.3658672 -0.1416589 -0.9198228 0.4621503 0.1006341 -0.8810731 0.5066626 0.1073553 -0.8554344 0.4629045 -0.194921 -0.8647111 0.4159571 -0.1211825 -0.9012739 0.3680199 0.01412969 -0.9297105 0.3650422 0.005935549 -0.9309721 0.4512426 -0.01081019 -0.892336 0.5860672 -0.04679661 -0.80891 0.5249185 -7.54997e-4 -0.8511522 0.2931345 0.08223682 -0.9525279 0.1926774 -0.03605997 -0.9805994 0.3678001 -0.09322094 -0.9252206 0.5294572 0.121612 -0.8395747 0.4536605 0.1443135 -0.8794122 0.4132695 -0.02844446 -0.9101644 0.320503 -0.2131469 -0.9229552 0.2670153 -0.1150674 -0.956798 0.2466133 0.009563446 -0.9690669 0.309318 -0.03327631 -0.9503763 0.4088109 0.04670429 -0.9114233 0.4154297 0.09893637 -0.9042289 0.3345568 -0.08900624 -0.9381629 0.3528463 -0.1696519 -0.9201727 0.4915001 0.1318066 -0.8608453 0.4435482 0.1095879 -0.8895254 0.3783154 -0.1433297 -0.9145131 0.4012752 -0.007932007 -0.9159233 0.4332907 -0.004665613 -0.9012422 0.2850794 -0.2615396 -0.9221317 0.3984512 -0.02381914 -0.9168803 0.443963 0.04811769 -0.8947522 0.4474499 0.1728096 -0.8774541 0.4676856 0.0635907 -0.8816045 0.4240544 -0.09144186 -0.9010085 0.2735327 -0.0820797 -0.9583543 0.4011598 -0.03306829 -0.915411 0.4385148 -0.001274108 -0.8987231 0.3930867 -0.04692333 -0.9183034 0.3247476 0.05392426 -0.9442623 0.4938454 0.1099746 -0.8625674 0.4898434 -0.1977912 -0.8490772 0.3844538 -0.1416634 -0.9122099 0.5573005 0.05952763 -0.8281743 0.4428411 -0.04460769 -0.8954898 0.5789254 0.06245374 -0.8129853 0.5383872 -0.01761472 -0.8425135 0.4088476 0.04602849 -0.9114412 0.4394953 0.01028883 -0.898186 0.3026624 -0.1029109 -0.9475256 0.5101057 0.1073628 -0.8533847 0.5359241 -0.08733958 -0.8397364 0.4425874 -0.1542078 -0.8833665 0.4873673 0.03098005 -0.8726474 0.5557477 0.06757557 -0.8286001 0.528181 -0.09406155 -0.8439059 0.4241479 -0.06515288 -0.9032462 0.2688944 -0.04057377 -0.9623148 0.4777549 0.02019166 -0.8782612 0.6169788 0.08001488 -0.7829015 0.5403859 -0.044034 -0.8402643 0.4127631 -0.03638249 -0.9101116 0.3337308 -0.06117427 -0.9406815 0.4198421 0.02917176 -0.9071283 0.417878 -0.07866925 -0.9050907 0.4669567 -0.06699973 -0.8817384 0.3643335 0.04636967 -0.9301134 0.309988 0.002433955 -0.9507374 0.4536906 -0.008422553 -0.8911195 0.508363 -0.05685085 -0.8592643 0.3588378 -0.08922827 -0.9291254 0.3117606 -0.1070402 -0.9441123 0.4136127 -0.01388335 -0.9103472 -0.5225478 0.1238564 -0.8435659 -0.4702174 0.0905227 -0.877896 -0.4622294 -0.006126523 -0.8867393 -0.4549117 0.1576308 -0.8764747 -0.5064498 0.07437765 -0.8590556 -0.4760675 -0.1329982 -0.8692935 -0.5468957 -0.1186133 -0.8287558 -0.6547871 -0.05006772 -0.7541532 -0.6020769 0.08088028 -0.794331 -0.5277495 0.1232644 -0.8404086 -0.5865613 -0.09238773 -0.8046182 -0.6819453 -0.1265818 -0.7203664 -0.6359942 -0.01129287 -0.7716112 -0.5534851 0.05458974 -0.831068 -0.5661975 -0.03997683 -0.8232996 -0.5178807 -0.1599885 -0.840359 -0.5540851 -0.04424834 -0.8312833 -0.5908987 -0.04456371 -0.805514 -0.5929719 -0.1277619 -0.7950228 -0.5761795 0.001728534 -0.8173214 -0.5099549 0.08644223 -0.8558469 -0.5096447 0.03865611 -0.8595162 -0.6122379 -0.1364395 -0.7788125 -0.5642392 0.01943707 -0.8253825 -0.5332587 0.1533904 -0.8319294 -0.6218368 -0.01793974 -0.7829414 -0.5000559 -0.009164452 -0.8659447 -0.4886652 0.02394354 -0.8721428 -0.5677619 -0.01933819 -0.8229658 -0.5677317 -0.140361 -0.8111594 -0.5900197 -0.06695431 -0.804608 -0.5748514 -0.01917916 -0.8180331 -0.5397115 -0.01109117 -0.841777 -0.5800706 -0.02788811 -0.8140887 -0.5220727 -0.06684297 -0.8502777 -0.553515 -0.03108024 -0.8322592 -0.5531663 0.0728479 -0.8298798 -0.528954 0.01087766 -0.8485808 -0.4777202 -0.05392181 -0.8768557 -0.467972 0.04020464 -0.8828283 -0.633087 0.08771049 -0.7690955 -0.5743025 -0.02623856 -0.8182225 -0.5618914 -0.2026417 -0.8020064 -0.4500645 -0.0238946 -0.8926763 -0.4068862 0.08108478 -0.9098731 -0.515678 -0.08676117 -0.8523783 -0.5426568 0.0107392 -0.8398858 -0.4560021 0.08453381 -0.885955 -0.5876813 -0.1329219 -0.7980993 -0.6729155 -0.1057429 -0.7321225 -0.5834885 0.1543095 -0.7973267 -0.6272699 0.06513583 -0.7760735 -0.5661773 -0.1432551 -0.8117398 -0.5097981 0.005093932 -0.8602792 -0.5568735 -0.01739639 -0.8304151 -0.5586242 -0.1527599 -0.8152323 -0.5826599 -0.06313824 -0.8102599 -0.5508143 -0.0299111 -0.8340917 -0.5002305 0.1004883 -0.8600417 -0.5379692 -0.02241194 -0.8426666 -0.5655108 -0.05563503 -0.8228623 -0.5358156 0.05329865 -0.8426511 -0.450915 -0.02771413 -0.8921366 -0.6519896 -0.09571528 -0.7521625 -0.5647818 -0.03982555 -0.8242788 -0.5066115 0.1318393 -0.8520348 -0.7134156 0.02287203 -0.7003679 -0.6022111 -0.2054719 -0.7714423 -0.5295491 -0.05998241 -0.8461561 -0.5116778 0.02735352 -0.858742 -0.5730065 -0.1014863 -0.813243 -0.4849958 -0.02476519 -0.8741658 -0.5747297 -0.05545896 -0.816462 -0.629988 -0.03278392 -0.7759126 -0.5198623 0.0843386 -0.8500766 -0.4088341 0.08688873 -0.908463 -0.4603056 -0.01905924 -0.887556 -0.4579362 -0.06444102 -0.8866464 -0.3893806 -0.0577749 -0.9192633 -0.6091977 -0.04099392 -0.7919582 -0.6603075 0.06453454 -0.7482175 -0.5098716 0.00878036 -0.8602058 -0.5254544 -0.002999305 -0.8508165 -0.5705438 -0.05123496 -0.8196675 -0.5033167 -0.09894919 -0.8584179 -0.4677017 0.007686674 -0.8838529 -0.4951429 0.02012521 -0.8685785 -0.59979 -0.07480877 -0.7966528 -0.5757574 -0.07111549 -0.814522 -0.5270375 0.02836507 -0.8493686 -0.3334022 0.03077369 -0.9422824 -0.4816476 -0.03147047 -0.8757998 -0.5954422 -0.04782688 -0.8019733 -0.5668333 -0.04394704 -0.8226596 -0.6120505 -0.08013641 -0.786748 -0.675597 -0.1256098 -0.7264922 -0.6748032 0.009823262 -0.7379323 -0.5986646 -0.08612936 -0.7963557 -0.4747303 0.02164936 -0.8798651 -0.9692744 0.1969266 -0.1474016 -0.9955977 0.01076179 -0.09311056 -0.9992433 0.03630584 0.01395982 -0.9739772 0.2263008 0.01251059 -0.9984549 0.04204493 0.03633308 -0.970564 -0.2363833 -0.04613775 -0.9868516 -0.1385496 -0.08323431 -0.9972857 0.05759203 -0.04587352 -0.9990806 0.04057174 -0.01385551 -0.995687 0.06062692 -0.07022857 -0.9973061 -0.06451767 -0.03490096 -0.9988991 -0.04565966 0.01077109 -0.9990361 0.03945952 0.01922714 -0.9968754 3.42969e-4 0.07898992 -0.9923061 -0.11676 0.04117983 -0.9917582 -0.1275997 -0.01158356 -0.9987789 -0.04252356 0.02515071 -0.9998322 0.007092475 -0.01689642 -0.9901315 -0.1366028 0.03129404 -0.9994713 0.03236204 0.003136277 -0.976001 0.185467 -0.114123 -0.9957174 -0.0584746 -0.07160669 -0.9850911 -0.1676189 0.03872269 -0.9985514 0.04356825 -0.03157585 -0.997964 -0.02674388 0.05790078 -0.9845356 -0.1100947 0.1362671 -0.9959082 -0.0830574 0.03561604 -0.9967101 0.08045983 -0.009759604 -0.9993991 0.008643209 -0.03356826 -0.9870851 -0.1600773 -0.006195664 -0.9940267 -0.00852096 -0.1088045 -0.999751 -0.01560044 -0.01595979 -0.9995854 -0.02120572 0.01947879 -0.998142 0.01952868 -0.05771744 -0.9980803 -0.008285224 -0.0613777 -0.9865136 -0.1055289 0.1251187 -0.9893573 0.127866 0.06944406 -0.9942967 0.1053854 -0.0163719 -0.9856132 -0.1563971 0.0640828 -0.9856356 -0.1455696 0.08562707 -0.9992613 0.01269322 0.03627401 -0.9995537 -0.02002656 -0.02216631 -0.9946039 -0.07241946 -0.07428723 -0.9971367 -0.01118266 0.07478988 -0.9956728 0.01004707 0.09238362 -0.9958179 -0.09106463 -0.007350504 -0.9960751 -0.05252534 -0.07124388 -0.9912943 0.02838921 -0.128568 -0.997112 -0.02320832 -0.07231235 -0.9998415 -0.01138138 0.01369315 -0.9894253 0.1094712 0.09515231 -0.9926822 -0.001533031 0.1207476 -0.9907626 -0.1356019 -0.001301288 -0.9890002 -0.02331638 -0.1460656 -0.995321 0.04386126 -0.08609527 -0.995094 -0.09880137 -0.005121171 -0.9832928 -0.1051946 -0.1485579 -0.9975429 -0.03071898 -0.06296396 -0.9767843 0.06524443 -0.2040485 -0.9642215 0.02693456 -0.2637261 -0.998026 -0.01522958 0.06092762 -0.9973477 0.001845359 0.07276165 -0.9990458 0.008645594 -0.0428124 -0.9890571 -0.0185694 -0.1463602 -0.9975548 -0.06835955 0.01454728 -0.9867331 -0.01466929 0.1616874 -0.9970157 -0.07697409 0.005893468 -0.9928366 -0.1172447 -0.02300775 -0.989015 0.1322149 -0.0660963 -0.9934511 -0.0540325 0.1006754 -0.9774129 -0.1722807 0.122407 -0.9959083 -0.01850616 -0.08845543 -0.9957577 -0.07788181 -0.04900032 -0.9714508 0.06767004 -0.2273856 -0.9925938 0.04533231 -0.1127051 -0.9998528 0.01245331 -0.0118013 -0.9988663 0.005414783 -0.04729509 -0.9873698 -0.03430932 -0.1546735 -0.986971 -0.07016831 -0.1447921 -0.9931514 -0.07970535 0.08542472 -0.9955965 0.09343457 0.007594764 -0.9999251 -0.01175588 -0.003395378 -0.9975173 -0.06914079 0.01337462 -0.9872632 0.003938972 -0.1590473 -0.9862223 -0.1012868 -0.1307929 -0.9823014 0.05462551 -0.179165 -0.993217 -0.06846916 0.093979 -0.9837795 0.02803319 0.1771782 -0.9870898 0.001773238 -0.1601583 -0.9950986 -0.04923593 -0.08576011 -0.9990656 -0.04296344 -0.004690587 -0.9993222 0.02655875 0.0254904 -0.9996188 0.01112753 -0.02527153 -0.9964213 -0.04503357 -0.07153099 -0.9990732 -0.04258143 0.006293356 -0.9969879 -0.07108658 0.03101378 -0.9938232 0.081299 0.07553815 -0.9959975 -0.02899998 0.08454555 -0.9694678 -0.01609569 -0.2446899 -0.558287 0.1328487 0.8189426 -0.672253 0.05560696 0.7382302 -0.6629413 0.04416942 0.7473673 -0.5564628 0.1193946 0.8222494 -0.3915312 0.06535851 0.9178407 -0.3935024 -0.1225858 0.911114 -0.5806776 0.01634091 0.8139697 -0.57189 -0.01634997 0.8201675 -0.609676 0.03031653 0.7920708 -0.658337 0.04343026 0.7514694 -0.644474 -0.1080464 0.7569539 -0.6006156 0.01321321 0.7994288 -0.6117694 0.05118358 0.7893785 -0.6080867 0.0881403 0.7889626 -0.5809748 -0.02194851 0.8136257 -0.5341742 -0.2312443 0.8131323 -0.4968782 -0.03962355 0.8669154 -0.4413757 -0.06841468 0.8947105 -0.5407003 -0.08565187 0.8368435 -0.6330896 0.07801723 0.770137 -0.5041071 0.08358454 0.859587 -0.5557399 0.009994626 0.8312962 -0.568574 -0.1521692 0.8084357 -0.5791123 -0.0392574 0.8143022 -0.5561921 0.06241625 0.8287066 -0.5195672 0.05382186 0.8527328 -0.5574722 -0.04366993 0.8290463 -0.6750686 0.04902857 0.736124 -0.6484718 -0.05483025 0.7592614 -0.6086164 -0.1447751 0.7801451 -0.6035268 -0.06734943 0.7944933 -0.5020448 -0.05353689 0.863183 -0.5552439 0.06852817 0.8288595 -0.5459886 0.01307862 0.8376905 -0.5578284 -0.05399632 0.828198 -0.5553814 -0.1041078 0.8250535 -0.5360684 0.1129241 0.8365877 -0.5465361 -0.01810193 0.8372399 -0.5750334 -0.1690719 0.8004695 -0.5730645 0.04510152 0.8182683 -0.5558978 0.1717101 0.8133225 -0.6255041 -0.05984306 0.7779226 -0.5998609 -0.2579299 0.7573898 -0.6071859 -0.0251379 0.7941622 -0.6478332 0.1075254 0.7541555 -0.6335946 -0.009335935 0.7736089 -0.5753909 -0.001944005 0.8178762 -0.4663342 -0.0431329 0.8835565 -0.5707435 -0.08440011 0.8167794 -0.7414853 -0.00774455 0.6709244 -0.6651402 0.1193442 0.7371198 -0.625655 0.05756795 0.777973 -0.6721168 -0.1485434 0.7253923 -0.7243338 0.01581859 0.689268 -0.6421778 -0.02990651 0.7659721 -0.5738435 -0.1362909 0.8075448 -0.5377421 -0.07114034 0.8401027 -0.599431 0.01982486 0.8001809 -0.6146337 0.0615853 0.7864049 -0.604071 0.04135686 0.7958568 -0.5925875 0.02135902 0.8052229 -0.4964647 -0.0314781 0.8674861 -0.4930726 -0.05480623 0.8682603 -0.4883936 0.04629111 0.8713948 -0.5007422 -0.05096107 0.8640951 -0.6275911 0.02237451 0.7782215 -0.739912 0.1397313 0.6580315 -0.5952864 -0.2125638 0.7748876 -0.5775346 -0.08320665 0.8121148 -0.5211217 -0.003856241 0.8534736 -0.4283072 -0.09813821 0.8982884 -0.4918481 0.01229774 0.8705943 -0.5107184 -0.1089928 0.8528114 -0.6386643 -0.02143275 0.7691869 -0.554704 -0.02990812 0.83151 -0.5835586 0.04274654 0.8109453 -0.5641078 0.07040059 0.8226945 -0.5206668 -0.07128751 0.8507785 -0.6234555 -0.1081486 0.774343 -0.613139 -0.128965 0.7793771 -0.5653498 0.142175 0.812506 -0.5023122 0.0930373 0.8596665 -0.4884408 -0.04793035 0.8712798 -0.538035 -0.06361091 0.8405188 -0.5114257 -0.08572137 0.8550413 -0.5062254 0.008423507 0.8623601 -0.5304803 -0.05384272 0.8459857 -0.6349309 0.02111697 0.7722803 -0.5705886 0.03143596 0.8206343 -0.4298127 -0.03202998 0.9023498 -0.5486567 0.01378071 0.8359342 -0.6085073 0.04247969 0.7924106 -0.4781176 -0.1102872 0.871344 -0.5902607 -0.08729863 0.8024783 -0.5996332 0.03707218 0.7994159 -0.4726688 -0.01034998 0.8811795 -0.5863904 -0.008804023 0.8099808 -0.7169829 -0.05635762 0.694809 -0.660542 -0.063358 0.748111 0.5727897 0.2282619 0.7872792 0.5033487 0.1301167 0.8542305 0.5518434 -0.03300559 0.8332943 0.5334047 0.008795082 0.8458145 0.4507575 0.1566188 0.8787994 0.4621092 0.0835281 0.8828806 0.5099221 -0.1455753 0.8478133 0.5192075 -0.07243776 0.8515729 0.5433455 0.02097547 0.8392472 0.5559744 0.02863508 0.8307061 0.5001484 0.07738149 0.8624753 0.5496227 -0.102546 0.8290956 0.5675015 -0.04402852 0.8221945 0.4986828 0.04529261 0.8656004 0.5662273 0.03736817 0.8234018 0.6600086 -0.08587396 0.746334 0.6494262 -0.159181 0.7435773 0.6256837 0.0398181 0.77906 0.5646414 -0.06179296 0.8230199 0.5546878 -0.1250208 0.8226125 0.6149289 0.05860245 0.7864021 0.7156823 -0.006458938 0.6983961 0.5520163 0.03710651 0.8330073 0.4297366 -0.01371324 0.9028502 0.5340228 -0.04227066 0.8444128 0.5797215 0.07325637 0.811515 0.5455477 0.01214271 0.8379918 0.5743057 -0.1196259 0.8098535 0.5865331 0.09903985 0.8038471 0.6316595 -0.04925572 0.7736797 0.57434 -0.1810457 0.7983459 0.569156 0.03403067 0.821525 0.6191428 -0.03357732 0.7845603 0.5678807 0.02771568 0.8226442 0.5361019 0.04601818 0.8428981 0.5918499 -0.1160954 0.7976438 0.5775929 -0.05519598 0.8144568 0.4892292 0.08791983 0.8677126 0.4544596 0.1167645 0.8830813 0.5128099 -0.06759876 0.8558367 0.5864499 -0.02250331 0.8096728 0.5995526 0.1157453 0.7919217 0.4915628 0.02906292 0.8703572 0.4796652 -0.1804112 0.8587043 0.5784915 -0.06052297 0.81344 0.6155775 -0.001424252 0.7880751 0.6092268 -0.1442774 0.7797607 0.5966517 -0.07008713 0.799434 0.5525744 0.07992792 0.8296223 0.6235218 -0.1260586 0.7715762 0.5988093 -0.1048145 0.7940035 0.5118715 0.131518 0.8489351 0.4850139 0.07647234 0.8711565 0.5246334 -0.1133863 0.8437437 0.5846248 0.01324027 0.8111958 0.6844159 -0.007904946 0.7290489 0.5939913 -0.09483653 0.798862 0.5988169 -0.07411813 0.797449 0.6438297 -0.02460068 0.7647733 0.6500926 0.11189 0.7515719 0.6038417 0.01376515 0.7969855 0.5570446 0.01083844 0.8304119 0.5101897 0.06851536 0.8573285 0.5353831 -0.09508526 0.83924 0.5493379 0.02009236 0.8353587 0.6388953 -0.06476366 0.7665629 0.596297 0.04343801 0.8015878 0.6469628 0.03185564 0.7618559 0.7070669 -0.2195689 0.6721949 0.6534717 -0.03162348 0.7562901 0.5561583 -0.002021312 0.8310739 0.5158063 -0.1078217 0.8498932 0.5226176 -0.06356579 0.8501943 0.5379754 -0.04826164 0.841578 0.6831579 0.09054172 0.7246361 0.6042314 0.03527408 0.7960278 0.532777 -0.04390263 0.8451161 0.4830887 0.01715415 0.8754035 0.5062866 -0.03762948 0.8615439 0.520487 -0.04077082 0.8528958 0.6157266 -0.06514322 0.7852625 0.6439974 0.05634236 0.7629503 0.601633 0.03027588 0.7981987 0.5187989 0.001550793 0.854895 0.5793832 -0.06950151 0.8120867 0.5506063 -0.05354934 0.8330458 0.418797 0.0793733 0.9046044 0.5541003 -0.09576159 0.8269236 0.6297281 -0.03266936 0.7761283 0.6137737 -0.04792839 0.7880259 0.6410617 -0.07044553 0.7642495 0.6586288 -0.014454 0.7523292 0.537097 -0.04339003 0.8424038 0.5642551 -0.05544143 0.823737 0.5851846 -0.0539208 0.8091054 0.4985969 0.004030227 0.8668246 0.6625917 -0.08018225 0.7446765 0.6161338 0.03029966 0.7870585 0.5467461 0.00446546 0.8372866 0.6030307 -0.03426945 0.7969816 0.9974138 0.04156559 0.05863684 0.9967145 -0.05607211 0.05844873 0.994778 0.08600115 -0.05495971 0.9743312 0.207944 -0.08624523 0.9879201 0.1421051 0.06180787 0.9807835 -0.1930174 -0.02843016 0.9844696 -0.1337996 -0.113654 0.9988823 0.03577542 -0.03089338 0.9941569 -0.06043463 -0.08944165 0.9914382 0.1108556 0.06900268 0.995285 0.01284033 0.09614115 0.9861559 -0.1636424 -0.02678841 0.9983415 -0.05456787 -0.01834708 0.9880805 0.1278099 0.0858004 0.9966266 -0.07801556 0.02547848 0.9904324 -0.1104477 0.08273452 0.9985952 0.01329177 -0.05129456 0.9927462 -0.01585739 -0.1191794 0.9986963 -0.0397284 -0.032054 0.9988618 0.03034138 0.03680604 0.9991718 -0.003718972 -0.04052197 0.9888716 -0.1284087 -0.07512879 0.9986079 -0.005870878 0.05242151 0.9967721 0.07349741 0.03230679 0.9990676 0.03785622 -0.02076357 0.9943224 -0.08493977 -0.06409519 0.995177 -0.09791088 -0.00603038 0.9993377 0.03334909 0.01455664 0.9997518 0.02165782 -0.005236864 0.995856 -0.09090018 -0.002845048 0.9925384 0.02248919 0.1198412 0.9917351 -0.01683479 0.1271941 0.9941593 -0.1078452 0.004116117 0.9996356 0.01247614 0.02393758 0.9975671 -0.05311161 0.04515719 0.9952845 -0.06477063 0.07220488 0.9877403 0.1560534 0.004071176 0.9927945 0.1062587 -0.05539256 0.9906703 -0.125279 0.05364394 0.9888984 -0.148091 0.01221281 0.9976966 -0.003187656 -0.06775927 0.9988523 -0.01835805 0.04424172 0.977666 -0.2043959 -0.04890555 0.9866533 0.1140033 -0.1162695 0.9947047 0.07294946 -0.07239603 0.9890713 -0.1329094 0.06382071 0.9920027 -0.126191 -0.002571821 0.99722 0.0637899 0.03851413 0.9998344 -0.009694337 0.01540881 0.9902253 0.003911733 0.1394221 0.9950661 0.09638106 -0.023543 0.9998866 -0.005640208 0.01396095 0.9733744 -0.128402 0.1898818 0.9924228 0.004270374 0.1227957 0.9955995 0.06327563 0.06912332 0.9821895 -0.1694665 -0.08114743 0.9947388 -0.08077591 0.0630086 0.9959661 0.07723361 0.04567998 0.9920707 0.09669023 0.08029305 0.9951279 -0.03238475 0.09312272 0.9980872 0.06016254 0.01422727 0.9970823 0.06577986 -0.03872996 0.993336 -0.08343768 -0.07951045 0.9988047 -0.04350596 -0.02228367 0.99753 -0.06690454 -0.02139884 0.9945778 0.06219011 -0.08335089 0.9931703 0.09313231 -0.07027846 0.9960023 -0.08642649 -0.02258539 0.9955389 0.07737952 0.05398905 0.9887695 0.03698331 0.1448004 0.9887554 -0.1460241 0.03224718 0.9997762 0.007333517 -0.01984637 0.985583 -0.09415918 -0.1405717 0.989588 -0.01239365 -0.1433947 0.9978945 0.0619927 0.019068 0.9925363 0.05220293 0.1102123 0.9941846 0.058627 0.09033292 0.9875112 -0.08340358 -0.1336623 0.9942214 -0.07760286 -0.07417416 0.996488 -0.06015604 -0.05824881 0.9983665 0.04445403 -0.03589159 0.9956186 -0.08833229 -0.03067755 0.9857848 0.01409596 0.1674203 0.9918727 0.01063424 0.1267896 0.9880974 -0.09765332 0.1188597 0.9804224 -0.02428579 0.1954028 0.9787464 -0.04094606 0.2009453 0.9961745 0.07703775 0.04125028 0.9836767 -0.01272892 -0.1794948 0.9901414 -0.08485358 -0.1114448 0.9965963 -0.02806305 -0.07751351 0.9875056 -0.05867546 -0.1462533 0.9961181 -0.06301045 -0.06146901 0.9980363 -0.01901656 -0.05968272 0.9956586 0.001497149 -0.09306895 0.9857722 -0.03709065 0.1639438 0.9975566 -0.03101801 0.06260001 0.9749884 -0.1425628 -0.1705098 0.9992575 -0.03020375 -0.02392506 0.5968552 0.1396163 -0.7901084 0.545386 0.03814291 -0.8373168 0.5125801 -0.01374775 -0.8585294 0.558822 0.1061089 -0.8224712 0.4991664 0.03047519 -0.8659702 0.4831069 -0.08588755 -0.8713388 0.5343174 -0.03809922 -0.8444249 0.5416095 0.01730364 -0.8404521 0.5356307 6.64887e-4 -0.8444522 0.631619 0.0453158 -0.7739536 0.6346335 -0.07169753 -0.7694803 0.6237021 -0.05155444 -0.7799602 0.6056948 0.01717138 -0.7955119 0.5448301 9.34867e-4 -0.8385459 0.5864579 -0.0378614 -0.8090944 0.5836023 -0.1100037 -0.8045542 0.5647949 -0.05137497 -0.8236306 0.5727856 -5.66637e-4 -0.819705 0.5580983 -0.04732394 -0.8284242 0.6457544 0.00630033 -0.7635193 0.6240783 0.0436818 -0.7801399 0.5616983 -0.05456656 -0.8255407 0.6406545 -0.07119029 -0.764522 0.5838583 -0.01640582 -0.81169 0.5740064 0.01923656 -0.818625 0.6220533 0.02931118 -0.7824261 0.4726596 -0.1071195 -0.8747105 0.4965249 0.003256916 -0.8680165 0.630937 0.05678725 -0.7737531 0.6657533 -0.1457868 -0.7317915 0.5872559 -0.08570998 -0.8048505 0.526529 0.0491591 -0.8487348 0.5408807 -0.02366167 -0.8407664 0.5924366 -0.03929382 -0.8046582 0.5996971 -0.1260294 -0.7902405 0.713759 0.07249784 -0.6966292 0.5806145 0.1950296 -0.7904748 0.4034495 0.009185731 -0.9149558 0.346299 -0.2119125 -0.9138764 0.5429305 0.02304095 -0.8394616 0.6307181 0.1622763 -0.7588551 0.647118 -0.02873665 -0.761848 0.6032853 -0.1439514 -0.7844265 0.5290948 -0.06342506 -0.8461892 0.4564913 -0.01075899 -0.8896629 0.4982027 -0.06475859 -0.864639 0.5551714 -0.03472328 -0.831011 0.7183962 0.1429215 -0.680794 0.7362681 -0.009459793 -0.6766239 0.5335832 -0.1181802 -0.83745 0.4708703 0.0651915 -0.8797905 0.631013 0.1611669 -0.7588465 0.6004458 -0.09182828 -0.7943755 0.4709377 -0.063587 -0.8798719 0.6305085 0.03902292 -0.7752008 0.5232794 -0.1850792 -0.83182 0.5303853 -0.04111379 -0.8467592 0.6536713 0.08253103 -0.7522649 0.5610554 0.09773737 -0.8219881 0.631783 0.07317644 -0.7716835 0.6851402 -0.05044364 -0.7266626 0.583365 0.003530204 -0.8122025 0.4798481 -0.07326853 -0.8742868 0.4976708 -0.03379702 -0.8667074 0.5825529 0.004175424 -0.8127822 0.5298616 0.08821475 -0.8434839 0.5487644 0.05559724 -0.8341264 0.6138042 -0.1780026 -0.7691292 0.4830774 -0.0823881 -0.8716928 0.3615166 -0.0193758 -0.9321643 0.5386054 -0.04496222 -0.8413576 0.6115791 -0.03870189 -0.7902361 0.6887918 -0.009651243 -0.724895 0.6248296 0.04775732 -0.7792992 0.6051337 0.01325345 -0.7960136 0.5893838 -0.0538004 -0.8060598 0.5193594 0.02384191 -0.8542233 0.6162998 -0.04753774 -0.7860755 0.53448 -0.1381554 -0.833813 0.6216605 0.004393279 -0.7832746 0.6151727 0.08853161 -0.7834059 0.5407058 -0.05436581 -0.8394532 0.6147255 0.02378851 -0.7883824 0.421307 -0.01563507 -0.9067834 0.49956 -0.09323352 -0.8612475 0.6837089 0.07895797 -0.7254707 0.6224887 -0.01804125 -0.7824208 0.6182591 0.01333391 -0.7858613 0.4980546 -0.06787925 -0.8644849 0.5926121 0.001173377 -0.8054872 0.6329119 -0.0481888 -0.7727227 0.5830063 -0.06851828 -0.8095733 0.5723428 0.0575028 -0.8179959 0.5640245 -0.003191769 -0.825752 0.5896535 -0.08365732 -0.8033121 0.7008596 -0.02733463 -0.7127753 0.5829707 -0.02153277 -0.8122078 0.4717098 -0.09723579 -0.8763762 0.4762641 -0.01842266 -0.8791093 -0.4643981 0.06089371 -0.8835307 -0.3396534 0.02166283 -0.9403012 -0.3023217 -0.05015254 -0.9518857 -0.2066453 0.1281457 -0.9699879 -0.1624745 0.05494725 -0.9851816 -0.25112 -0.09145575 -0.9636257 -0.3637382 -0.002242088 -0.9314986 -0.4541535 -1.76143e-4 -0.8909235 -0.4644405 0.05098497 -0.8841355 -0.4493868 0.05097341 -0.8918818 -0.3978285 -0.04174566 -0.9165097 -0.4097762 -0.02995163 -0.9116944 -0.4836957 -0.07217776 -0.8722552 -0.4011185 -0.005985736 -0.9160066 -0.3333531 0.005913317 -0.9427835 -0.4587302 -0.1548967 -0.8749707 -0.4307903 -0.02027821 -0.9022242 -0.4424927 -0.03861302 -0.8959405 -0.4571978 -0.1437019 -0.8776787 -0.3827159 0.008978962 -0.9238226 -0.3954802 0.08803665 -0.9142456 -0.3976941 0.05112409 -0.9160928 -0.4470478 -0.05137109 -0.8930338 -0.5584282 0.007149696 -0.829522 -0.447755 0.1416602 -0.8828635 -0.3910686 0.01673072 -0.9202095 -0.3699864 -0.09552288 -0.9241134 -0.3869702 0.09642255 -0.917037 -0.5366935 0.03140294 -0.8431926 -0.5747455 -0.1857913 -0.7969624 -0.4454466 -0.07892078 -0.8918234 -0.3624004 -0.03869622 -0.931219 -0.3653955 -0.007578551 -0.9308216 -0.4603612 -0.02080911 -0.8874879 -0.4575662 -0.1178556 -0.8813304 -0.3602432 -0.0421319 -0.9319066 -0.3312059 0.06577539 -0.9412631 -0.3679221 0.03362751 -0.9292485 -0.4439106 -0.04674208 -0.8948512 -0.4766477 0.01350802 -0.8789907 -0.3418385 0.1161718 -0.9325506 -0.3378678 -0.06093168 -0.9392192 -0.3214209 -0.1882188 -0.9280422 -0.3573417 -0.07009476 -0.9313398 -0.3735489 0.06589382 -0.9252672 -0.3445277 -0.05326563 -0.9372639 -0.3065313 0.04019844 -0.9510115 -0.3515129 0.07048386 -0.933526 -0.3373795 -0.08315587 -0.9376888 -0.4056825 -0.1018421 -0.9083226 -0.44603 0.1172548 -0.8873041 -0.4255551 0.1069704 -0.8985879 -0.473561 -0.1904633 -0.8599207 -0.412337 0.03034216 -0.910526 -0.4891524 -0.01655495 -0.8720413 -0.4078724 -0.142828 -0.9017984 -0.3885585 -0.06666284 -0.9190095 -0.3952175 -0.03900343 -0.9177591 -0.3487452 0.08145642 -0.9336711 -0.3452322 6.72198e-4 -0.9385171 -0.3726751 -0.05155616 -0.9265287 -0.4155201 -0.009249508 -0.909537 -0.2609599 -0.05673676 -0.963681 -0.3035348 0.001341462 -0.9528195 -0.4115853 -0.04376852 -0.9103196 -0.3680975 0.1705859 -0.9140048 -0.4774708 0.1375238 -0.8678185 -0.5907817 -0.2949111 -0.7510023 -0.3710567 -0.1644731 -0.9139286 -0.2396057 0.009464979 -0.9708242 -0.2466935 -0.06047451 -0.9672049 -0.3891601 -0.08859229 -0.9169002 -0.3300522 -0.05253952 -0.9424995 -0.4707912 0.03467518 -0.8815631 -0.5371886 0.01926141 -0.8432422 -0.3903779 0.0179733 -0.9204793 -0.3832929 0.01375061 -0.9235244 -0.4014106 -0.08347207 -0.9120867 -0.2302526 -0.06729662 -0.9708012 -0.2978582 0.06319367 -0.9525163 -0.5531123 0.02052617 -0.8328539 -0.4222418 -0.06006854 -0.9044908 -0.3020035 0.007500171 -0.9532774 -0.3297339 -0.07203143 -0.941322 -0.2742958 -0.09561026 -0.9568807 -0.3923245 -0.009813189 -0.9197745 -0.3205406 0.03467845 -0.9465998 -0.4024416 -0.009754538 -0.9153937 -0.501332 -0.09879893 -0.8595958 -0.4371452 -0.02382093 -0.8990754 -0.3096199 -0.01512867 -0.9507401 -0.271035 -8.46986e-4 -0.9625692 -0.3813329 -0.03181248 -0.9238902 -0.3436566 -0.03255641 -0.9385309 -0.2913138 -0.004206836 -0.9566184 -0.5416749 -0.08821028 -0.835947 -0.5773652 -0.01140946 -0.8164064 -0.478978 -0.1353471 -0.8673301 -0.4000419 -0.01459217 -0.9163808 -0.9676594 0.07885247 -0.2396196 -0.9589351 0.04467022 -0.2800861 -0.9630794 -0.01795923 -0.2686181 -0.9347289 0.2409265 -0.2612213 -0.9664914 0.07022982 -0.2469052 -0.9461982 -0.2589409 -0.1940587 -0.9691781 -0.1393017 -0.2031965 -0.9717206 0.06083023 -0.2281641 -0.9874678 0.07525008 -0.1387261 -0.9871236 -0.005303621 -0.1598719 -0.9691383 -0.06217879 -0.2385472 -0.9581414 -0.0690751 -0.2778376 -0.9560141 0.05432599 -0.2882459 -0.9723868 0.01301521 -0.2330121 -0.9481641 -0.1365992 -0.2869244 -0.9452597 -0.09456866 -0.3123154 -0.9858117 0.01356518 -0.167306 -0.9943606 -0.02018022 -0.1041148 -0.9915382 -0.09480237 -0.08868271 -0.9932907 -0.05928432 -0.09929281 -0.9711197 0.1020205 -0.2156814 -0.9636043 0.01170724 -0.2670764 -0.9801177 -0.1072487 -0.166934 -0.9841462 0.009115695 -0.1771252 -0.9470109 0.1026271 -0.3043652 -0.9673393 -0.06050693 -0.2461575 -0.9735245 -0.09818494 -0.2064218 -0.9792034 0.04629212 -0.1975299 -0.9595161 -1.39121e-4 -0.281654 -0.949011 -0.1647683 -0.2687556 -0.9486129 0.01724475 -0.3159688 -0.9619295 0.02571064 -0.272086 -0.969318 -0.01757091 -0.2451815 -0.9834362 0.003226578 -0.1812259 -0.9640015 -0.01613873 -0.2654069 -0.9639158 0.008028447 -0.2660864 -0.9940103 0.05913913 -0.09190303 -0.9837637 0.1062007 -0.1446741 -0.9822472 -0.1119145 -0.1505511 -0.9845836 -0.1044223 -0.1403255 -0.9991079 0.006746292 -0.04168903 -0.9941347 -0.1076345 -0.01054245 -0.9610915 -0.1433074 -0.2361485 -0.929286 0.06104421 -0.3642817 -0.9791981 0.01412707 -0.2024142 -0.9703789 -0.125934 -0.2061687 -0.9898372 -0.04400098 -0.1352268 -0.9951931 -0.005990505 -0.09774893 -0.9800279 -0.02999174 -0.1965856 -0.988024 0.01494222 -0.1535757 -0.9870589 0.1322691 -0.09066188 -0.9954455 0.0146473 -0.09420102 -0.9734798 -0.201637 -0.1080729 -0.96913 -0.07799375 -0.2338893 -0.9525782 0.09641295 -0.2886164 -0.9781087 -0.0932886 -0.1860129 -0.9558562 -0.1561818 -0.2488901 -0.9576722 0.001852989 -0.2878548 -0.9870275 0.02444118 -0.1586809 -0.9792788 0.02635502 -0.2007952 -0.9837871 0.02933591 -0.1769253 -0.9889437 -0.03453993 -0.1442136 -0.9857525 -0.03981512 -0.1634224 -0.9787119 -0.04830569 -0.1994733 -0.9554066 0.007773518 -0.2951913 -0.9848936 0.01165574 -0.1727687 -0.9821874 -0.1021981 -0.1576817 -0.9788839 -0.1388481 -0.1500256 -0.9462491 0.134805 -0.2940073 -0.9708247 0.05170565 -0.2341497 -0.9794031 -0.1767928 -0.09753954 -0.9825928 -0.05559295 -0.177259 -0.9730107 -0.06017756 -0.2227753 -0.9783753 0.01067888 -0.2065619 -0.9454517 0.1088892 -0.307025 -0.9627552 -0.02144831 -0.2695226 -0.9542225 0.006643056 -0.2990239 -0.9729457 -0.05815696 -0.2235946 -0.9644811 -0.01935428 -0.2634419 -0.9903913 -0.05246883 -0.127954 -0.9978897 0.04170161 -0.04976999 -0.9711627 0.01123166 -0.2381531 -0.9778614 -0.08362722 -0.1918167 -0.9771519 -0.02074503 -0.2115274 -0.9829928 -0.04840958 -0.1771489 -0.9796062 0.07290637 -0.1872335 -0.9862837 0.0197193 -0.163877 -0.9941529 -0.02316492 -0.105468 -0.9810276 -0.07948845 -0.1768235 -0.9741786 -0.004089713 -0.2257419 -0.9912768 -0.051624 -0.1212658 -0.9700025 0.04704064 -0.2385001 -0.9822106 0.02059996 -0.1866493 -0.9878469 -0.04666173 -0.1482614 -0.9652457 -0.0238083 -0.2602574 -0.9532969 -0.04908871 -0.2980192 -0.9696847 0.1228509 -0.2112331 -0.991344 -0.07494342 -0.1078 -0.9559718 -0.08390277 -0.2812086 -0.6541947 0.07074719 0.7530102 -0.7227016 0.01671862 0.690958 -0.7302187 0.06324726 0.6802797 -0.6742271 0.1249899 0.7278705 -0.7316448 0.1585851 0.6629832 -0.7092101 -0.104544 0.6972028 -0.7280205 -0.09418195 0.6790551 -0.7408895 0.01120895 0.6715335 -0.7203695 0.0081743 0.6935424 -0.7060206 0.03950953 0.7070884 -0.6811569 -0.1241406 0.7215362 -0.7345838 -0.02182686 0.6781669 -0.7589274 0.0554136 0.6488132 -0.812127 0.0341587 0.5824801 -0.856389 0.02372592 0.515786 -0.7347661 -0.1785302 0.6544049 -0.6915158 -0.004111468 0.7223497 -0.6415489 -0.02734416 0.7665947 -0.6001704 -0.1733188 0.780869 -0.7335692 0.0513122 0.677675 -0.7451875 0.1544288 0.6487275 -0.7214472 -0.01609724 0.6922824 -0.7055262 -0.1228498 0.6979547 -0.6509461 -0.09957927 0.7525644 -0.74747 0.08980119 0.6581979 -0.7320989 0.06873458 0.6777217 -0.6941895 -0.05549609 0.7176498 -0.6907494 -0.06213355 0.7204198 -0.7779217 -0.006654202 0.6283259 -0.7028617 -0.157406 0.6936923 -0.777794 -0.05147731 0.6264077 -0.7949763 -0.01622241 0.6064237 -0.7513123 0.0602805 0.6571882 -0.727216 0.04028683 0.6852254 -0.7092081 -0.06463724 0.70203 -0.7109022 -0.06488299 0.7002917 -0.6605131 0.07721579 0.7468335 -0.6564542 4.32387e-4 0.7543658 -0.6174275 -0.1983629 0.7612066 -0.6895387 0.02798086 0.7237082 -0.7084681 0.128769 0.6938959 -0.7896061 -0.0680896 0.6098248 -0.7220032 -0.2368181 0.6500989 -0.7777243 -0.01354461 0.6284596 -0.7529939 0.07679879 0.6535305 -0.7116566 0.001684427 0.7025255 -0.7883445 0.04789388 0.613367 -0.7505045 7.86673e-4 0.660865 -0.687565 -0.1150161 0.7169559 -0.6733613 -0.0502088 0.7376067 -0.6748849 0.1144251 0.7289975 -0.7248513 0.08553856 0.6835743 -0.6824169 -0.1167604 0.7215777 -0.6952962 0.003561258 0.7187145 -0.7012516 0.009834527 0.7128461 -0.6275572 -0.09917861 0.7722277 -0.5470225 -0.0697515 0.8342069 -0.6143566 -0.02114433 0.7887452 -0.7040231 0.04735893 0.7085963 -0.7109364 0.004350543 0.7032429 -0.8189312 0.07646858 0.5687744 -0.7216794 -0.03679203 0.6912491 -0.6819434 -0.01503396 0.7312504 -0.606796 -0.01506257 0.794715 -0.7327625 -0.04875355 0.6787358 -0.7128284 -0.02611565 0.700852 -0.8509346 0.1118958 0.5132151 -0.8574876 -0.1283029 0.4982506 -0.8141862 -0.02999699 0.5798286 -0.8070788 0.04263556 0.5889025 -0.7860874 -0.07427901 0.6136362 -0.7416163 -0.02959078 0.6701714 -0.7670496 -0.1044259 0.6330326 -0.8314878 -0.02986747 0.5547395 -0.7802588 0.00419861 0.6254427 -0.6950162 0.02702689 0.718486 -0.7515556 0.04983609 0.6577846 -0.7801783 -0.09842896 0.6177652 -0.7824657 -0.1222878 0.6105678 -0.6799719 -0.07454484 0.729439 -0.6534704 0.08653104 0.7519899 -0.753057 0.1247084 0.6460287 -0.7080988 -0.05754858 0.7037644 -0.7099072 -0.02471113 0.7038615 -0.5868613 -0.09417229 0.8041924 -0.6753112 0.02110522 0.7372309 -0.6517766 -0.05637365 0.756313 -0.6265795 -0.0353111 0.7785572 -0.759191 0.03175175 0.6500931 -0.7176794 0.01716506 0.6961621 -0.6438999 -0.06200021 0.7625936 -0.7914181 0.08548009 0.605269 -0.594445 -0.07686889 0.8004538 -0.5968419 -0.1202049 0.7933037 -0.7217527 0.04993844 0.6903473 -0.6737042 0.0307222 0.7383623 -0.6667017 -0.08572506 0.7403784 -0.6840761 -0.04170334 0.7282175 -0.5603533 -0.03457313 0.8275319 0.4466498 0.07350188 0.8916847 0.4072955 -0.04227513 0.9123175 0.3474941 0.0102272 0.9376265 0.3024527 0.07715493 0.9500366 0.1661392 0.1509699 0.9744772 0.2878258 -0.09553408 0.9529059 0.49588 -0.04450917 0.8672497 0.5061476 -0.06948393 0.8596433 0.3485704 0.05200457 0.9358389 0.3481674 0.03614282 0.9367355 0.2904203 -0.01540231 0.9567753 0.397821 -0.03742504 0.9166995 0.4378978 0.00640434 0.8990021 0.4104778 0.03326016 0.9112639 0.3979416 -0.02639907 0.9170309 0.4567106 -0.1208818 0.8813644 0.4689008 0.02413696 0.882921 0.5022097 -0.08271414 0.860781 0.4504279 -0.2158315 0.8663322 0.298853 0.09261214 0.9497947 0.365097 0.08758449 0.9268405 0.4432435 -0.1032232 0.8904383 0.3125572 -0.05401587 0.948362 0.3195675 0.03555637 0.9468963 0.3896784 0.07427585 0.917951 0.3550565 -0.0174818 0.9346814 0.3514179 -0.06583499 0.9339011 0.3739805 0.09870427 0.9221692 0.3903408 -0.0237329 0.9203646 0.4230453 -0.2361004 0.8748082 0.3981317 -0.03166282 0.9167817 0.4454701 0.01586669 0.8951562 0.5745839 -0.04431736 0.8172451 0.5163 0.0249899 0.8560432 0.4258809 -0.1229043 0.8963928 0.3455629 -0.06176704 0.9363607 0.3814767 0.05204123 0.9229125 0.3796843 0.1269722 0.9163613 0.3887373 -0.05652832 0.919613 0.3656935 -0.00276184 0.9307312 0.3612911 0.09291315 0.9278124 0.3382755 -0.03661066 0.9403348 0.259323 -0.1574648 0.9528675 0.2691729 -0.04851025 0.9618694 0.2897801 0.0806486 0.9536893 0.4246447 -0.1163903 0.8978477 0.5153097 -0.04704225 0.8557121 0.5582791 0.04960304 0.8281692 0.4915343 -0.04794627 0.8695374 0.5448045 -0.1660515 0.821958 0.4415894 0.1324086 0.8873932 0.5052157 0.06257253 0.8607217 0.364036 -0.08272635 0.9277038 0.2809349 0.07422107 0.9568526 0.369947 0.03602468 0.9283542 0.4819293 -0.1267108 0.8669999 0.4393119 -0.08456885 0.8943452 0.4594436 0.003556847 0.8881999 0.4716656 0.04875349 0.8804287 0.3883478 -0.02090901 0.9212757 0.3707992 -0.0413891 0.9277904 0.2778261 0.06764203 0.958247 0.3177005 -0.05926132 0.9463375 0.4279919 0.01194608 0.9037037 0.3783057 -0.04453307 0.924609 0.3067302 0.04010438 0.9509513 0.4727745 0.08489167 0.8770848 0.5372461 -0.1925653 0.8211488 0.5058539 -0.08340972 0.8585771 0.345789 0.004126727 0.9383032 0.4530654 -0.05711972 0.8896455 0.5959258 -0.07878631 0.7991654 0.5133368 -0.07111293 0.8552358 0.4385495 0.1234245 0.8901914 0.3958675 0.03199273 0.9177502 0.3165635 -0.01672077 0.948424 0.4551972 -0.001196742 0.89039 0.4588571 -0.007163166 0.8884812 0.4518221 -0.06460767 0.8897655 0.3511481 -0.01244294 0.9362373 0.4855998 0.08109629 0.8704115 0.5624198 -0.0173465 0.8266698 0.3743928 0.00597161 0.927251 0.4820058 -0.03031426 0.8756436 0.5114894 -0.1173455 0.8512395 0.4053747 0.07051527 0.9114269 0.4253405 -0.0150063 0.904909 0.390766 -0.06727039 0.9180288 0.2800722 0.004382967 0.9599691 0.4614138 -0.09467476 0.8821192 0.2714173 -0.05254131 0.9610267 0.2501635 -0.05572956 0.9665984 0.4013018 -0.002742409 0.9159419 0.4557366 -0.03887826 0.8892652 0.5323675 -0.01020258 0.8464519 0.5303348 -0.07315975 0.8446257 0.4045716 0.0101667 0.9144498 0.3716718 -0.04288023 0.9273734 0.3329761 6.5893e-5 0.9429354 0.9888977 -0.01039814 0.148234 0.9857186 -0.03867232 0.1639003 0.9695637 0.1179401 0.2145608 0.9476208 0.1923543 0.2549799 0.9735752 0.08844554 0.2105443 0.9615799 -0.1128057 0.2502778 0.9628015 -0.1597011 0.2179659 0.9666438 0.05097448 0.2510008 0.9922203 -0.03949707 0.1180635 0.9956601 0.02463012 0.08974623 0.9669727 -0.04095435 0.2515684 0.9325769 -0.139721 0.332834 0.9620702 -0.009818613 0.2726254 0.9693118 0.03942078 0.2426533 0.9377797 -0.02805203 0.346096 0.9618552 -0.1011123 0.2541871 0.9689413 0.07538479 0.2355206 0.9845506 -0.03417694 0.171733 0.969131 -0.1392744 0.2034397 0.9639409 0.04549175 0.2621993 0.9677371 0.05337578 0.2462437 0.977326 -0.09825634 0.1875622 0.9905098 -0.07072734 0.1178475 0.9773172 0.05470323 0.2045941 0.9472664 0.05165487 0.3162567 0.9591593 0.006307482 0.2827963 0.9808773 -0.0937047 0.1705848 0.9844143 -8.11198e-4 0.1758638 0.9778057 -0.01837903 0.2087058 0.960986 -0.07644861 0.2658224 0.9782188 -0.07001751 0.1954115 0.9638103 0.02030879 0.2658146 0.9705725 -0.05454212 0.2345512 0.9703802 0.04786288 0.2367944 0.970752 -0.04573118 0.2356894 0.9835454 -0.0587207 0.1708518 0.9861466 0.1261882 0.1076629 0.9708331 0.1041141 0.2159711 0.9475905 -0.1752137 0.2671564 0.9352537 -0.08726274 0.3430538 0.993741 -0.002697288 0.1116772 0.9884244 -0.004635155 0.1516438 0.9861963 -0.1421217 0.08496099 0.9845525 0.08110851 0.155171 0.9692578 0.06731981 0.2366589 0.9626826 -0.1433346 0.2295591 0.9762173 -0.06696665 0.2061921 0.9906687 0.0358079 0.131505 0.9958422 -0.0503326 0.07592767 0.9946961 -0.05737054 0.08537214 0.9694141 0.1454433 0.1976929 0.9924587 -0.03114193 0.1185582 0.9850152 -0.1510636 0.08321666 0.9955675 -0.04000526 0.08511853 0.9533019 0.09575772 0.2864367 0.9926555 -0.1172367 0.02984625 0.9848781 -0.1521987 -0.08276921 0.9880777 0.00393939 0.1539065 0.949548 0.07224887 0.3051864 0.9722555 -0.1062304 0.2084093 0.9849126 0.04272007 0.1676964 0.9820773 0.06763345 0.1759263 0.9910146 -0.01880753 0.1324247 0.9979423 -0.06286215 0.01262986 0.9943439 -0.08230394 0.06713044 0.9851911 0.04570668 0.1652562 0.9761053 0.05102664 0.2112225 0.954414 -0.0864557 0.2856912 0.9723344 0.02101862 0.232646 0.9724787 -0.005411982 0.2329291 0.9557883 -0.138332 0.259486 0.9822211 0.07903999 0.1702777 0.996978 -0.07496011 -0.02039211 0.9936869 -0.04634791 0.1021687 0.9879574 0.01772826 0.1537073 0.9842528 -0.007402598 0.1766124 0.9312108 0.09639108 0.3515045 0.9891803 -0.05296498 0.1368104 0.9885566 -0.0810461 0.1272301 0.9877467 -0.05571925 0.1457809 0.9807724 0.03746396 0.1915255 0.9831849 -0.06985902 0.1687222 0.9909021 -0.0805906 0.1077879 0.9498261 0.072227 0.3043251 0.9857292 -0.05851709 0.1578404 0.9975379 -0.06744784 -0.0192098 0.9951775 -0.03756499 0.09061318 0.9708235 0.1164212 0.2096371 0.9554398 0.004464745 0.2951527 0.9495193 -0.08251434 0.3026624 0.963542 -0.02733427 0.2661573 0.9731875 -0.03672295 0.2270635 0.9950422 -0.08274054 0.05518209 0.9965564 0.003694713 0.0828371 0.9952993 -0.05604404 0.0789833 0.941891 -0.07495838 0.3274488 0.9666635 0.05371391 0.2503531 0.9944903 -0.1032218 0.01828724 0.9896349 -0.09628182 0.1065488 0.7212368 0.1208122 -0.6820718 0.7844684 0.1053895 -0.6111484 0.6728362 -0.03695821 -0.7388678 0.6915516 0.09772765 -0.7156856 0.6912053 0.04432743 -0.7212977 0.7000818 -0.08155125 -0.7093905 0.7084957 -0.08498632 -0.7005792 0.7550318 0.02921283 -0.6550373 0.7053499 -0.004431307 -0.7088456 0.7168036 0.03582549 -0.6963542 0.7188801 -0.05885845 -0.6926379 0.7502579 -0.0460298 -0.6595411 0.7276967 0.01510947 -0.6857327 0.7689024 -0.0217908 -0.6389948 0.7922179 -0.06069535 -0.6072124 0.7436426 -0.07169115 -0.6647225 0.6809123 0.01514393 -0.7322084 0.6572654 -0.02371799 -0.7532859 0.6964793 -0.04827219 -0.7159515 0.6929808 -0.04015725 -0.7198368 0.7197113 0.06840741 -0.6908952 0.6959494 -0.05006301 -0.7163435 0.7224745 -0.1343411 -0.6782206 0.7788629 -0.01960027 -0.6268879 0.7428767 0.06256115 -0.6664987 0.71494 -0.01188653 -0.6990848 0.7451485 -0.005806088 -0.6668733 0.6470107 -0.02420127 -0.7620968 0.6775385 -0.001545965 -0.7354857 0.6820867 -0.1345193 -0.7187924 0.6278973 -0.07785785 -0.7743921 0.6502912 0.002284765 -0.7596817 0.7258968 -0.01321154 -0.6876769 0.699674 -0.01689916 -0.7142624 0.6303651 -0.1534563 -0.7609803 0.6491674 0.01678276 -0.7604606 0.654639 0.1910569 -0.7313995 0.7204192 0.06190836 -0.6907703 0.6741662 -0.1800759 -0.7162909 0.6704041 -0.03389161 -0.7412219 0.7319761 0.1310768 -0.668603 0.7490335 -0.03997284 -0.6613252 0.7500105 -0.1614649 -0.6414152 0.8200278 0.02249884 -0.5718813 0.7601318 0.02925062 -0.6491103 0.7254456 -0.03023678 -0.687615 0.6723697 -0.08382576 -0.7354537 0.6669691 0.01639324 -0.7449051 0.7547953 -0.03750348 -0.6548876 0.8027708 -0.00543487 -0.5962631 0.6167755 0.08660185 -0.7823607 0.6133716 0.06996625 -0.7866895 0.7571151 -0.07873392 -0.6485196 0.7991349 -0.03490656 -0.6001376 0.7524937 0.03689771 -0.6575652 0.7133337 -0.1148186 -0.6913551 0.6813871 -0.06120818 -0.7293595 0.7093414 0.08112061 -0.7001817 0.5470636 0.04870116 -0.8356732 0.65137 0.02908849 -0.7582024 0.7120339 -0.08274644 -0.6972523 0.7600555 0.01210939 -0.6497454 0.7127249 -0.03314095 -0.7006604 0.6951068 -0.02020496 -0.7186226 0.7092243 -0.07192224 -0.7013046 0.7529394 0.09279716 -0.6515145 0.794332 0.03108555 -0.606688 0.7684993 -0.1949296 -0.6094354 0.7630134 0.01499098 -0.646209 0.606075 -0.01416665 -0.7952814 0.6227346 -0.1305038 -0.7714728 0.6904208 -0.0466907 -0.7218997 0.7030925 -0.09663426 -0.7045019 0.8264389 0.07304322 -0.5582682 0.7810361 0.02839928 -0.62384 0.7206066 -0.007066011 -0.6933082 0.7308707 0.03305053 -0.6817153 0.7101169 -0.04070234 -0.7029063 0.6586587 -0.1242445 -0.7421132 0.7162367 -0.0256102 -0.6973874 0.722879 0.135569 -0.6775449 0.6306884 -0.001046299 -0.7760356 0.6962085 1.56331e-4 -0.7178396 0.7865244 0.04859656 -0.6156441 0.648184 -0.1332951 -0.7497267 0.673188 0.03818625 -0.7384847 0.6340113 0.002231836 -0.7733206 0.6271474 -0.008815705 -0.7788507 0.6337759 -0.0428667 -0.772328 0.6028994 -0.08373183 -0.7934111 0.6820953 -0.03149807 -0.7305846 0.5627176 -0.02965462 -0.8261172 0.6793314 0.03031158 -0.7332054 0.7998914 -0.01603943 -0.5999305 0.7445188 -0.04321885 -0.6662012 0.5810263 -0.0708884 -0.8107917 0.6427091 -0.007326543 -0.7660754 0.6930589 -0.07894819 -0.7165449 0.7063006 6.13435e-4 -0.7079119 -0.2532224 0.04560637 -0.9663325 -0.1966657 -0.058357 -0.9787324 -0.2590042 -0.07417762 -0.9630237 -0.2205229 0.05297821 -0.9739421 -0.1413584 0.02671933 -0.9895979 -0.08465909 -0.005980134 -0.9963921 -0.1665822 0.08932667 -0.9819732 -0.2142068 0.02638036 -0.976432 -0.1576273 0.06254845 -0.9855158 -0.1713695 0.1016843 -0.9799453 -0.2992801 -0.07227164 -0.9514244 -0.1942963 -0.05052483 -0.979641 -0.1449432 -0.08516609 -0.9857679 -0.2116436 -0.05098611 -0.9760162 -0.2018009 -0.007109582 -0.9794008 -0.1640563 -0.05154085 -0.9851037 -0.2464129 -0.0478453 -0.9679833 -0.1833679 0.01940369 -0.9828529 -0.2674034 -0.130285 -0.9547363 -0.3032045 -0.0327745 -0.9523618 -0.2359885 0.1091778 -0.9656033 -0.2521083 0.007899105 -0.9676669 -0.1870752 -0.005175411 -0.982332 -0.2276804 0.008050501 -0.9737027 -0.2383239 0.06296968 -0.9691422 -0.1637187 -0.0278182 -0.9861147 -0.1503779 -0.07197606 -0.9860051 -0.1980246 0.09729433 -0.9753565 -0.1511735 0.1305782 -0.9798449 -0.1974011 -0.2028394 -0.9591085 -0.1594083 -0.1782265 -0.9709915 -0.1418114 -0.06526601 -0.9877398 -0.154198 0.01380473 -0.9879435 -0.2729963 0.03905898 -0.9612218 -0.3072572 -0.1442909 -0.9406238 -0.257997 -0.1097329 -0.959894 -0.1901162 0.03956997 -0.9809639 -0.1200105 0.01657569 -0.9926342 -0.04260784 0.01174759 -0.9990229 -0.1717772 0.0290423 -0.9847077 -0.1979767 0.0480076 -0.9790305 -0.1076166 -0.06187415 -0.9922652 -0.1248757 -0.1717519 -0.9771936 -0.1591897 -0.05095547 -0.9859322 -0.1607314 0.05825626 -0.9852775 -0.1207228 -0.03953778 -0.9918986 -0.1239414 0.03207468 -0.9917711 -0.09088999 0.1450897 -0.985235 -0.2318913 -0.1324175 -0.9636868 -0.1623389 -0.06748938 -0.9844244 -0.2118138 0.1125103 -0.9708123 -0.2048316 0.1156533 -0.9719406 -0.2349209 -0.1763691 -0.9558798 -0.1394712 0.02219265 -0.9899774 -0.2415516 0.01092123 -0.9703265 -0.2430053 -0.2132374 -0.9462972 -0.2105852 -0.05342155 -0.9761148 -0.2950936 -0.03175622 -0.9549406 -0.2778447 0.05357193 -0.9591311 -0.2234869 0.001211166 -0.9747062 -0.1518748 -0.05350583 -0.9869505 -0.1468115 0.008921563 -0.9891243 -0.1663725 -0.07536232 -0.9831789 -0.2010377 0.01154679 -0.9795156 -0.2206883 -0.04190117 -0.974444 -0.2097566 0.1357319 -0.9682867 -0.15661 0.2325472 -0.9598934 -0.3535361 -0.2658297 -0.8968539 -0.4169978 -0.214609 -0.8832077 -0.140466 -0.03694862 -0.9893958 -0.08029389 -0.003478765 -0.9967651 -0.1993925 -0.02319008 -0.9796453 -0.2584118 -0.1003789 -0.9608057 -0.187557 0.1050392 -0.9766213 -0.3314758 0.01991784 -0.9432536 -0.2810324 -0.006537675 -0.959676 -0.3472335 -0.008107721 -0.9377437 -0.3269054 -0.07710057 -0.9419069 -0.3146004 -0.1788364 -0.9322254 -0.1500602 0.07364708 -0.9859302 -0.2413737 0.07000792 -0.9679038 -0.3572103 -0.1184543 -0.9264822 -0.2908177 -0.02731412 -0.9563885 -0.1235601 -0.0852192 -0.9886711 -0.1183045 -0.07115709 -0.9904245 -0.2430655 0.05575817 -0.9684061 -0.2443992 -0.02239388 -0.9694162 -0.02702087 0.008452653 -0.9995992 -0.113316 -0.0617612 -0.9916376 -0.2236979 -0.06165355 -0.9727067 -0.2577954 -0.09025967 -0.9619744 -0.1298884 -0.02002191 -0.9913265 -0.2178742 0.01057517 -0.9759196 -0.3266512 -0.03057348 -0.9446503 -0.2205905 0.03211331 -0.9748377 -0.2863041 -0.03343814 -0.9575552 -0.2059935 -0.04719424 -0.9774147 -0.1898499 -0.1499185 -0.9702997 -0.2827207 -0.01276785 -0.9591174 -0.917146 0.04066318 -0.3964716 -0.9137696 0.03683334 -0.4045597 -0.9254247 -0.03175193 -0.3775992 -0.876336 0.2167656 -0.4301722 -0.9076352 0.08670836 -0.410707 -0.9116274 -0.2404826 -0.3333223 -0.9366988 -0.1432358 -0.3194983 -0.9341713 0.006991147 -0.3567563 -0.8867042 0.1599348 -0.4337932 -0.9591898 -0.01083028 -0.2825555 -0.9310572 -0.0833894 -0.3552167 -0.9273822 -0.09521549 -0.3617959 -0.9066359 0.02912873 -0.4209072 -0.881231 0.013282 -0.4724991 -0.9016536 -0.1383545 -0.4097303 -0.8873485 -0.0480712 -0.4585868 -0.8598824 0.07478845 -0.5049842 -0.8779391 -0.0171349 -0.4784656 -0.872414 -0.09704297 -0.4790372 -0.8969931 -0.07003897 -0.4364609 -0.9046748 0.07410591 -0.4196092 -0.9082697 0.003737866 -0.4183687 -0.9040778 -0.0500009 -0.4244331 -0.9343792 -0.01491475 -0.3559678 -0.9357252 0.01474773 -0.3524215 -0.9187139 -0.02697503 -0.3940013 -0.9364352 -0.1328824 -0.324702 -0.9440737 0.03515148 -0.3278557 -0.9219852 -0.003510475 -0.3872094 -0.9170588 -0.1430845 -0.3721963 -0.9105836 0.0196765 -0.4128564 -0.891988 0.05729216 -0.448414 -0.8982789 -0.01908761 -0.4390112 -0.9089633 0.0413506 -0.4148203 -0.9248061 -0.1430057 -0.3525383 -0.8144331 -0.01051807 -0.5801623 -0.8622341 0.1561639 -0.4818353 -0.9135584 0.1245562 -0.3871652 -0.9279632 -0.1272802 -0.3502629 -0.9056885 -0.1183028 -0.4071028 -0.9093067 0.09156847 -0.4059268 -0.9600035 -0.09960412 -0.2616723 -0.9314876 -0.2443848 -0.2694568 -0.920652 6.20261e-6 -0.3903845 -0.8938521 0.06635093 -0.4434255 -0.9076932 -0.08647209 -0.4106286 -0.9153183 0.01644957 -0.4023953 -0.929387 0.00570923 -0.3690626 -0.9363656 -0.08938819 -0.3394547 -0.8942813 0.04123258 -0.4456018 -0.8979305 0.1509345 -0.4134486 -0.9168752 0.0395984 -0.3972052 -0.9185434 -0.2373159 -0.3161635 -0.9301869 -0.07147419 -0.3600608 -0.933027 0.06183284 -0.3544539 -0.8867096 -0.06686764 -0.4574657 -0.9097206 -0.1479278 -0.3879765 -0.9634016 0.03537499 -0.2657184 -0.9673348 0.0701335 -0.2436082 -0.9759185 -0.02289074 -0.2169312 -0.9146042 0.0337482 -0.4029398 -0.9148902 -0.01152586 -0.4035385 -0.9209396 -0.04516267 -0.3870799 -0.9146967 -0.02205532 -0.4035388 -0.9493625 -0.05397969 -0.3095111 -0.8670012 0.06420266 -0.4941529 -0.9144103 -0.05878764 -0.400497 -0.9386266 -0.1216201 -0.3227828 -0.9299097 0.07712894 -0.3596098 -0.9089493 0.05158555 -0.413703 -0.9055174 -0.1419786 -0.3998504 -0.9322949 -0.08321928 -0.3519955 -0.9317718 -0.03465276 -0.3613871 -0.9711074 0.006889402 -0.2385438 -0.9546697 0.06257647 -0.2910155 -0.9360456 -0.03256428 -0.3503687 -0.9121652 -0.04076933 -0.4077898 -0.9452015 -0.007943391 -0.3263909 -0.9660291 -0.1012989 -0.2377532 -0.8551807 -0.01372557 -0.5181483 -0.9360575 0.02310872 -0.3510876 -0.9278045 -0.04844623 -0.369908 -0.8856902 -0.04633587 -0.4619588 -0.9517692 -0.003582417 -0.306794 -0.9791944 -8.62951e-4 -0.202923 -0.9866195 0.04767513 -0.1559135 -0.9665893 -0.0117464 -0.2560608 -0.9176247 -0.004075407 -0.3974272 -0.9339525 -0.1206664 -0.336411 -0.9473421 -0.01765376 -0.3197365 -0.9869739 -0.07705575 -0.1412268 -0.9312388 -0.02964502 -0.3632019 -0.8639327 0.0547167 -0.5006261 -0.8950179 -0.0547617 -0.4426558 -0.861347 -0.0317232 -0.5070258 -0.8895546 -0.07841873 -0.450048 -0.8511549 0.0910539 -0.516957 -0.819626 -0.03095746 -0.5720618 -0.9345232 -0.1034104 -0.3405477 -0.6470135 0.1986448 0.7361479 -0.7801141 0.1744287 0.60083 -0.8147664 0.08924585 0.5728795 -0.8162375 -0.07657456 0.5726193 -0.8527396 0.07519173 0.516896 -0.7833052 0.1571381 0.6014488 -0.757323 0.04549914 0.6514536 -0.8632885 -0.1078008 0.493064 -0.8647489 -0.1155332 0.4887346 -0.8277214 0.01143676 0.5610229 -0.8138415 0.04044103 0.579678 -0.8405715 0.07973992 0.5357995 -0.7993818 -0.1267359 0.5873048 -0.8328778 -0.06064009 0.5501248 -0.8779798 0.01626628 0.4784215 -0.8621236 -0.04648 0.504562 -0.8420313 -0.01007378 0.5393347 -0.7756974 -0.06794381 0.627437 -0.7783405 0.02324974 0.6274118 -0.8129703 0.00138539 0.5823035 -0.7967425 -0.1766929 0.5779111 -0.8183613 -0.04681289 0.5727944 -0.8359377 0.1341497 0.5321766 -0.8332869 0.002112567 0.5528368 -0.8517416 -0.07809865 0.5181089 -0.8170966 -0.06591826 0.5727198 -0.7951059 0.03004437 0.605726 -0.8465219 0.02183443 0.531906 -0.8936716 0.01801872 0.44836 -0.7914519 -0.06265991 0.6080113 -0.834026 -0.01178234 0.5515994 -0.805871 -0.08392745 0.5861127 -0.7528339 -0.09628915 0.6511294 -0.7857538 -0.06176805 0.6154476 -0.858291 0.04010307 0.5115939 -0.8854886 0.1004686 0.4536696 -0.8647925 -0.0614143 0.4983597 -0.9025186 -0.0333299 0.4293593 -0.8377066 0.067245 0.5419648 -0.8232105 0.02509564 0.5671815 -0.8120303 -0.1645626 0.559934 -0.8628436 -0.02165335 0.505007 -0.8474766 0.09340459 0.5225506 -0.8432329 -0.1034305 0.527504 -0.8360233 -0.2136756 0.505379 -0.8663871 -0.005720376 0.4993402 -0.7973605 0.1126582 0.592895 -0.7358288 -0.03159117 0.6764304 -0.8125401 -0.01278424 0.582765 -0.8236571 0.002077579 0.5670846 -0.8213173 -0.114508 0.5588613 -0.8025552 -0.0175181 0.5963207 -0.7119419 0.1316598 0.6897858 -0.7176008 0.02423602 0.6960329 -0.8066082 -0.1021553 0.582192 -0.7976639 -0.02924972 0.6023927 -0.8671707 0.0671336 0.4934654 -0.858664 -0.05265516 0.509827 -0.8719162 -0.0590344 0.4860836 -0.8179168 -0.009657382 0.5752555 -0.7371908 0.003810882 0.675674 -0.8145892 -0.05549985 0.577377 -0.8628002 0.07888281 0.499353 -0.7785498 0.01347541 0.6274381 -0.8056924 -0.03223967 0.5914561 -0.8341957 -2.54275e-4 0.5514686 -0.8510211 -0.09607458 0.5162682 -0.8397452 -0.01369929 0.5428079 -0.8649695 0.09553533 0.4926467 -0.8593015 -0.1032303 0.5009436 -0.8748282 0.01162844 0.4842938 -0.8781418 0.03664118 0.4769954 -0.9005752 -0.06435829 0.4299098 -0.9296997 -0.04827117 0.3651416 -0.9109885 -0.08117538 0.4043647 -0.8339663 0.001285493 0.551814 -0.8488415 0.03124839 0.5277231 -0.8486272 -0.008426249 0.5289245 -0.8480709 0.01440984 0.5296869 -0.8250332 -0.112727 0.5537266 -0.853317 -0.09188681 0.513232 -0.8029854 0.008823335 0.5959334 -0.6962593 0.04741406 0.7162227 -0.8418146 0.02815139 0.5390323 -0.8701112 -0.01653718 0.492578 -0.8226328 -0.02640569 0.5679597 -0.8092838 -0.0420953 0.5859076 -0.8028774 -0.043087 0.5945851 -0.9047489 -0.01665288 0.42562 -0.7777608 -0.01819211 0.6282972 -0.7074728 -0.09144884 0.7007992 -0.8684484 0.01031315 0.4956723 -0.8204855 -0.07707774 0.5664473 -0.9081224 0.06199496 0.4140897 -0.9083385 0.02588367 0.4174341 -0.7246168 -0.1347591 0.675848 -0.749006 -0.00977379 0.662491 -0.9056879 0.04957747 0.4210364 -0.8793056 -0.05226856 0.4733813 -0.7987267 -0.01574778 0.6014878 -0.7495111 -0.01972794 0.6616978 -0.8690955 0.1284953 0.4776632 0.7610472 -0.3327573 0.5568481 0.8245404 -0.2559696 0.5045918 0.9288597 -0.2274063 -0.2924141 0.9101414 -0.2197722 -0.3512021 0.4835036 -0.1817532 -0.8562653 0.2080513 -0.202764 -0.9568706 -0.4134922 -0.312181 -0.8553171 -0.553938 -0.3738887 -0.7438817 -0.9199317 -0.3920766 0.001306414 -0.9009751 -0.370361 0.2260015 -0.3591999 -0.3254113 0.8746902 -0.1518675 -0.3143944 0.9370658 0.5848771 -0.3147009 0.7475842 0.9752027 -0.2212385 0.005766808 0.4827894 -0.3105548 -0.8188225 -0.283459 -0.2364834 -0.9293689 -0.8918898 -0.3771479 -0.2495843 -0.729574 -0.2983269 0.6154046 0.3793931 -0.3016746 0.8746734 0.9291669 -0.2109476 0.3035622 0.564505 -0.3462075 -0.749316 -0.3476144 -0.2243155 -0.9104103 -0.8834601 -0.3897298 -0.2600171 -0.8144378 -0.277082 0.5098202 0.1185173 -0.2756138 0.9539343 0.8747878 -0.2340506 0.424225 0.7932153 -0.2933193 -0.5336416 -0.02622807 -0.2176619 -0.9756718 -0.7605191 -0.3905587 -0.5187242 -0.7961562 -0.318953 0.5142026 -0.2880312 -0.2560509 0.9227546 0.002078831 -0.2476512 0.968847 -0.4129242 -0.4715678 -0.7791774 -0.4535394 -0.490044 -0.7444185 -0.8676669 -0.4255184 -0.257077 -0.9041367 -0.4258243 -0.03479343 -0.5436086 -0.5177333 0.6606376 -0.3002815 -0.5457632 0.7822875 0.4617574 -0.5245305 0.7152957 0.4360787 -0.4634183 0.7714136 0.8935192 -0.378525 0.2415413 0.9175304 -0.3970125 0.02278321 0.6027449 -0.4257571 -0.6748552 0.7048525 -0.3298366 -0.6280054 -0.3728457 -0.4527795 -0.8099241 -0.8079251 -0.4405246 -0.3914016 -0.6984287 -0.4643437 0.5445938 0.2648305 -0.498812 0.8252584 0.8219401 -0.3500964 0.4492741 0.6187981 -0.4247377 -0.6608229 -0.1099115 -0.4573981 -0.8824435 -0.641101 -0.4759185 -0.6020724 -0.8120272 -0.432697 0.3916445 -0.06581979 -0.4448213 0.8931976 0.1132003 -0.4576078 0.8819189 0.6918416 -0.3537889 0.6294352 0.8035051 -0.3989928 -0.4417969 0.1332592 -0.4351409 -0.8904463 -0.4710094 -0.4671658 -0.7482688 -0.8960779 -0.4300249 0.1101057 -0.2311874 -0.5150787 0.8253765 0.5542304 -0.4150494 0.7215003 0.8836035 -0.3860154 -0.2650232 0.4308468 -0.3923801 -0.8126555 0.1226425 -0.6902483 -0.7131032 -0.04334396 -0.6982893 -0.7145023 -0.3656693 -0.603346 -0.7087028 -0.5611815 -0.6201172 -0.5482062 -0.657944 -0.7191957 0.2233098 -0.5110651 -0.728933 0.4554878 -0.01370126 -0.7080577 0.7060218 0.1148131 -0.6879335 0.7166348 0.4596865 -0.6419096 0.6137105 0.4907602 -0.6413903 0.5897227 0.6942573 -0.6794142 -0.2374938 0.6084797 -0.6654602 -0.4323371 0.1265915 -0.6957883 -0.7070031 -0.2968931 -0.6115595 -0.7333823 -0.72973 -0.6836853 -0.008284926 -0.1885156 -0.7297634 0.6571965 0.2157545 -0.5937315 0.7751986 0.7214516 -0.6833474 0.112 0.4518364 -0.6176642 -0.6436884 -0.2626647 -0.6306301 -0.7302829 -0.71597 -0.6743785 -0.1805564 -0.3058008 -0.7379296 0.6016193 0.0564022 -0.5928888 0.8033068 0.6774319 -0.6458737 0.3520416 -0.2373898 -0.6687805 -0.7045416 -0.6358301 -0.6121704 -0.4700719 -0.3795237 -0.7303915 0.5678822 0.08718049 -0.6773526 0.7304745 0.6286386 -0.6744292 0.3872452 0.07478582 -0.7007579 0.7094686 0.458438 -0.6012366 -0.6544839 -0.02468621 -0.9970359 0.07287037 -0.02467542 -0.9970316 0.07293373 -0.03866511 -0.9978238 -0.05341076 -0.02470862 -0.9970332 0.07289898 -0.02468585 -0.9970338 0.07289993 -0.0130822 -0.9989997 0.04276251 -0.03684931 -0.9953884 -0.08856666 -0.05074656 -0.9618076 0.2689816 -0.007011771 -0.979621 0.2007324 -0.02465152 -0.9970349 0.07289558 -0.02464193 -0.9970341 0.07290995 -0.03227061 -0.9992832 -0.01979321 -0.02245122 -0.9904047 0.1363616 -0.02272528 -0.9943137 0.1040387 -0.01314413 -0.9990006 0.04272037 -0.03472214 -0.9984279 0.04400455 -0.01645237 -0.9855728 0.1684508 0.8552625 0.1985615 -0.4786432 0.7494594 0.1724641 -0.6391924 0.6459796 0.500436 -0.5764324 0.7529059 0.5393108 -0.3771957 0.1551455 0.2167703 -0.9638157 -0.06978493 0.2567058 -0.9639669 -0.1364926 0.5476183 -0.8255205 0.1503609 0.6546859 -0.7407956 0.9591321 0.2611722 -0.10888 0.8546714 0.5005629 -0.1377454 0.5167126 0.2031459 -0.8317091 0.4768555 0.5873599 -0.6539245 -0.9800645 0.1948482 0.03883016 -0.9711577 0.2107079 0.111601 -0.8690274 0.4791835 0.123185 -0.8665829 0.4979977 0.03213137 0.9790911 0.2006369 -0.03354722 0.8727493 0.4838998 -0.06441789 0.6049047 0.2455698 -0.7574865 0.5274499 0.5046902 -0.6834359 -0.969599 0.1381486 -0.2019728 -0.8330107 0.5237126 -0.1783771 0.9757797 0.1584308 0.1508442 0.8595662 0.4869391 0.1550366 0.6329019 0.1864441 -0.7514479 0.5765272 0.4678983 -0.6698415 -0.8918882 0.1547403 -0.4249601 -0.7914815 0.4758112 -0.3836154 0.8397128 0.1811819 0.5119138 0.6685014 0.5681909 0.4798594 -0.2650203 0.284 -0.9214707 -0.2606399 0.4737871 -0.8411853 -0.8261562 0.1271513 -0.5489068 -0.775036 0.4252854 -0.467388 0.3340634 0.5764821 0.7457011 0.5678145 0.4120832 0.7125828 0.2894743 0.8433731 0.4526881 0.191952 0.8668557 0.4601257 0.4195489 0.9070249 -0.03584313 0.3667032 0.924205 0.1066496 0.2931799 0.856119 -0.4255656 0.3391577 0.8748095 -0.3459486 -0.3471419 0.5169796 -0.7824478 -0.303859 0.8484252 -0.4334104 -0.115713 0.8676523 -0.4835184 -0.4673067 0.8817313 -0.06461006 -0.4301007 0.8741324 -0.2256234 -0.6989804 0.3527339 0.6220974 -0.6062372 0.3659232 0.7060996 -0.3158187 0.8429787 0.4354833 -0.3801202 0.8801786 0.2842436 0.3120579 0.5258763 0.7912485 0.2003677 0.8873981 0.4151838 0.3600415 0.8997118 0.2467568 0.3482314 0.8938406 -0.2824605 0.03980886 0.9179266 -0.3947481 -0.374938 0.8839284 -0.2794495 -0.8223496 0.4524151 0.3450537 -0.4155381 0.9029348 0.1097125 -0.3337879 0.5629763 0.7560711 -0.07173848 0.5786049 0.812447 -0.1271256 0.9042383 0.4076668 -0.1625034 0.8819827 0.442379 0.6256301 0.4993008 0.5994045 0.4642392 0.8387656 0.2845249 0.3576989 0.9178306 -0.172159 0.07005012 0.9353857 -0.3466221 -0.531929 0.5127211 -0.6739205 -0.1878098 0.8842308 -0.4276252 -0.4854202 0.8696283 0.09007674 -0.3963778 0.4613029 0.7937785 -0.2012133 0.8751451 0.4400388 0.5811697 0.3867695 0.7159966 0.3185288 0.8252931 0.4662948 0.4262737 0.8983586 -0.1060322 0.2091273 0.88726 -0.4111395 -0.3558809 0.5393281 -0.7632 -0.2089557 0.8710342 -0.4445639 -0.4601829 0.8876513 -0.01752209 -0.4485345 0.4277946 0.7847348 -0.1503509 0.8411447 0.5194904 -0.09896439 0.9912397 0.08746433 -0.01500231 0.9900702 0.1397718 0.0823422 0.9965626 0.009103953 0.02017819 0.9889935 0.1465771 0.06201165 0.9944282 -0.08524793 0.07755076 0.9961763 -0.04023438 -0.04443174 0.9907932 -0.1278857 0.01505976 0.9953016 -0.0956459 0.06164252 0.9800829 -0.1887797 -0.03657549 0.990415 -0.1331927 -0.07857137 0.9969007 0.003925859 -0.1023606 0.9944586 0.0239669 0.08853721 0.9786107 0.1856943 0.007997512 0.9938748 0.1102224 0.09405595 0.9940535 -0.0548743 0.05927538 0.9933073 -0.09913247 -0.1570613 0.9857064 -0.06094789 -0.07929182 0.9962648 0.03419506 0.005187153 0.993542 0.1133461 0.09442979 0.9890084 0.1137777 0.07193362 0.9962404 0.04827749 0.05960941 0.9958007 -0.06948196 0.0117278 0.9962616 -0.08558815 -0.06912314 0.9953968 -0.06638687 -0.08416533 0.9964517 6.47479e-4 0.07866454 0.9943256 0.07161325 0.1499205 0.9883949 -0.02447938 0.1039623 0.9940987 -0.03097945 0.1377105 0.9842468 -0.1108792 -0.0411418 0.9959347 -0.08013355 -0.06838136 0.9954479 0.06638878 -0.08936643 0.9907003 0.1025991 0.02288043 0.9989081 0.04073387 -0.03995251 0.9991142 -0.01321703 0.1381696 0.9902242 0.019113 0.01463145 0.9997152 0.01885682 0.022632 0.9995859 0.01777738 0.1211448 0.9832907 -0.1358794 0.04633677 0.9988747 -0.0101189 0.06524378 0.9977598 -0.01478815 0.09190082 0.9949592 -0.04013162 0.1202132 0.9901838 -0.07130742 -0.01398581 0.9995729 -0.0256614 0.0320748 0.9971762 -0.06790488 -0.001758098 0.9973818 0.07229483 -0.08689558 0.9948005 0.0531153 -0.08813804 0.9951656 0.04332816 -0.02342015 0.9991863 0.03283894 0.02656799 0.9971018 -0.07129091 -0.06069219 0.9947994 -0.08179646 0.1028195 0.9815136 -0.1614288 -0.01473021 0.9997214 -0.01844567 0.03404921 0.9936705 0.1070491 -0.01834821 0.9962249 0.08485001 0.03384548 0.9988843 -0.0329352 0.01148402 0.9990565 -0.04188597 -0.02008014 0.9965041 -0.08109611 -0.03892594 0.9955677 0.08561491 0.1342585 0.9792147 0.1520302 -0.04249602 0.9970885 0.06331545 0.04110789 0.9963684 -0.07456833 8.13994e-4 0.9972188 -0.07452535 -0.1462246 0.989249 0.002202033 -0.002812266 0.9999359 0.01097136 0.01474994 0.9998626 -0.007576346 -0.01883196 0.2050218 0.9785763 0.1970454 0.2927787 0.935657 -0.7239 0.08822917 -0.6842401 -0.5041791 0.1714071 -0.8464179 -0.5091551 0.1764498 0.8423933 -0.3810359 0.2711625 -0.8839019 0.4936187 0.2804498 0.8232184</float_array>
          <technique_common>
            <accessor source="#_35tentacle-mesh-normals-array" count="3505" stride="3">
              <param name="X" type="float"/>
              <param name="Y" type="float"/>
              <param name="Z" type="float"/>
            </accessor>
          </technique_common>
        </source>
        <source id="_35tentacle-mesh-map-0">
          <float_array id="_35tentacle-mesh-map-0-array" count="41844">0.477331 1.940475 0.493971 1.94072 0.4884 1.950127 0.4884 1.950127 0.474717 1.949875 0.477331 1.940475 0.460691 1.940377 0.477331 1.940475 0.474717 1.949875 0.474717 1.949875 0.460986 1.949806 0.460691 1.940377 0.376232 1.942561 0.393313 1.941748 0.405503 1.95138 0.405503 1.95138 0.391456 1.952255 0.376232 1.942561 0.286518 1.949438 0.305033 1.947649 0.334085 1.957922 0.334085 1.957922 0.319298 1.95995 0.286518 1.949438 0.182583 1.961677 0.205038 1.958814 0.25566 1.971284 0.25566 1.971284 0.237562 1.975182 0.182583 1.961677 0.6647 1.954036 0.683502 1.956637 0.636743 1.966813 0.636743 1.966813 0.623231 1.963984 0.6647 1.954036 0.577391 1.944807 0.594496 1.946189 0.569574 1.955692 0.569574 1.955692 0.556139 1.954249 0.577391 1.944807 0.493971 1.94072 0.510577 1.941169 0.502035 1.950564 0.502035 1.950564 0.4884 1.950127 0.493971 1.94072 0.393313 1.941748 0.410332 1.941139 0.419471 1.950702 0.419471 1.950702 0.405503 1.95138 0.393313 1.941748 0.305033 1.947649 0.323315 1.946075 0.348648 1.956156 0.348648 1.956156 0.334085 1.957922 0.305033 1.947649 0.205038 1.958814 0.226702 1.956126 0.27257 1.967884 0.27257 1.967884 0.25566 1.971284 0.205038 1.958814 0.683502 1.956637 0.702665 1.95952 0.65037 1.970017 0.65037 1.970017 0.636743 1.966813 0.683502 1.956637 0.594496 1.946189 0.611624 1.947803 0.582979 1.957368 0.582979 1.957368 0.569574 1.955692 0.594496 1.946189 0.510577 1.941169 0.527199 1.941798 0.515625 1.95119 0.515625 1.95119 0.502035 1.950564 0.510577 1.941169 0.410332 1.941139 0.427215 1.940709 0.433369 1.950217 0.433369 1.950217 0.419471 1.950702 0.410332 1.941139 0.323315 1.946075 0.341233 1.944707 0.363041 1.954632 0.363041 1.954632 0.348648 1.956156 0.323315 1.946075 0.226702 1.956126 0.247386 1.953668 0.288669 1.964896 0.288669 1.964896 0.27257 1.967884 0.226702 1.956126 0.702665 1.95952 0.722653 1.962707 0.664217 1.973656 0.664217 1.973656 0.65037 1.970017 0.702665 1.95952 0.611624 1.947803 0.628992 1.949639 0.59638 1.959293 0.59638 1.959293 0.582979 1.957368 0.611624 1.947803 0.527199 1.941798 0.543858 1.942609 0.52917 1.952008 0.52917 1.952008 0.515625 1.95119 0.527199 1.941798 0.427215 1.940709 0.443993 1.940455 0.447206 1.94992 0.447206 1.94992 0.433369 1.950217 0.427215 1.940709 0.341233 1.944707 0.358854 1.943537 0.377307 1.953335 0.377307 1.953335 0.363041 1.954632 0.341233 1.944707 0.247386 1.953668 0.267274 1.95144 0.304193 1.962265 0.304193 1.962265 0.288669 1.964896 0.247386 1.953668 0.722653 1.962707 0.743689 1.966214 0.678462 1.977815 0.678462 1.977815 0.664217 1.973656 0.722653 1.962707 0.628992 1.949639 0.646659 1.951712 0.60979 1.96149 0.60979 1.96149 0.59638 1.959293 0.628992 1.949639 0.543858 1.942609 0.560581 1.94361 0.542674 1.953025 0.542674 1.953025 0.52917 1.952008 0.543858 1.942609 0.443993 1.940455 0.460691 1.940377 0.460986 1.949806 0.460986 1.949806 0.447206 1.94992 0.443993 1.940455 0.358854 1.943537 0.376232 1.942561 0.391456 1.952255 0.391456 1.952255 0.377307 1.953335 0.358854 1.943537 0.267274 1.95144 0.286518 1.949438 0.319298 1.95995 0.319298 1.95995 0.304193 1.962265 0.267274 1.95144 0.743689 1.966214 0.766056 1.970052 0.693463 1.982624 0.693463 1.982624 0.678462 1.977815 0.743689 1.966214 0.646659 1.951712 0.6647 1.954036 0.623231 1.963984 0.623231 1.963984 0.60979 1.96149 0.646659 1.951712 0.560581 1.94361 0.577391 1.944807 0.556139 1.954249 0.556139 1.954249 0.542674 1.953025 0.560581 1.94361 0.357343 1.016501 0.374287 1.016439 0.374759 1.020995 0.374759 1.020995 0.357885 1.021075 0.357343 1.016501 0.357885 1.021075 0.374759 1.020995 0.375353 1.025561 0.375353 1.025561 0.358542 1.025656 0.357885 1.021075 0.358542 1.025656 0.375353 1.025561 0.376066 1.030137 0.376066 1.030137 0.359309 1.030248 0.358542 1.025656 0.359309 1.030248 0.376066 1.030137 0.376895 1.034727 0.376895 1.034727 0.360185 1.034852 0.359309 1.030248 0.360185 1.034852 0.376895 1.034727 0.377838 1.039331 0.377838 1.039331 0.361166 1.039471 0.360185 1.034852 0.361166 1.039471 0.377838 1.039331 0.378891 1.043954 0.378891 1.043954 0.36225 1.044107 0.361166 1.039471 0.36225 1.044107 0.378891 1.043954 0.380051 1.048597 0.380051 1.048597 0.363432 1.048763 0.36225 1.044107 0.363432 1.048763 0.380051 1.048597 0.381316 1.053263 0.381316 1.053263 0.364711 1.053441 0.363432 1.048763 0.364711 1.053441 0.381316 1.053263 0.382682 1.057955 0.382682 1.057955 0.366084 1.058145 0.364711 1.053441 0.366084 1.058145 0.382682 1.057955 0.384146 1.062674 0.384146 1.062674 0.367546 1.062875 0.366084 1.058145 0.367546 1.062875 0.384146 1.062674 0.385705 1.067425 0.385705 1.067425 0.369095 1.067636 0.367546 1.062875 0.369095 1.067636 0.385705 1.067425 0.387355 1.072208 0.387355 1.072208 0.370728 1.07243 0.369095 1.067636 0.370728 1.07243 0.387355 1.072208 0.389095 1.077028 0.389095 1.077028 0.372441 1.077259 0.370728 1.07243 0.372441 1.077259 0.389095 1.077028 0.390919 1.081886 0.390919 1.081886 0.374231 1.082126 0.372441 1.077259 0.374231 1.082126 0.390919 1.081886 0.392826 1.086787 0.392826 1.086787 0.376096 1.087035 0.374231 1.082126 0.376096 1.087035 0.392826 1.086787 0.394811 1.091732 0.394811 1.091732 0.378031 1.091988 0.376096 1.087035 0.378031 1.091988 0.394811 1.091732 0.396872 1.096724 0.396872 1.096724 0.380035 1.096987 0.378031 1.091988 0.380035 1.096987 0.396872 1.096724 0.399006 1.101767 0.399006 1.101767 0.382102 1.102037 0.380035 1.096987 0.382102 1.102037 0.399006 1.101767 0.401208 1.106863 0.401208 1.106863 0.384231 1.107139 0.382102 1.102037 0.384231 1.107139 0.401208 1.106863 0.403475 1.112016 0.403475 1.112016 0.386417 1.112298 0.384231 1.107139 0.386417 1.112298 0.403475 1.112016 0.405804 1.117228 0.405804 1.117228 0.388657 1.117516 0.386417 1.112298 0.388657 1.117516 0.405804 1.117228 0.408192 1.122503 0.408192 1.122503 0.390948 1.122795 0.388657 1.117516 0.390948 1.122795 0.408192 1.122503 0.410634 1.127844 0.410634 1.127844 0.393285 1.128141 0.390948 1.122795 0.393285 1.128141 0.410634 1.127844 0.413127 1.133255 0.413127 1.133255 0.395666 1.133555 0.393285 1.128141 0.395666 1.133555 0.413127 1.133255 0.415667 1.138738 0.415667 1.138738 0.398088 1.13904 0.395666 1.133555 0.398088 1.13904 0.415667 1.138738 0.418251 1.144296 0.418251 1.144296 0.400545 1.144601 0.398088 1.13904 0.400545 1.144601 0.418251 1.144296 0.420875 1.149934 0.420875 1.149934 0.403035 1.150241 0.400545 1.144601 0.403035 1.150241 0.420875 1.149934 0.423535 1.155653 0.423535 1.155653 0.405554 1.155963 0.403035 1.150241 0.405554 1.155963 0.423535 1.155653 0.426227 1.161459 0.426227 1.161459 0.408097 1.161769 0.405554 1.155963 0.408097 1.161769 0.426227 1.161459 0.428948 1.167354 0.428948 1.167354 0.410663 1.167665 0.408097 1.161769 0.410663 1.167665 0.428948 1.167354 0.431692 1.173342 0.431692 1.173342 0.413245 1.173653 0.410663 1.167665 0.413245 1.173653 0.431692 1.173342 0.434457 1.179427 0.434457 1.179427 0.415841 1.179737 0.413245 1.173653 0.415841 1.179737 0.434457 1.179427 0.43724 1.185611 0.43724 1.185611 0.418448 1.18592 0.415841 1.179737 0.418448 1.18592 0.43724 1.185611 0.440035 1.191899 0.440035 1.191899 0.421061 1.192207 0.418448 1.18592 0.421061 1.192207 0.440035 1.191899 0.442839 1.198293 0.442839 1.198293 0.423676 1.1986 0.421061 1.192207 0.423676 1.1986 0.442839 1.198293 0.445649 1.204799 0.445649 1.204799 0.426291 1.205104 0.423676 1.1986 0.426291 1.205104 0.445649 1.204799 0.448461 1.211419 0.448461 1.211419 0.428902 1.211721 0.426291 1.205104 0.428902 1.211721 0.448461 1.211419 0.451271 1.218158 0.451271 1.218158 0.431505 1.218457 0.428902 1.211721 0.431505 1.218457 0.451271 1.218158 0.454075 1.225018 0.454075 1.225018 0.434097 1.225314 0.431505 1.218457 0.434097 1.225314 0.454075 1.225018 0.456871 1.232004 0.456871 1.232004 0.436674 1.232297 0.434097 1.225314 0.436674 1.232297 0.456871 1.232004 0.459654 1.23912 0.459654 1.23912 0.439234 1.239409 0.436674 1.232297 0.439234 1.239409 0.459654 1.23912 0.462422 1.246369 0.462422 1.246369 0.441772 1.246653 0.439234 1.239409 0.441772 1.246653 0.462422 1.246369 0.465171 1.253755 0.465171 1.253755 0.444287 1.254035 0.441772 1.246653 0.444287 1.254035 0.465171 1.253755 0.467897 1.261283 0.467897 1.261283 0.446774 1.261558 0.444287 1.254035 0.446774 1.261558 0.467897 1.261283 0.470597 1.268955 0.470597 1.268955 0.449231 1.269225 0.446774 1.261558 0.449231 1.269225 0.470597 1.268955 0.473269 1.276777 0.473269 1.276777 0.451655 1.277041 0.449231 1.269225 0.451655 1.277041 0.473269 1.276777 0.475909 1.28475 0.475909 1.28475 0.454043 1.285009 0.451655 1.277041 0.454043 1.285009 0.475909 1.28475 0.478514 1.292881 0.478514 1.292881 0.456392 1.293133 0.454043 1.285009 0.456392 1.293133 0.478514 1.292881 0.481081 1.301172 0.481081 1.301172 0.458699 1.301418 0.456392 1.293133 0.458699 1.301418 0.481081 1.301172 0.483607 1.309626 0.483607 1.309626 0.460963 1.309866 0.458699 1.301418 0.460963 1.309866 0.483607 1.309626 0.48609 1.318249 0.48609 1.318249 0.463179 1.318483 0.460963 1.309866 0.463179 1.318483 0.48609 1.318249 0.488526 1.327044 0.488526 1.327044 0.465347 1.327271 0.463179 1.318483 0.465347 1.327271 0.488526 1.327044 0.490913 1.336014 0.490913 1.336014 0.467464 1.336234 0.465347 1.327271 0.467464 1.336234 0.490913 1.336014 0.493249 1.345163 0.493249 1.345163 0.469528 1.345376 0.467464 1.336234 0.469528 1.345376 0.493249 1.345163 0.495531 1.354495 0.495531 1.354495 0.471536 1.354701 0.469528 1.345376 0.471536 1.354701 0.495531 1.354495 0.497758 1.364013 0.497758 1.364013 0.473488 1.364212 0.471536 1.354701 0.473488 1.364212 0.497758 1.364013 0.499926 1.373721 0.499926 1.373721 0.475381 1.373913 0.473488 1.364212 0.475381 1.373913 0.499926 1.373721 0.502035 1.383623 0.502035 1.383623 0.477214 1.383806 0.475381 1.373913 0.477214 1.383806 0.502035 1.383623 0.50408 1.39372 0.50408 1.39372 0.478984 1.393897 0.477214 1.383806 0.478984 1.393897 0.50408 1.39372 0.506062 1.404018 0.506062 1.404018 0.480691 1.404187 0.478984 1.393897 0.480691 1.404187 0.506062 1.404018 0.507977 1.414518 0.507977 1.414518 0.482333 1.414679 0.480691 1.404187 0.482333 1.414679 0.507977 1.414518 0.509824 1.425223 0.509824 1.425223 0.483909 1.425377 0.482333 1.414679 0.483909 1.425377 0.509824 1.425223 0.511601 1.436137 0.511601 1.436137 0.485417 1.436283 0.483909 1.425377 0.485417 1.436283 0.511601 1.436137 0.513307 1.447261 0.513307 1.447261 0.486858 1.4474 0.485417 1.436283 0.486858 1.4474 0.513307 1.447261 0.51494 1.458599 0.51494 1.458599 0.488228 1.45873 0.486858 1.4474 0.488228 1.45873 0.51494 1.458599 0.516499 1.470152 0.516499 1.470152 0.489529 1.470275 0.488228 1.45873 0.489529 1.470275 0.516499 1.470152 0.517981 1.481922 0.517981 1.481922 0.49076 1.482038 0.489529 1.470275 0.49076 1.482038 0.517981 1.481922 0.519388 1.493912 0.519388 1.493912 0.491919 1.49402 0.49076 1.482038 0.491919 1.49402 0.519388 1.493912 0.520717 1.506122 0.520717 1.506122 0.493008 1.506223 0.491919 1.49402 0.493008 1.506223 0.520717 1.506122 0.521969 1.518553 0.521969 1.518553 0.494026 1.518647 0.493008 1.506223 0.494026 1.518647 0.521969 1.518553 0.523142 1.531208 0.523142 1.531208 0.494974 1.531294 0.494026 1.518647 0.494974 1.531294 0.523142 1.531208 0.524237 1.544084 0.524237 1.544084 0.495853 1.544164 0.494974 1.531294 0.495853 1.544164 0.524237 1.544084 0.525255 1.557184 0.525255 1.557184 0.496663 1.557257 0.495853 1.544164 0.496663 1.557257 0.525255 1.557184 0.526193 1.570507 0.526193 1.570507 0.497404 1.570573 0.496663 1.557257 0.497404 1.570573 0.526193 1.570507 0.527051 1.584052 0.527051 1.584052 0.498076 1.584112 0.497404 1.570573 0.498076 1.584112 0.527051 1.584052 0.527828 1.597818 0.527828 1.597818 0.49868 1.597871 0.498076 1.584112 0.49868 1.597871 0.527828 1.597818 0.528521 1.611803 0.528521 1.611803 0.499214 1.61185 0.49868 1.597871 0.499214 1.61185 0.528521 1.611803 0.529128 1.626005 0.529128 1.626005 0.499676 1.626045 0.499214 1.61185 0.499676 1.626045 0.529128 1.626005 0.529645 1.640422 0.529645 1.640422 0.500063 1.640454 0.499676 1.626045 0.500063 1.640454 0.529645 1.640422 0.530066 1.655049 0.530066 1.655049 0.500373 1.655074 0.500063 1.640454 0.500373 1.655074 0.530066 1.655049 0.530384 1.669881 0.530384 1.669881 0.500601 1.669899 0.500373 1.655074 0.500601 1.669899 0.530384 1.669881 0.530593 1.684912 0.530593 1.684912 0.500741 1.684922 0.500601 1.669899 0.500741 1.684922 0.530593 1.684912 0.530683 1.700136 0.530683 1.700136 0.500787 1.700137 0.500741 1.684922 0.500787 1.700137 0.530683 1.700136 0.530641 1.71554 0.530641 1.71554 0.50073 1.715533 0.500787 1.700137 0.50073 1.715533 0.530641 1.71554 0.530455 1.731115 0.530455 1.731115 0.500562 1.731098 0.50073 1.715533 0.500562 1.731098 0.530455 1.731115 0.530105 1.746844 0.530105 1.746844 0.50027 1.746816 0.500562 1.731098 0.50027 1.746816 0.530105 1.746844 0.52957 1.762709 0.52957 1.762709 0.49984 1.762669 0.50027 1.746816 0.49984 1.762669 0.52957 1.762709 0.528824 1.778684 0.528824 1.778684 0.499256 1.77863 0.49984 1.762669 0.499256 1.77863 0.528824 1.778684 0.527831 1.794736 0.527831 1.794736 0.498496 1.794667 0.499256 1.77863 0.498496 1.794667 0.527831 1.794736 0.526552 1.810824 0.526552 1.810824 0.497537 1.810739 0.498496 1.794667 0.497537 1.810739 0.526552 1.810824 0.524938 1.826896 0.524938 1.826896 0.496351 1.82679 0.497537 1.810739 0.496351 1.82679 0.524938 1.826896 0.52293 1.84288 0.52293 1.84288 0.494911 1.842752 0.496351 1.82679 0.494911 1.842752 0.52293 1.84288 0.520468 1.858684 0.520468 1.858684 0.49319 1.858532 0.494911 1.842752 0.49319 1.858532 0.520468 1.858684 0.517485 1.874191 0.517485 1.874191 0.491165 1.874012 0.49319 1.858532 0.491165 1.874012 0.517485 1.874191 0.513922 1.889251 0.513922 1.889251 0.48883 1.889043 0.491165 1.874012 0.48883 1.889043 0.513922 1.889251 0.509742 1.903676 0.509742 1.903676 0.486199 1.903441 0.48883 1.889043 0.486199 1.903441 0.509742 1.903676 0.504949 1.917238 0.504949 1.917238 0.483327 1.916979 0.486199 1.903441 0.483327 1.916979 0.504949 1.917238 0.499626 1.929679 0.499626 1.929679 0.480319 1.929406 0.483327 1.916979 0.480319 1.929406 0.499626 1.929679 0.493971 1.94072 0.493971 1.94072 0.477331 1.940475 0.480319 1.929406 0.340339 1.016575 0.357343 1.016501 0.357885 1.021075 0.357885 1.021075 0.340954 1.021164 0.340339 1.016575 0.340954 1.021164 0.357885 1.021075 0.358542 1.025656 0.358542 1.025656 0.341675 1.02576 0.340954 1.021164 0.341675 1.02576 0.358542 1.025656 0.359309 1.030248 0.359309 1.030248 0.3425 1.030365 0.341675 1.02576 0.3425 1.030365 0.359309 1.030248 0.360185 1.034852 0.360185 1.034852 0.343425 1.034983 0.3425 1.030365 0.343425 1.034983 0.360185 1.034852 0.361166 1.039471 0.361166 1.039471 0.344447 1.039615 0.343425 1.034983 0.344447 1.039615 0.361166 1.039471 0.36225 1.044107 0.36225 1.044107 0.345563 1.044263 0.344447 1.039615 0.345563 1.044263 0.36225 1.044107 0.363432 1.048763 0.363432 1.048763 0.346771 1.048931 0.345563 1.044263 0.346771 1.048931 0.363432 1.048763 0.364711 1.053441 0.364711 1.053441 0.348066 1.053621 0.346771 1.048931 0.348066 1.053621 0.364711 1.053441 0.366084 1.058145 0.366084 1.058145 0.349447 1.058335 0.348066 1.053621 0.349447 1.058335 0.366084 1.058145 0.367546 1.062875 0.367546 1.062875 0.35091 1.063075 0.349447 1.058335 0.35091 1.063075 0.367546 1.062875 0.369095 1.067636 0.369095 1.067636 0.352451 1.067846 0.35091 1.063075 0.352451 1.067846 0.369095 1.067636 0.370728 1.07243 0.370728 1.07243 0.354068 1.072648 0.352451 1.067846 0.354068 1.072648 0.370728 1.07243 0.372441 1.077259 0.372441 1.077259 0.355757 1.077486 0.354068 1.072648 0.355757 1.077486 0.372441 1.077259 0.374231 1.082126 0.374231 1.082126 0.357515 1.082361 0.355757 1.077486 0.357515 1.082361 0.374231 1.082126 0.376096 1.087035 0.376096 1.087035 0.35934 1.087277 0.357515 1.082361 0.35934 1.087277 0.376096 1.087035 0.378031 1.091988 0.378031 1.091988 0.361228 1.092237 0.35934 1.087277 0.361228 1.092237 0.378031 1.091988 0.380035 1.096987 0.380035 1.096987 0.363175 1.097243 0.361228 1.092237 0.363175 1.097243 0.380035 1.096987 0.382102 1.102037 0.382102 1.102037 0.365179 1.102298 0.363175 1.097243 0.365179 1.102298 0.382102 1.102037 0.384231 1.107139 0.384231 1.107139 0.367236 1.107406 0.365179 1.102298 0.367236 1.107406 0.384231 1.107139 0.386417 1.112298 0.386417 1.112298 0.369342 1.112569 0.367236 1.107406 0.369342 1.112569 0.386417 1.112298 0.388657 1.117516 0.388657 1.117516 0.371495 1.117791 0.369342 1.112569 0.371495 1.117791 0.388657 1.117516 0.390948 1.122795 0.390948 1.122795 0.373691 1.123075 0.371495 1.117791 0.373691 1.123075 0.390948 1.122795 0.393285 1.128141 0.393285 1.128141 0.375926 1.128423 0.373691 1.123075 0.375926 1.128423 0.393285 1.128141 0.395666 1.133555 0.395666 1.133555 0.378197 1.13384 0.375926 1.128423 0.378197 1.13384 0.395666 1.133555 0.398088 1.13904 0.398088 1.13904 0.3805 1.139328 0.378197 1.13384 0.3805 1.139328 0.398088 1.13904 0.400545 1.144601 0.400545 1.144601 0.382833 1.144891 0.3805 1.139328 0.382833 1.144891 0.400545 1.144601 0.403035 1.150241 0.403035 1.150241 0.38519 1.150532 0.382833 1.144891 0.38519 1.150532 0.403035 1.150241 0.405554 1.155963 0.405554 1.155963 0.38757 1.156254 0.38519 1.150532 0.38757 1.156254 0.405554 1.155963 0.408097 1.161769 0.408097 1.161769 0.389966 1.162061 0.38757 1.156254 0.389966 1.162061 0.408097 1.161769 0.410663 1.167665 0.410663 1.167665 0.392377 1.167957 0.389966 1.162061 0.392377 1.167957 0.410663 1.167665 0.413245 1.173653 0.413245 1.173653 0.394799 1.173945 0.392377 1.167957 0.394799 1.173945 0.413245 1.173653 0.415841 1.179737 0.415841 1.179737 0.397228 1.180027 0.394799 1.173945 0.397228 1.180027 0.415841 1.179737 0.418448 1.18592 0.418448 1.18592 0.39966 1.186209 0.397228 1.180027 0.39966 1.186209 0.418448 1.18592 0.421061 1.192207 0.421061 1.192207 0.402092 1.192494 0.39966 1.186209 0.402092 1.192494 0.421061 1.192207 0.423676 1.1986 0.423676 1.1986 0.40452 1.198885 0.402092 1.192494 0.40452 1.198885 0.423676 1.1986 0.426291 1.205104 0.426291 1.205104 0.406941 1.205386 0.40452 1.198885 0.406941 1.205386 0.426291 1.205104 0.428902 1.211721 0.428902 1.211721 0.409352 1.212 0.406941 1.205386 0.409352 1.212 0.428902 1.211721 0.431505 1.218457 0.431505 1.218457 0.411749 1.218732 0.409352 1.212 0.411749 1.218732 0.431505 1.218457 0.434097 1.225314 0.434097 1.225314 0.414129 1.225586 0.411749 1.218732 0.414129 1.225586 0.434097 1.225314 0.436674 1.232297 0.436674 1.232297 0.416489 1.232564 0.414129 1.225586 0.416489 1.232564 0.436674 1.232297 0.439234 1.239409 0.439234 1.239409 0.418825 1.239672 0.416489 1.232564 0.418825 1.239672 0.439234 1.239409 0.441772 1.246653 0.441772 1.246653 0.421136 1.246912 0.418825 1.239672 0.421136 1.246912 0.441772 1.246653 0.444287 1.254035 0.444287 1.254035 0.423417 1.254289 0.421136 1.246912 0.423417 1.254289 0.444287 1.254035 0.446774 1.261558 0.446774 1.261558 0.425665 1.261806 0.423417 1.254289 0.425665 1.261806 0.446774 1.261558 0.449231 1.269225 0.449231 1.269225 0.427879 1.269468 0.425665 1.261806 0.427879 1.269468 0.449231 1.269225 0.451655 1.277041 0.451655 1.277041 0.430056 1.277278 0.427879 1.269468 0.430056 1.277278 0.451655 1.277041 0.454043 1.285009 0.454043 1.285009 0.432192 1.28524 0.430056 1.277278 0.432192 1.28524 0.454043 1.285009 0.456392 1.293133 0.456392 1.293133 0.434286 1.293358 0.432192 1.28524 0.434286 1.293358 0.456392 1.293133 0.458699 1.301418 0.458699 1.301418 0.436334 1.301637 0.434286 1.293358 0.436334 1.301637 0.458699 1.301418 0.460963 1.309866 0.460963 1.309866 0.438335 1.310079 0.436334 1.301637 0.438335 1.310079 0.460963 1.309866 0.463179 1.318483 0.463179 1.318483 0.440287 1.318689 0.438335 1.310079 0.440287 1.318689 0.463179 1.318483 0.465347 1.327271 0.465347 1.327271 0.442187 1.32747 0.440287 1.318689 0.442187 1.32747 0.465347 1.327271 0.467464 1.336234 0.467464 1.336234 0.444033 1.336426 0.442187 1.32747 0.444033 1.336426 0.467464 1.336234 0.469528 1.345376 0.469528 1.345376 0.445825 1.345561 0.444033 1.336426 0.445825 1.345561 0.469528 1.345376 0.471536 1.354701 0.471536 1.354701 0.44756 1.354879 0.445825 1.345561 0.44756 1.354879 0.471536 1.354701 0.473488 1.364212 0.473488 1.364212 0.449237 1.364383 0.44756 1.354879 0.449237 1.364383 0.473488 1.364212 0.475381 1.373913 0.475381 1.373913 0.450854 1.374077 0.449237 1.364383 0.450854 1.374077 0.475381 1.373913 0.477214 1.383806 0.477214 1.383806 0.452411 1.383963 0.450854 1.374077 0.452411 1.383963 0.477214 1.383806 0.478984 1.393897 0.478984 1.393897 0.453906 1.394047 0.452411 1.383963 0.453906 1.394047 0.478984 1.393897 0.480691 1.404187 0.480691 1.404187 0.455339 1.404329 0.453906 1.394047 0.455339 1.404329 0.480691 1.404187 0.482333 1.414679 0.482333 1.414679 0.456707 1.414815 0.455339 1.404329 0.456707 1.414815 0.482333 1.414679 0.483909 1.425377 0.483909 1.425377 0.458012 1.425505 0.456707 1.414815 0.458012 1.425505 0.483909 1.425377 0.485417 1.436283 0.485417 1.436283 0.459251 1.436404 0.458012 1.425505 0.459251 1.436404 0.485417 1.436283 0.486858 1.4474 0.486858 1.4474 0.460426 1.447514 0.459251 1.436404 0.460426 1.447514 0.486858 1.4474 0.488228 1.45873 0.488228 1.45873 0.461534 1.458837 0.460426 1.447514 0.461534 1.458837 0.488228 1.45873 0.489529 1.470275 0.489529 1.470275 0.462577 1.470375 0.461534 1.458837 0.462577 1.470375 0.489529 1.470275 0.49076 1.482038 0.49076 1.482038 0.463554 1.482131 0.462577 1.470375 0.463554 1.482131 0.49076 1.482038 0.491919 1.49402 0.491919 1.49402 0.464466 1.494107 0.463554 1.482131 0.464466 1.494107 0.491919 1.49402 0.493008 1.506223 0.493008 1.506223 0.465314 1.506303 0.464466 1.494107 0.465314 1.506303 0.493008 1.506223 0.494026 1.518647 0.494026 1.518647 0.466099 1.518721 0.465314 1.506303 0.466099 1.518721 0.494026 1.518647 0.494974 1.531294 0.494974 1.531294 0.466821 1.531361 0.466099 1.518721 0.466821 1.531361 0.494974 1.531294 0.495853 1.544164 0.495853 1.544164 0.467482 1.544226 0.466821 1.531361 0.467482 1.544226 0.495853 1.544164 0.496663 1.557257 0.496663 1.557257 0.468084 1.557313 0.467482 1.544226 0.468084 1.557313 0.496663 1.557257 0.497404 1.570573 0.497404 1.570573 0.468628 1.570623 0.468084 1.557313 0.468628 1.570623 0.497404 1.570573 0.498076 1.584112 0.498076 1.584112 0.469115 1.584156 0.468628 1.570623 0.469115 1.584156 0.498076 1.584112 0.49868 1.597871 0.49868 1.597871 0.469545 1.59791 0.469115 1.584156 0.469545 1.59791 0.49868 1.597871 0.499214 1.61185 0.499214 1.61185 0.469919 1.611883 0.469545 1.59791 0.469919 1.611883 0.499214 1.61185 0.499676 1.626045 0.499676 1.626045 0.470236 1.626073 0.469919 1.611883 0.470236 1.626073 0.499676 1.626045 0.500063 1.640454 0.500063 1.640454 0.470495 1.640477 0.470236 1.626073 0.470495 1.640477 0.500063 1.640454 0.500373 1.655074 0.500373 1.655074 0.470694 1.655091 0.470495 1.640477 0.470694 1.655091 0.500373 1.655074 0.500601 1.669899 0.500601 1.669899 0.470831 1.66991 0.470694 1.655091 0.470831 1.66991 0.500601 1.669899 0.500741 1.684922 0.500741 1.684922 0.470903 1.684927 0.470831 1.66991 0.470903 1.684927 0.500741 1.684922 0.500787 1.700137 0.500787 1.700137 0.470906 1.700136 0.470903 1.684927 0.470906 1.700136 0.500787 1.700137 0.50073 1.715533 0.50073 1.715533 0.470835 1.715525 0.470906 1.700136 0.470835 1.715525 0.50073 1.715533 0.500562 1.731098 0.500562 1.731098 0.470686 1.731083 0.470835 1.715525 0.470686 1.731083 0.500562 1.731098 0.50027 1.746816 0.50027 1.746816 0.470453 1.746794 0.470686 1.731083 0.470453 1.746794 0.50027 1.746816 0.49984 1.762669 0.49984 1.762669 0.47013 1.762638 0.470453 1.746794 0.47013 1.762638 0.49984 1.762669 0.499256 1.77863 0.499256 1.77863 0.469709 1.778591 0.47013 1.762638 0.469709 1.778591 0.499256 1.77863 0.498496 1.794667 0.498496 1.794667 0.469184 1.794618 0.469709 1.778591 0.469184 1.794618 0.498496 1.794667 0.497537 1.810739 0.497537 1.810739 0.468547 1.810679 0.469184 1.794618 0.468547 1.810679 0.497537 1.810739 0.496351 1.82679 0.496351 1.82679 0.467793 1.82672 0.468547 1.810679 0.467793 1.82672 0.496351 1.82679 0.494911 1.842752 0.494911 1.842752 0.466923 1.84267 0.467793 1.82672 0.466923 1.84267 0.494911 1.842752 0.49319 1.858532 0.49319 1.858532 0.465943 1.858437 0.466923 1.84267 0.465943 1.858437 0.49319 1.858532 0.491165 1.874012 0.491165 1.874012 0.464876 1.873906 0.465943 1.858437 0.464876 1.873906 0.491165 1.874012 0.48883 1.889043 0.48883 1.889043 0.463765 1.888929 0.464876 1.873906 0.463765 1.888929 0.48883 1.889043 0.486199 1.903441 0.486199 1.903441 0.462678 1.903321 0.463765 1.888929 0.462678 1.903321 0.486199 1.903441 0.483327 1.916979 0.483327 1.916979 0.461716 1.916861 0.462678 1.903321 0.461716 1.916861 0.483327 1.916979 0.480319 1.929406 0.480319 1.929406 0.461008 1.929297 0.461716 1.916861 0.461008 1.929297 0.480319 1.929406 0.477331 1.940475 0.477331 1.940475 0.460691 1.940377 0.461008 1.929297 0.254564 1.017115 0.271806 1.016983 0.272737 1.021621 0.272737 1.021621 0.255582 1.021763 0.254564 1.017115 0.255582 1.021763 0.272737 1.021621 0.273743 1.026264 0.273743 1.026264 0.256666 1.026415 0.255582 1.021763 0.256666 1.026415 0.273743 1.026264 0.274821 1.030915 0.274821 1.030915 0.257813 1.031074 0.256666 1.026415 0.257813 1.031074 0.274821 1.030915 0.275966 1.035575 0.275966 1.035575 0.259019 1.035741 0.257813 1.031074 0.259019 1.035741 0.275966 1.035575 0.277176 1.040247 0.277176 1.040247 0.260281 1.04042 0.259019 1.035741 0.260281 1.04042 0.277176 1.040247 0.278446 1.044933 0.278446 1.044933 0.261595 1.045113 0.260281 1.04042 0.261595 1.045113 0.278446 1.044933 0.279775 1.049636 0.279775 1.049636 0.262959 1.049822 0.261595 1.045113 0.262959 1.049822 0.279775 1.049636 0.281158 1.054359 0.281158 1.054359 0.264369 1.054551 0.262959 1.049822 0.264369 1.054551 0.281158 1.054359 0.282593 1.059105 0.282593 1.059105 0.265823 1.059301 0.264369 1.054551 0.265823 1.059301 0.282593 1.059105 0.284078 1.063875 0.284078 1.063875 0.267317 1.064076 0.265823 1.059301 0.267317 1.064076 0.284078 1.063875 0.285608 1.068673 0.285608 1.068673 0.268849 1.068878 0.267317 1.064076 0.268849 1.068878 0.285608 1.068673 0.287181 1.0735 0.287181 1.0735 0.270416 1.073709 0.268849 1.068878 0.270416 1.073709 0.287181 1.0735 0.288794 1.078361 0.288794 1.078361 0.272014 1.078573 0.270416 1.073709 0.272014 1.078573 0.288794 1.078361 0.290443 1.083258 0.290443 1.083258 0.273641 1.083473 0.272014 1.078573 0.273641 1.083473 0.290443 1.083258 0.292126 1.088194 0.292126 1.088194 0.275293 1.088411 0.273641 1.083473 0.275293 1.088411 0.292126 1.088194 0.29384 1.093171 0.29384 1.093171 0.276967 1.093389 0.275293 1.088411 0.276967 1.093389 0.29384 1.093171 0.295582 1.098192 0.295582 1.098192 0.278661 1.098412 0.276967 1.093389 0.278661 1.098412 0.295582 1.098192 0.297348 1.103261 0.297348 1.103261 0.280371 1.103482 0.278661 1.098412 0.280371 1.103482 0.297348 1.103261 0.299135 1.108381 0.299135 1.108381 0.282095 1.108603 0.280371 1.103482 0.282095 1.108603 0.299135 1.108381 0.30094 1.113554 0.30094 1.113554 0.283828 1.113776 0.282095 1.108603 0.283828 1.113776 0.30094 1.113554 0.30276 1.118784 0.30276 1.118784 0.285569 1.119006 0.283828 1.113776 0.285569 1.119006 0.30276 1.118784 0.304592 1.124074 0.304592 1.124074 0.287313 1.124295 0.285569 1.119006 0.287313 1.124295 0.304592 1.124074 0.306432 1.129427 0.306432 1.129427 0.289058 1.129647 0.287313 1.124295 0.289058 1.129647 0.306432 1.129427 0.308278 1.134846 0.308278 1.134846 0.290801 1.135065 0.289058 1.129647 0.290801 1.135065 0.308278 1.134846 0.310125 1.140335 0.310125 1.140335 0.292538 1.140552 0.290801 1.135065 0.292538 1.140552 0.310125 1.140335 0.311972 1.145897 0.311972 1.145897 0.294267 1.146111 0.292538 1.140552 0.294267 1.146111 0.311972 1.145897 0.313814 1.151535 0.313814 1.151535 0.295983 1.151747 0.294267 1.146111 0.295983 1.151747 0.313814 1.151535 0.315648 1.157253 0.315648 1.157253 0.297684 1.157462 0.295983 1.151747 0.297684 1.157462 0.315648 1.157253 0.317471 1.163054 0.317471 1.163054 0.299366 1.16326 0.297684 1.157462 0.299366 1.16326 0.317471 1.163054 0.31928 1.168942 0.31928 1.168942 0.301027 1.169144 0.299366 1.16326 0.301027 1.169144 0.31928 1.168942 0.321071 1.17492 0.321071 1.17492 0.302663 1.175118 0.301027 1.169144 0.302663 1.175118 0.321071 1.17492 0.322841 1.180993 0.322841 1.180993 0.304271 1.181186 0.302663 1.175118 0.304271 1.181186 0.322841 1.180993 0.324586 1.187162 0.324586 1.187162 0.305847 1.187351 0.304271 1.181186 0.305847 1.187351 0.324586 1.187162 0.326304 1.193433 0.326304 1.193433 0.307389 1.193617 0.305847 1.187351 0.307389 1.193617 0.326304 1.193433 0.327993 1.199809 0.327993 1.199809 0.308895 1.199988 0.307389 1.193617 0.308895 1.199988 0.327993 1.199809 0.329648 1.206294 0.329648 1.206294 0.310361 1.206467 0.308895 1.199988 0.310361 1.206467 0.329648 1.206294 0.331268 1.212891 0.331268 1.212891 0.311784 1.213058 0.310361 1.206467 0.311784 1.213058 0.331268 1.212891 0.332849 1.219604 0.332849 1.219604 0.313163 1.219766 0.311784 1.213058 0.313163 1.219766 0.332849 1.219604 0.334389 1.226438 0.334389 1.226438 0.314495 1.226594 0.313163 1.219766 0.314495 1.226594 0.334389 1.226438 0.335886 1.233396 0.335886 1.233396 0.315777 1.233545 0.314495 1.226594 0.315777 1.233545 0.335886 1.233396 0.337337 1.240482 0.337337 1.240482 0.317007 1.240624 0.315777 1.233545 0.317007 1.240624 0.337337 1.240482 0.338739 1.247699 0.338739 1.247699 0.318184 1.247835 0.317007 1.240624 0.318184 1.247835 0.338739 1.247699 0.340092 1.255053 0.340092 1.255053 0.319305 1.255182 0.318184 1.247835 0.319305 1.255182 0.340092 1.255053 0.341392 1.262546 0.341392 1.262546 0.320369 1.262668 0.319305 1.255182 0.320369 1.262668 0.341392 1.262546 0.342638 1.270183 0.342638 1.270183 0.321373 1.270299 0.320369 1.262668 0.321373 1.270299 0.342638 1.270183 0.343829 1.277968 0.343829 1.277968 0.322318 1.278076 0.321373 1.270299 0.322318 1.278076 0.343829 1.277968 0.344962 1.285904 0.344962 1.285904 0.3232 1.286006 0.322318 1.278076 0.3232 1.286006 0.344962 1.285904 0.346036 1.293996 0.346036 1.293996 0.32402 1.29409 0.3232 1.286006 0.32402 1.29409 0.346036 1.293996 0.34705 1.302247 0.34705 1.302247 0.324775 1.302335 0.32402 1.29409 0.324775 1.302335 0.34705 1.302247 0.348002 1.310662 0.348002 1.310662 0.325465 1.310743 0.324775 1.302335 0.325465 1.310743 0.348002 1.310662 0.348893 1.319245 0.348893 1.319245 0.32609 1.319318 0.325465 1.310743 0.32609 1.319318 0.348893 1.319245 0.349721 1.327999 0.349721 1.327999 0.326649 1.328065 0.32609 1.319318 0.326649 1.328065 0.349721 1.327999 0.350486 1.336928 0.350486 1.336928 0.327143 1.336987 0.326649 1.328065 0.327143 1.336987 0.350486 1.336928 0.351188 1.346036 0.351188 1.346036 0.327572 1.346089 0.327143 1.336987 0.327572 1.346089 0.351188 1.346036 0.351827 1.355326 0.351827 1.355326 0.327936 1.355373 0.327572 1.346089 0.327936 1.355373 0.351827 1.355326 0.352403 1.364803 0.352403 1.364803 0.328236 1.364843 0.327936 1.355373 0.328236 1.364843 0.352403 1.364803 0.352917 1.37447 0.352917 1.37447 0.328473 1.374504 0.328236 1.364843 0.328473 1.374504 0.352917 1.37447 0.353369 1.38433 0.353369 1.38433 0.328648 1.384358 0.328473 1.374504 0.328648 1.384358 0.353369 1.38433 0.35376 1.394387 0.35376 1.394387 0.328762 1.394409 0.328648 1.384358 0.328762 1.394409 0.35376 1.394387 0.354091 1.404644 0.354091 1.404644 0.328816 1.40466 0.328762 1.394409 0.328816 1.40466 0.354091 1.404644 0.354363 1.415104 0.354363 1.415104 0.328813 1.415114 0.328816 1.40466 0.328813 1.415114 0.354363 1.415104 0.354578 1.42577 0.354578 1.42577 0.328754 1.425775 0.328813 1.415114 0.328754 1.425775 0.354578 1.42577 0.354737 1.436645 0.354737 1.436645 0.328641 1.436646 0.328754 1.425775 0.328641 1.436646 0.354737 1.436645 0.354843 1.447731 0.354843 1.447731 0.328478 1.447728 0.328641 1.436646 0.328478 1.447728 0.354843 1.447731 0.354898 1.459032 0.354898 1.459032 0.328267 1.459024 0.328478 1.447728 0.328267 1.459024 0.354898 1.459032 0.354903 1.470549 0.354903 1.470549 0.328012 1.470537 0.328267 1.459024 0.328012 1.470537 0.354903 1.470549 0.354863 1.482285 0.354863 1.482285 0.327716 1.482269 0.328012 1.470537 0.327716 1.482269 0.354863 1.482285 0.35478 1.49424 0.35478 1.49424 0.327382 1.494222 0.327716 1.482269 0.327382 1.494222 0.35478 1.49424 0.354658 1.506418 0.354658 1.506418 0.327015 1.506397 0.327382 1.494222 0.327015 1.506397 0.354658 1.506418 0.3545 1.518818 0.3545 1.518818 0.326619 1.518795 0.327015 1.506397 0.326619 1.518795 0.3545 1.518818 0.354312 1.531443 0.354312 1.531443 0.326201 1.531417 0.326619 1.518795 0.326201 1.531417 0.354312 1.531443 0.354098 1.544292 0.354098 1.544292 0.325765 1.544265 0.326201 1.531417 0.325765 1.544265 0.354098 1.544292 0.353862 1.557366 0.353862 1.557366 0.325318 1.557338 0.325765 1.544265 0.325318 1.557338 0.353862 1.557366 0.35361 1.570664 0.35361 1.570664 0.324865 1.570636 0.325318 1.557338 0.324865 1.570636 0.35361 1.570664 0.353348 1.584186 0.353348 1.584186 0.324414 1.584158 0.324865 1.570636 0.324414 1.584158 0.353348 1.584186 0.35308 1.597929 0.35308 1.597929 0.32397 1.597902 0.324414 1.584158 0.32397 1.597902 0.35308 1.597929 0.352811 1.611894 0.352811 1.611894 0.323539 1.611867 0.32397 1.597902 0.323539 1.611867 0.352811 1.611894 0.352546 1.626076 0.352546 1.626076 0.323126 1.626051 0.323539 1.611867 0.323126 1.626051 0.352546 1.626076 0.352289 1.640473 0.352289 1.640473 0.322739 1.640449 0.323126 1.626051 0.322739 1.640449 0.352289 1.640473 0.352044 1.65508 0.352044 1.65508 0.322382 1.655059 0.322739 1.640449 0.322382 1.655059 0.352044 1.65508 0.351817 1.669893 0.351817 1.669893 0.322063 1.669874 0.322382 1.655059 0.322063 1.669874 0.351817 1.669893 0.351615 1.684905 0.351615 1.684905 0.32179 1.68489 0.322063 1.669874 0.32179 1.68489 0.351615 1.684905 0.351444 1.700109 0.351444 1.700109 0.321573 1.700098 0.32179 1.68489 0.321573 1.700098 0.351444 1.700109 0.351314 1.715495 0.351314 1.715495 0.321426 1.715488 0.321573 1.700098 0.321426 1.715488 0.351314 1.715495 0.35124 1.73105 0.35124 1.73105 0.321367 1.73105 0.321426 1.715488 0.321367 1.73105 0.35124 1.73105 0.35124 1.746761 0.35124 1.746761 0.32142 1.746768 0.321367 1.73105 0.32142 1.746768 0.35124 1.746761 0.351337 1.762609 0.351337 1.762609 0.321615 1.762626 0.32142 1.746768 0.321615 1.762626 0.351337 1.762609 0.351564 1.77857 0.351564 1.77857 0.321996 1.778599 0.321615 1.762626 0.321996 1.778599 0.351564 1.77857 0.351964 1.794612 0.351964 1.794612 0.322614 1.794657 0.321996 1.778599 0.322614 1.794657 0.351964 1.794612 0.352595 1.810696 0.352595 1.810696 0.323546 1.810763 0.322614 1.794657 0.323546 1.810763 0.352595 1.810696 0.353536 1.826772 0.353536 1.826772 0.324888 1.826866 0.323546 1.810763 0.324888 1.826866 0.353536 1.826772 0.354893 1.842774 0.354893 1.842774 0.326773 1.842904 0.324888 1.826866 0.326773 1.842904 0.354893 1.842774 0.356812 1.858617 0.356812 1.858617 0.329378 1.858795 0.326773 1.842904 0.329378 1.858795 0.356812 1.858617 0.35948 1.874192 0.35948 1.874192 0.332932 1.874433 0.329378 1.858795 0.332932 1.874433 0.35948 1.874192 0.363139 1.889359 0.363139 1.889359 0.337726 1.889679 0.332932 1.874433 0.337726 1.889679 0.363139 1.889359 0.368076 1.903943 0.368076 1.903943 0.344109 1.904362 0.337726 1.889679 0.344109 1.904362 0.368076 1.903943 0.374604 1.917719 0.374604 1.917719 0.352459 1.918256 0.344109 1.904362 0.352459 1.918256 0.374604 1.917719 0.382993 1.930423 0.382993 1.930423 0.363109 1.93109 0.352459 1.918256 0.363109 1.93109 0.382993 1.930423 0.393313 1.941748 0.393313 1.941748 0.376232 1.942561 0.363109 1.93109 0.167931 1.017978 0.185299 1.017777 0.186691 1.022451 0.186691 1.022451 0.169426 1.022655 0.167931 1.017978 0.169426 1.022655 0.186691 1.022451 0.188114 1.027125 0.188114 1.027125 0.17094 1.027332 0.169426 1.022655 0.17094 1.027332 0.188114 1.027125 0.189562 1.031804 0.189562 1.031804 0.17247 1.032012 0.17094 1.027332 0.17247 1.032012 0.189562 1.031804 0.191033 1.036489 0.191033 1.036489 0.174011 1.036698 0.17247 1.032012 0.174011 1.036698 0.191033 1.036489 0.192523 1.041183 0.192523 1.041183 0.175563 1.041393 0.174011 1.036698 0.175563 1.041393 0.192523 1.041183 0.194031 1.04589 0.194031 1.04589 0.1771219 1.0461 0.175563 1.041393 0.1771219 1.0461 0.194031 1.04589 0.195553 1.050611 0.195553 1.050611 0.178687 1.050821 0.1771219 1.0461 0.178687 1.050821 0.195553 1.050611 0.197087 1.05535 0.197087 1.05535 0.180256 1.05556 0.178687 1.050821 0.180256 1.05556 0.197087 1.05535 0.198631 1.060109 0.198631 1.060109 0.1818259 1.060318 0.180256 1.05556 0.1818259 1.060318 0.198631 1.060109 0.200182 1.064891 0.200182 1.064891 0.183395 1.065099 0.1818259 1.060318 0.183395 1.065099 0.200182 1.064891 0.201737 1.069698 0.201737 1.069698 0.1849589 1.069904 0.183395 1.065099 0.1849589 1.069904 0.201737 1.069698 0.203293 1.074533 0.203293 1.074533 0.186516 1.074737 0.1849589 1.069904 0.186516 1.074737 0.203293 1.074533 0.204848 1.079399 0.204848 1.079399 0.188063 1.079601 0.186516 1.074737 0.188063 1.079601 0.204848 1.079399 0.206398 1.084299 0.206398 1.084299 0.189597 1.084499 0.188063 1.079601 0.189597 1.084499 0.206398 1.084299 0.20794 1.089235 0.20794 1.089235 0.191115 1.089432 0.189597 1.084499 0.191115 1.089432 0.20794 1.089235 0.209471 1.094211 0.209471 1.094211 0.192613 1.094405 0.191115 1.089432 0.192613 1.094405 0.209471 1.094211 0.2109889 1.09923 0.2109889 1.09923 0.19409 1.09942 0.192613 1.094405 0.19409 1.09942 0.2109889 1.09923 0.21249 1.104294 0.21249 1.104294 0.195541 1.10448 0.19409 1.09942 0.195541 1.10448 0.21249 1.104294 0.213971 1.109407 0.213971 1.109407 0.196965 1.109588 0.195541 1.10448 0.196965 1.109588 0.213971 1.109407 0.21543 1.114571 0.21543 1.114571 0.1983579 1.114748 0.196965 1.109588 0.1983579 1.114748 0.21543 1.114571 0.216864 1.119791 0.216864 1.119791 0.1997179 1.119962 0.1983579 1.114748 0.1997179 1.119962 0.216864 1.119791 0.218271 1.125068 0.218271 1.125068 0.201043 1.125235 0.1997179 1.119962 0.201043 1.125235 0.218271 1.125068 0.219647 1.130407 0.219647 1.130407 0.202329 1.130568 0.201043 1.125235 0.202329 1.130568 0.219647 1.130407 0.220989 1.13581 0.220989 1.13581 0.203573 1.135965 0.202329 1.130568 0.203573 1.135965 0.220989 1.13581 0.222295 1.141281 0.222295 1.141281 0.204774 1.14143 0.203573 1.135965 0.204774 1.14143 0.222295 1.141281 0.223561 1.146824 0.223561 1.146824 0.205926 1.146967 0.204774 1.14143 0.205926 1.146967 0.223561 1.146824 0.224784 1.152441 0.224784 1.152441 0.207028 1.152577 0.205926 1.146967 0.207028 1.152577 0.224784 1.152441 0.225962 1.158136 0.225962 1.158136 0.208078 1.158265 0.207028 1.152577 0.208078 1.158265 0.225962 1.158136 0.227092 1.163913 0.227092 1.163913 0.209071 1.164035 0.208078 1.158265 0.209071 1.164035 0.227092 1.163913 0.22817 1.169774 0.22817 1.169774 0.210005 1.169889 0.209071 1.164035 0.210005 1.169889 0.22817 1.169774 0.229193 1.175725 0.229193 1.175725 0.210877 1.175832 0.210005 1.169889 0.210877 1.175832 0.229193 1.175725 0.2301599 1.181768 0.2301599 1.181768 0.211685 1.181867 0.210877 1.175832 0.211685 1.181867 0.2301599 1.181768 0.231065 1.187908 0.231065 1.187908 0.212424 1.187999 0.211685 1.181867 0.212424 1.187999 0.231065 1.187908 0.231909 1.194148 0.231909 1.194148 0.2130939 1.19423 0.212424 1.187999 0.2130939 1.19423 0.231909 1.194148 0.232688 1.200491 0.232688 1.200491 0.213692 1.200565 0.2130939 1.19423 0.213692 1.200565 0.232688 1.200491 0.233401 1.206942 0.233401 1.206942 0.214217 1.207008 0.213692 1.200565 0.214217 1.207008 0.233401 1.206942 0.234044 1.213505 0.234044 1.213505 0.214666 1.213562 0.214217 1.207008 0.214666 1.213562 0.234044 1.213505 0.234616 1.220183 0.234616 1.220183 0.215037 1.220231 0.214666 1.213562 0.215037 1.220231 0.234616 1.220183 0.235116 1.226981 0.235116 1.226981 0.215329 1.227021 0.215037 1.220231 0.215329 1.227021 0.235116 1.226981 0.235543 1.233902 0.235543 1.233902 0.215541 1.233933 0.215329 1.227021 0.215541 1.233933 0.235543 1.233902 0.235893 1.240951 0.235893 1.240951 0.215672 1.240973 0.215541 1.233933 0.215672 1.240973 0.235893 1.240951 0.236167 1.248131 0.236167 1.248131 0.215719 1.248145 0.215672 1.240973 0.215719 1.248145 0.236167 1.248131 0.236362 1.255447 0.236362 1.255447 0.215683 1.255452 0.215719 1.248145 0.215683 1.255452 0.236362 1.255447 0.2364799 1.262903 0.2364799 1.262903 0.215564 1.262899 0.215683 1.255452 0.215564 1.262899 0.2364799 1.262903 0.236518 1.270502 0.236518 1.270502 0.21536 1.270489 0.215564 1.262899 0.21536 1.270489 0.236518 1.270502 0.236477 1.278248 0.236477 1.278248 0.215072 1.278228 0.21536 1.270489 0.215072 1.278228 0.236477 1.278248 0.236356 1.286147 0.236356 1.286147 0.214698 1.286118 0.215072 1.278228 0.214698 1.286118 0.236356 1.286147 0.236154 1.294201 0.236154 1.294201 0.21424 1.294164 0.214698 1.286118 0.21424 1.294164 0.236154 1.294201 0.235871 1.302415 0.235871 1.302415 0.213696 1.30237 0.21424 1.294164 0.213696 1.30237 0.235871 1.302415 0.235508 1.310793 0.235508 1.310793 0.213068 1.310739 0.213696 1.30237 0.213068 1.310739 0.235508 1.310793 0.235065 1.319339 0.235065 1.319339 0.212357 1.319278 0.213068 1.310739 0.212357 1.319278 0.235065 1.319339 0.234544 1.328058 0.234544 1.328058 0.211564 1.32799 0.212357 1.319278 0.211564 1.32799 0.234544 1.328058 0.233948 1.336952 0.233948 1.336952 0.210692 1.336877 0.211564 1.32799 0.210692 1.336877 0.233948 1.336952 0.233277 1.346027 0.233277 1.346027 0.209745 1.345945 0.210692 1.336877 0.209745 1.345945 0.233277 1.346027 0.232535 1.355286 0.232535 1.355286 0.208724 1.355198 0.209745 1.345945 0.208724 1.355198 0.232535 1.355286 0.231724 1.364732 0.231724 1.364732 0.207633 1.364638 0.208724 1.355198 0.207633 1.364638 0.231724 1.364732 0.230846 1.374369 0.230846 1.374369 0.206474 1.37427 0.207633 1.364638 0.206474 1.37427 0.230846 1.374369 0.2299039 1.384201 0.2299039 1.384201 0.20525 1.384096 0.206474 1.37427 0.20525 1.384096 0.2299039 1.384201 0.228901 1.39423 0.228901 1.39423 0.203966 1.394121 0.20525 1.384096 0.203966 1.394121 0.228901 1.39423 0.22784 1.404462 0.22784 1.404462 0.202623 1.404348 0.203966 1.394121 0.202623 1.404348 0.22784 1.404462 0.226725 1.414898 0.226725 1.414898 0.201227 1.414781 0.202623 1.404348 0.201227 1.414781 0.226725 1.414898 0.22556 1.425542 0.22556 1.425542 0.199783 1.425422 0.201227 1.414781 0.199783 1.425422 0.22556 1.425542 0.224352 1.436397 0.224352 1.436397 0.198297 1.436275 0.199783 1.425422 0.198297 1.436275 0.224352 1.436397 0.223103 1.447466 0.223103 1.447466 0.196775 1.447342 0.198297 1.436275 0.196775 1.447342 0.223103 1.447466 0.221821 1.458752 0.221821 1.458752 0.195221 1.458626 0.196775 1.447342 0.195221 1.458626 0.221821 1.458752 0.220511 1.470255 0.220511 1.470255 0.193644 1.470128 0.195221 1.458626 0.193644 1.470128 0.220511 1.470255 0.219178 1.48198 0.219178 1.48198 0.192049 1.481853 0.193644 1.470128 0.192049 1.481853 0.219178 1.48198 0.217829 1.493927 0.217829 1.493927 0.190443 1.4938 0.192049 1.481853 0.190443 1.4938 0.217829 1.493927 0.216471 1.506098 0.216471 1.506098 0.188834 1.505972 0.190443 1.4938 0.188834 1.505972 0.216471 1.506098 0.215112 1.518495 0.215112 1.518495 0.18723 1.518371 0.188834 1.505972 0.18723 1.518371 0.215112 1.518495 0.213761 1.531119 0.213761 1.531119 0.185642 1.530998 0.18723 1.518371 0.185642 1.530998 0.213761 1.531119 0.212427 1.543971 0.212427 1.543971 0.184079 1.543853 0.185642 1.530998 0.184079 1.543853 0.212427 1.543971 0.21112 1.557051 0.21112 1.557051 0.182554 1.556937 0.184079 1.543853 0.182554 1.556937 0.21112 1.557051 0.209852 1.570358 0.209852 1.570358 0.181078 1.57025 0.182554 1.556937 0.181078 1.57025 0.209852 1.570358 0.208633 1.583892 0.208633 1.583892 0.179663 1.58379 0.181078 1.57025 0.179663 1.58379 0.208633 1.583892 0.207473 1.597651 0.207473 1.597651 0.178321 1.597556 0.179663 1.58379 0.178321 1.597556 0.207473 1.597651 0.206383 1.611634 0.206383 1.611634 0.177063 1.611545 0.178321 1.597556 0.177063 1.611545 0.206383 1.611634 0.205373 1.625836 0.205373 1.625836 0.1759009 1.625756 0.177063 1.611545 0.1759009 1.625756 0.205373 1.625836 0.204454 1.640256 0.204454 1.640256 0.1748459 1.640185 0.1759009 1.625756 0.1748459 1.640185 0.204454 1.640256 0.203637 1.65489 0.203637 1.65489 0.173911 1.654828 0.1748459 1.640185 0.173911 1.654828 0.203637 1.65489 0.2029359 1.669732 0.2029359 1.669732 0.17311 1.669682 0.173911 1.654828 0.17311 1.669682 0.2029359 1.669732 0.2023659 1.684778 0.2023659 1.684778 0.172461 1.684739 0.17311 1.669682 0.172461 1.684739 0.2023659 1.684778 0.201947 1.700021 0.201947 1.700021 0.171985 1.699995 0.172461 1.684739 0.171985 1.699995 0.201947 1.700021 0.201704 1.715452 0.201704 1.715452 0.171709 1.715442 0.171985 1.699995 0.171709 1.715442 0.201704 1.715452 0.201669 1.731063 0.201669 1.731063 0.171669 1.731071 0.171709 1.715442 0.171669 1.731071 0.201669 1.731063 0.201888 1.746841 0.201888 1.746841 0.171914 1.746871 0.171669 1.731071 0.171914 1.746871 0.201888 1.746841 0.202419 1.762772 0.202419 1.762772 0.172511 1.762827 0.171914 1.746871 0.172511 1.762827 0.202419 1.762772 0.203336 1.778835 0.203336 1.778835 0.173538 1.778922 0.172511 1.762827 0.173538 1.778922 0.203336 1.778835 0.2047359 1.795006 0.2047359 1.795006 0.175101 1.795132 0.173538 1.778922 0.175101 1.795132 0.2047359 1.795006 0.206743 1.811254 0.206743 1.811254 0.177337 1.811428 0.175101 1.795132 0.177337 1.811428 0.206743 1.811254 0.209526 1.827539 0.209526 1.827539 0.180427 1.827774 0.177337 1.811428 0.180427 1.827774 0.209526 1.827539 0.213306 1.843812 0.213306 1.843812 0.184612 1.844124 0.180427 1.827774 0.184612 1.844124 0.213306 1.843812 0.218381 1.860005 0.218381 1.860005 0.190216 1.860417 0.184612 1.844124 0.190216 1.860417 0.218381 1.860005 0.225139 1.87603 0.225139 1.87603 0.197665 1.876571 0.190216 1.860417 0.197665 1.876571 0.225139 1.87603 0.234082 1.891771 0.234082 1.891771 0.207511 1.892475 0.197665 1.876571 0.207511 1.892475 0.234082 1.891771 0.2458299 1.907069 0.2458299 1.907069 0.220455 1.90798 0.207511 1.892475 0.220455 1.90798 0.2458299 1.907069 0.261119 1.921705 0.261119 1.921705 0.23734 1.922871 0.220455 1.90798 0.23734 1.922871 0.261119 1.921705 0.280697 1.935373 0.280697 1.935373 0.259088 1.936838 0.23734 1.922871 0.259088 1.936838 0.280697 1.935373 0.305033 1.947649 0.305033 1.947649 0.286518 1.949438 0.259088 1.936838 0.08115196 1.019241 0.09842801 1.018952 0.100385 1.023616 0.100385 1.023616 0.08318299 1.023892 0.08115196 1.019241 0.08318299 1.023892 0.100385 1.023616 0.102282 1.028281 0.102282 1.028281 0.08516097 1.028549 0.08318299 1.023892 0.08516097 1.028549 0.102282 1.028281 0.1041409 1.03295 0.1041409 1.03295 0.08709698 1.033211 0.08516097 1.028549 0.08709698 1.033211 0.1041409 1.03295 0.105971 1.037625 0.105971 1.037625 0.08899599 1.03788 0.08709698 1.033211 0.08899599 1.03788 0.105971 1.037625 0.107773 1.04231 0.107773 1.04231 0.09086197 1.042559 0.08899599 1.03788 0.09086197 1.042559 0.107773 1.04231 0.109549 1.047005 0.109549 1.047005 0.09269195 1.047249 0.09086197 1.042559 0.09269195 1.047249 0.109549 1.047005 0.1112959 1.051715 0.1112959 1.051715 0.09448599 1.051952 0.09269195 1.047249 0.09448599 1.051952 0.1112959 1.051715 0.113013 1.05644 0.113013 1.05644 0.09624296 1.056672 0.09448599 1.051952 0.09624296 1.056672 0.113013 1.05644 0.114698 1.061184 0.114698 1.061184 0.09795796 1.061409 0.09624296 1.056672 0.09795796 1.061409 0.114698 1.061184 0.116348 1.065949 0.116348 1.065949 0.09963095 1.066167 0.09795796 1.061409 0.09963095 1.066167 0.116348 1.065949 0.117961 1.070738 0.117961 1.070738 0.101259 1.070949 0.09963095 1.066167 0.101259 1.070949 0.117961 1.070738 0.119534 1.075553 0.119534 1.075553 0.102839 1.075757 0.101259 1.070949 0.102839 1.075757 0.119534 1.075553 0.121063 1.080397 0.121063 1.080397 0.104367 1.080593 0.102839 1.075757 0.104367 1.080593 0.121063 1.080397 0.122545 1.085272 0.122545 1.085272 0.105839 1.085461 0.104367 1.080593 0.105839 1.085461 0.122545 1.085272 0.123977 1.090183 0.123977 1.090183 0.107252 1.090363 0.105839 1.085461 0.107252 1.090363 0.123977 1.090183 0.125354 1.095131 0.125354 1.095131 0.108601 1.095303 0.107252 1.090363 0.108601 1.095303 0.125354 1.095131 0.126675 1.100121 0.126675 1.100121 0.109884 1.100283 0.108601 1.095303 0.109884 1.100283 0.126675 1.100121 0.127936 1.105155 0.127936 1.105155 0.111099 1.105308 0.109884 1.100283 0.111099 1.105308 0.127936 1.105155 0.129137 1.110236 0.129137 1.110236 0.112245 1.11038 0.111099 1.105308 0.112245 1.11038 0.129137 1.110236 0.130273 1.115368 0.130273 1.115368 0.113319 1.115502 0.112245 1.11038 0.113319 1.115502 0.130273 1.115368 0.131346 1.120553 0.131346 1.120553 0.114321 1.120678 0.113319 1.115502 0.114321 1.120678 0.131346 1.120553 0.13235 1.125795 0.13235 1.125795 0.1152459 1.12591 0.114321 1.120678 0.1152459 1.12591 0.13235 1.125795 0.133283 1.131097 0.133283 1.131097 0.116092 1.131202 0.1152459 1.12591 0.116092 1.131202 0.133283 1.131097 0.1341429 1.136463 0.1341429 1.136463 0.116858 1.136557 0.116092 1.131202 0.116858 1.136557 0.1341429 1.136463 0.134928 1.141895 0.134928 1.141895 0.117541 1.141979 0.116858 1.136557 0.117541 1.141979 0.134928 1.141895 0.135634 1.147397 0.135634 1.147397 0.118136 1.14747 0.117541 1.141979 0.118136 1.14747 0.135634 1.147397 0.136259 1.152972 0.136259 1.152972 0.118642 1.153034 0.118136 1.14747 0.118642 1.153034 0.136259 1.152972 0.136799 1.158624 0.136799 1.158624 0.119056 1.158676 0.118642 1.153034 0.119056 1.158676 0.136799 1.158624 0.137252 1.164357 0.137252 1.164357 0.119375 1.164397 0.119056 1.158676 0.119375 1.164397 0.137252 1.164357 0.137615 1.170174 0.137615 1.170174 0.119597 1.170202 0.119375 1.164397 0.119597 1.170202 0.137615 1.170174 0.137886 1.176078 0.137886 1.176078 0.119718 1.176095 0.119597 1.170202 0.119718 1.176095 0.137886 1.176078 0.13806 1.182074 0.13806 1.182074 0.119734 1.182079 0.119718 1.176095 0.119734 1.182079 0.13806 1.182074 0.138136 1.188166 0.138136 1.188166 0.1196449 1.18816 0.119734 1.182079 0.1196449 1.18816 0.138136 1.188166 0.138113 1.194357 0.138113 1.194357 0.119449 1.194339 0.1196449 1.18816 0.119449 1.194339 0.138113 1.194357 0.1379899 1.200652 0.1379899 1.200652 0.119144 1.200622 0.119449 1.194339 0.119144 1.200622 0.1379899 1.200652 0.137763 1.207054 0.137763 1.207054 0.118729 1.207012 0.119144 1.200622 0.118729 1.207012 0.137763 1.207054 0.137433 1.213568 0.137433 1.213568 0.1182039 1.213514 0.118729 1.207012 0.1182039 1.213514 0.137433 1.213568 0.136999 1.220196 0.136999 1.220196 0.117567 1.220132 0.1182039 1.213514 0.117567 1.220132 0.136999 1.220196 0.136458 1.226945 0.136458 1.226945 0.1168169 1.226869 0.117567 1.220132 0.1168169 1.226869 0.136458 1.226945 0.135811 1.233817 0.135811 1.233817 0.115954 1.233729 0.1168169 1.226869 0.115954 1.233729 0.135811 1.233817 0.135057 1.240817 0.135057 1.240817 0.114977 1.240718 0.115954 1.233729 0.114977 1.240718 0.135057 1.240817 0.134193 1.247949 0.134193 1.247949 0.113884 1.247839 0.114977 1.240718 0.113884 1.247839 0.134193 1.247949 0.133225 1.255217 0.133225 1.255217 0.11268 1.255097 0.113884 1.247839 0.11268 1.255097 0.133225 1.255217 0.132152 1.262626 0.132152 1.262626 0.111366 1.262495 0.11268 1.255097 0.111366 1.262495 0.132152 1.262626 0.1309739 1.27018 0.1309739 1.27018 0.109944 1.270038 0.111366 1.262495 0.109944 1.270038 0.1309739 1.27018 0.129693 1.277881 0.129693 1.277881 0.108413 1.27773 0.109944 1.270038 0.108413 1.27773 0.129693 1.277881 0.128307 1.285734 0.128307 1.285734 0.106773 1.285573 0.108413 1.27773 0.106773 1.285573 0.128307 1.285734 0.126817 1.293744 0.126817 1.293744 0.105022 1.293573 0.106773 1.285573 0.105022 1.293573 0.126817 1.293744 0.125222 1.301915 0.125222 1.301915 0.103163 1.301735 0.105022 1.293573 0.103163 1.301735 0.125222 1.301915 0.123524 1.310251 0.123524 1.310251 0.101194 1.310062 0.103163 1.301735 0.101194 1.310062 0.123524 1.310251 0.121725 1.318758 0.121725 1.318758 0.09911799 1.31856 0.101194 1.310062 0.09911799 1.31856 0.121725 1.318758 0.11983 1.327439 0.11983 1.327439 0.09694397 1.327233 0.09911799 1.31856 0.09694397 1.327233 0.11983 1.327439 0.117846 1.336299 0.117846 1.336299 0.09467697 1.336086 0.09694397 1.327233 0.09467697 1.336086 0.117846 1.336299 0.115777 1.345341 0.115777 1.345341 0.09232395 1.345123 0.09467697 1.336086 0.09232395 1.345123 0.115777 1.345341 0.113629 1.35457 0.113629 1.35457 0.08989095 1.354345 0.09232395 1.345123 0.08989095 1.354345 0.113629 1.35457 0.111406 1.363988 0.111406 1.363988 0.08738195 1.363758 0.08989095 1.354345 0.08738195 1.363758 0.111406 1.363988 0.109111 1.373599 0.109111 1.373599 0.0848 1.373365 0.08738195 1.363758 0.0848 1.373365 0.109111 1.373599 0.1067489 1.383407 0.1067489 1.383407 0.08214998 1.383169 0.0848 1.373365 0.08214998 1.383169 0.1067489 1.383407 0.104324 1.393416 0.104324 1.393416 0.079436 1.393173 0.08214998 1.383169 0.079436 1.393173 0.104324 1.393416 0.101841 1.403628 0.101841 1.403628 0.07666397 1.403383 0.079436 1.393173 0.07666397 1.403383 0.101841 1.403628 0.09930598 1.414049 0.09930598 1.414049 0.07383799 1.413801 0.07666397 1.403383 0.07383799 1.413801 0.09930598 1.414049 0.09672695 1.424682 0.09672695 1.424682 0.07097095 1.424433 0.07383799 1.413801 0.07097095 1.424433 0.09672695 1.424682 0.09411698 1.435529 0.09411698 1.435529 0.06807595 1.43528 0.07097095 1.424433 0.06807595 1.43528 0.09411698 1.435529 0.09148198 1.446592 0.09148198 1.446592 0.065158 1.446344 0.06807595 1.43528 0.065158 1.446344 0.09148198 1.446592 0.08882898 1.457876 0.08882898 1.457876 0.06222498 1.457629 0.065158 1.446344 0.06222498 1.457629 0.08882898 1.457876 0.086169 1.469381 0.086169 1.469381 0.05928999 1.469136 0.06222498 1.457629 0.05928999 1.469136 0.086169 1.469381 0.08350896 1.48111 0.08350896 1.48111 0.05635994 1.480868 0.05928999 1.469136 0.05635994 1.480868 0.08350896 1.48111 0.08085799 1.493066 0.08085799 1.493066 0.05344396 1.492828 0.05635994 1.480868 0.05344396 1.492828 0.08085799 1.493066 0.07822799 1.50525 0.07822799 1.50525 0.05055397 1.505016 0.05344396 1.492828 0.05055397 1.505016 0.07822799 1.50525 0.07562899 1.517663 0.07562899 1.517663 0.047701 1.517435 0.05055397 1.505016 0.047701 1.517435 0.07562899 1.517663 0.07306998 1.530308 0.07306998 1.530308 0.04489296 1.530086 0.047701 1.517435 0.04489296 1.530086 0.07306998 1.530308 0.07056999 1.543187 0.07056999 1.543187 0.04215097 1.542974 0.04489296 1.530086 0.04215097 1.542974 0.07056999 1.543187 0.06814897 1.556299 0.06814897 1.556299 0.03950196 1.556096 0.04215097 1.542974 0.03950196 1.556096 0.06814897 1.556299 0.06582498 1.569643 0.06582498 1.569643 0.03695899 1.569451 0.03950196 1.556096 0.03695899 1.569451 0.06582498 1.569643 0.06361097 1.583219 0.06361097 1.583219 0.03453999 1.583039 0.03695899 1.569451 0.03453999 1.583039 0.06361097 1.583219 0.06152397 1.597025 0.06152397 1.597025 0.03226399 1.596858 0.03453999 1.583039 0.03226399 1.596858 0.06152397 1.597025 0.05958098 1.611058 0.05958098 1.611058 0.03014498 1.610905 0.03226399 1.596858 0.03014498 1.610905 0.05958098 1.611058 0.05779397 1.625315 0.05779397 1.625315 0.028198 1.625177 0.03014498 1.610905 0.028198 1.625177 0.05779397 1.625315 0.05617898 1.639795 0.05617898 1.639795 0.02643895 1.639673 0.028198 1.625177 0.02643895 1.639673 0.05617898 1.639795 0.054753 1.654492 0.054753 1.654492 0.02488499 1.654387 0.02643895 1.639673 0.02488499 1.654387 0.054753 1.654492 0.05353498 1.669404 0.05353498 1.669404 0.02355796 1.669317 0.02488499 1.654387 0.02355796 1.669317 0.05353498 1.669404 0.05254495 1.684525 0.05254495 1.684525 0.02247697 1.684458 0.02355796 1.669317 0.02247697 1.684458 0.05254495 1.684525 0.05180799 1.699851 0.05180799 1.699851 0.02166497 1.699805 0.02247697 1.684458 0.02166497 1.699805 0.05180799 1.699851 0.051355 1.715377 0.051355 1.715377 0.02115595 1.715355 0.02166497 1.699805 0.02115595 1.715355 0.051355 1.715377 0.05123198 1.731097 0.05123198 1.731097 0.02099394 1.731102 0.02115595 1.715355 0.02099394 1.731102 0.05123198 1.731097 0.051503 1.747007 0.051503 1.747007 0.02125096 1.747044 0.02099394 1.731102 0.02125096 1.747044 0.051503 1.747007 0.05226296 1.763094 0.05226296 1.763094 0.02202194 1.763171 0.02125096 1.747044 0.02202194 1.763171 0.05226296 1.763094 0.05360895 1.779347 0.05360895 1.779347 0.02341496 1.779469 0.02202194 1.763171 0.02341496 1.779469 0.05360895 1.779347 0.05567097 1.795748 0.05567097 1.795748 0.02555799 1.795926 0.02341496 1.779469 0.02555799 1.795926 0.05567097 1.795748 0.058613 1.812281 0.058613 1.812281 0.02862095 1.812526 0.02555799 1.795926 0.02862095 1.812526 0.058613 1.812281 0.06265795 1.828922 0.06265795 1.828922 0.03282898 1.82925 0.02862095 1.812526 0.03282898 1.82925 0.06265795 1.828922 0.06810599 1.845646 0.06810599 1.845646 0.03849196 1.846081 0.03282898 1.82925 0.03849196 1.846081 0.06810599 1.845646 0.07536596 1.862419 0.07536596 1.862419 0.04603499 1.862988 0.03849196 1.846081 0.04603499 1.862988 0.07536596 1.862419 0.08498495 1.87919 0.08498495 1.87919 0.05602395 1.879934 0.04603499 1.862988 0.05602395 1.879934 0.08498495 1.87919 0.09770298 1.895894 0.09770298 1.895894 0.06923598 1.896867 0.05602395 1.879934 0.06923598 1.896867 0.09770298 1.895894 0.114521 1.912431 0.114521 1.912431 0.08673399 1.913705 0.06923598 1.896867 0.08673399 1.913705 0.114521 1.912431 0.136785 1.928644 0.136785 1.928644 0.109989 1.930318 0.08673399 1.913705 0.109989 1.930318 0.136785 1.928644 0.1662729 1.944263 0.1662729 1.944263 0.141038 1.946464 0.109989 1.930318 0.141038 1.946464 0.1662729 1.944263 0.205038 1.958814 0.205038 1.958814 0.182583 1.961677 0.141038 1.946464 0.539492 1.016318 0.555489 1.016349 0.555352 1.020647 0.555352 1.020647 0.539398 1.020646 0.539492 1.016318 0.539398 1.020646 0.555352 1.020647 0.555433 1.024961 0.555433 1.024961 0.53951 1.024989 0.539398 1.020646 0.53951 1.024989 0.555433 1.024961 0.555725 1.029293 0.555725 1.029293 0.539824 1.029349 0.53951 1.024989 0.539824 1.029349 0.555725 1.029293 0.556224 1.033645 0.556224 1.033645 0.540337 1.033729 0.539824 1.029349 0.540337 1.033729 0.556224 1.033645 0.556924 1.038021 0.556924 1.038021 0.541043 1.038131 0.540337 1.033729 0.541043 1.038131 0.556924 1.038021 0.557822 1.042423 0.557822 1.042423 0.54194 1.042558 0.541043 1.038131 0.54194 1.042558 0.557822 1.042423 0.558913 1.046852 0.558913 1.046852 0.543022 1.047012 0.54194 1.042558 0.543022 1.047012 0.558913 1.046852 0.560194 1.051312 0.560194 1.051312 0.544286 1.051496 0.543022 1.047012 0.544286 1.051496 0.560194 1.051312 0.561661 1.055805 0.561661 1.055805 0.54573 1.056012 0.544286 1.051496 0.54573 1.056012 0.561661 1.055805 0.563311 1.060333 0.563311 1.060333 0.54735 1.060562 0.54573 1.056012 0.54735 1.060562 0.563311 1.060333 0.565142 1.064899 0.565142 1.064899 0.549142 1.06515 0.54735 1.060562 0.549142 1.06515 0.565142 1.064899 0.567149 1.069505 0.567149 1.069505 0.551103 1.069777 0.549142 1.06515 0.551103 1.069777 0.567149 1.069505 0.56933 1.074154 0.56933 1.074154 0.553231 1.074447 0.551103 1.069777 0.553231 1.074447 0.56933 1.074154 0.571682 1.078849 0.571682 1.078849 0.555523 1.079162 0.553231 1.074447 0.555523 1.079162 0.571682 1.078849 0.574202 1.083593 0.574202 1.083593 0.557974 1.083924 0.555523 1.079162 0.557974 1.083924 0.574202 1.083593 0.576886 1.088388 0.576886 1.088388 0.560582 1.088738 0.557974 1.083924 0.560582 1.088738 0.576886 1.088388 0.579732 1.093238 0.579732 1.093238 0.563344 1.093605 0.560582 1.088738 0.563344 1.093605 0.579732 1.093238 0.582736 1.098145 0.582736 1.098145 0.566256 1.098529 0.563344 1.093605 0.566256 1.098529 0.582736 1.098145 0.585893 1.103112 0.585893 1.103112 0.569314 1.103513 0.566256 1.098529 0.569314 1.103513 0.585893 1.103112 0.589201 1.108144 0.589201 1.108144 0.572515 1.10856 0.569314 1.103513 0.572515 1.10856 0.589201 1.108144 0.592654 1.113242 0.592654 1.113242 0.575853 1.113672 0.572515 1.10856 0.575853 1.113672 0.592654 1.113242 0.596248 1.11841 0.596248 1.11841 0.579325 1.118854 0.575853 1.113672 0.579325 1.118854 0.596248 1.11841 0.599978 1.123651 0.599978 1.123651 0.582926 1.124109 0.579325 1.118854 0.582926 1.124109 0.599978 1.123651 0.603841 1.128969 0.603841 1.128969 0.586652 1.129439 0.582926 1.124109 0.586652 1.129439 0.603841 1.128969 0.60783 1.134366 0.60783 1.134366 0.590497 1.134848 0.586652 1.129439 0.590497 1.134848 0.60783 1.134366 0.611942 1.139847 0.611942 1.139847 0.594458 1.140339 0.590497 1.134848 0.594458 1.140339 0.611942 1.139847 0.616171 1.145413 0.616171 1.145413 0.59853 1.145916 0.594458 1.140339 0.59853 1.145916 0.616171 1.145413 0.620512 1.151069 0.620512 1.151069 0.602707 1.151581 0.59853 1.145916 0.602707 1.151581 0.620512 1.151069 0.62496 1.156818 0.62496 1.156818 0.606984 1.157338 0.602707 1.151581 0.606984 1.157338 0.62496 1.156818 0.62951 1.162664 0.62951 1.162664 0.611357 1.163191 0.606984 1.157338 0.611357 1.163191 0.62951 1.162664 0.634158 1.168609 0.634158 1.168609 0.615821 1.169143 0.611357 1.163191 0.615821 1.169143 0.634158 1.168609 0.638896 1.174657 0.638896 1.174657 0.62037 1.175198 0.615821 1.169143 0.62037 1.175198 0.638896 1.174657 0.643721 1.180812 0.643721 1.180812 0.624999 1.181358 0.62037 1.175198 0.624999 1.181358 0.643721 1.180812 0.648626 1.187076 0.648626 1.187076 0.629703 1.187628 0.624999 1.181358 0.629703 1.187628 0.648626 1.187076 0.653608 1.193455 0.653608 1.193455 0.634477 1.19401 0.629703 1.187628 0.634477 1.19401 0.653608 1.193455 0.65866 1.19995 0.65866 1.19995 0.639316 1.200509 0.634477 1.19401 0.639316 1.200509 0.65866 1.19995 0.663777 1.206566 0.663777 1.206566 0.644214 1.207127 0.639316 1.200509 0.644214 1.207127 0.663777 1.206566 0.668954 1.213306 0.668954 1.213306 0.649168 1.213869 0.644214 1.207127 0.649168 1.213869 0.668954 1.213306 0.674186 1.220174 0.674186 1.220174 0.654171 1.220739 0.649168 1.213869 0.654171 1.220739 0.674186 1.220174 0.679467 1.227173 0.679467 1.227173 0.659219 1.227739 0.654171 1.220739 0.659219 1.227739 0.679467 1.227173 0.684793 1.234308 0.684793 1.234308 0.664306 1.234873 0.659219 1.227739 0.664306 1.234873 0.684793 1.234308 0.690158 1.241581 0.690158 1.241581 0.669427 1.242146 0.664306 1.234873 0.669427 1.242146 0.690158 1.241581 0.695556 1.248997 0.695556 1.248997 0.674577 1.249561 0.669427 1.242146 0.674577 1.249561 0.695556 1.248997 0.700983 1.25656 0.700983 1.25656 0.679751 1.257122 0.674577 1.249561 0.679751 1.257122 0.700983 1.25656 0.706431 1.264273 0.706431 1.264273 0.684942 1.264832 0.679751 1.257122 0.684942 1.264832 0.706431 1.264273 0.711894 1.27214 0.711894 1.27214 0.690146 1.272696 0.684942 1.264832 0.690146 1.272696 0.711894 1.27214 0.717367 1.280164 0.717367 1.280164 0.695355 1.280717 0.690146 1.272696 0.695355 1.280717 0.717367 1.280164 0.722845 1.28835 0.722845 1.28835 0.700565 1.288898 0.695355 1.280717 0.700565 1.288898 0.722845 1.28835 0.728319 1.296701 0.728319 1.296701 0.705769 1.297244 0.700565 1.288898 0.705769 1.297244 0.728319 1.296701 0.733785 1.30522 0.733785 1.30522 0.710963 1.305758 0.705769 1.297244 0.710963 1.305758 0.733785 1.30522 0.739237 1.313913 0.739237 1.313913 0.716138 1.314444 0.710963 1.305758 0.716138 1.314444 0.739237 1.313913 0.744666 1.322781 0.744666 1.322781 0.721291 1.323306 0.716138 1.314444 0.721291 1.323306 0.744666 1.322781 0.750069 1.331829 0.750069 1.331829 0.726414 1.332346 0.721291 1.323306 0.726414 1.332346 0.750069 1.331829 0.755437 1.34106 0.755437 1.34106 0.731503 1.341569 0.726414 1.332346 0.731503 1.341569 0.755437 1.34106 0.760766 1.350478 0.760766 1.350478 0.73655 1.350979 0.731503 1.341569 0.73655 1.350979 0.760766 1.350478 0.766049 1.360086 0.766049 1.360086 0.741551 1.360577 0.73655 1.350979 0.741551 1.360577 0.766049 1.360086 0.771279 1.369887 0.771279 1.369887 0.746498 1.370369 0.741551 1.360577 0.746498 1.370369 0.771279 1.369887 0.776448 1.379886 0.776448 1.379886 0.751385 1.380358 0.746498 1.370369 0.751385 1.380358 0.776448 1.379886 0.781549 1.390085 0.781549 1.390085 0.756204 1.390546 0.751385 1.380358 0.756204 1.390546 0.781549 1.390085 0.786574 1.400487 0.786574 1.400487 0.760948 1.400937 0.756204 1.390546 0.760948 1.400937 0.786574 1.400487 0.791516 1.411095 0.791516 1.411095 0.765611 1.411534 0.760948 1.400937 0.765611 1.411534 0.791516 1.411095 0.796367 1.421912 0.796367 1.421912 0.770186 1.422339 0.765611 1.411534 0.770186 1.422339 0.796367 1.421912 0.801119 1.432941 0.801119 1.432941 0.774664 1.433354 0.770186 1.422339 0.774664 1.433354 0.801119 1.432941 0.805765 1.444184 0.805765 1.444184 0.779039 1.444584 0.774664 1.433354 0.779039 1.444584 0.805765 1.444184 0.810296 1.455644 0.810296 1.455644 0.783303 1.45603 0.779039 1.444584 0.783303 1.45603 0.810296 1.455644 0.814701 1.467323 0.814701 1.467323 0.787447 1.467694 0.783303 1.45603 0.787447 1.467694 0.814701 1.467323 0.818971 1.479222 0.818971 1.479222 0.79146 1.479578 0.787447 1.467694 0.79146 1.479578 0.818971 1.479222 0.823094 1.491344 0.823094 1.491344 0.795335 1.491683 0.79146 1.479578 0.795335 1.491683 0.823094 1.491344 0.827063 1.503687 0.827063 1.503687 0.799063 1.50401 0.795335 1.491683 0.799063 1.50401 0.827063 1.503687 0.830872 1.516254 0.830872 1.516254 0.802639 1.516561 0.799063 1.50401 0.802639 1.516561 0.830872 1.516254 0.834515 1.529043 0.834515 1.529043 0.806056 1.529333 0.802639 1.516561 0.806056 1.529333 0.834515 1.529043 0.837986 1.542057 0.837986 1.542057 0.809311 1.54233 0.806056 1.529333 0.809311 1.54233 0.837986 1.542057 0.841279 1.555294 0.841279 1.555294 0.812396 1.555551 0.809311 1.54233 0.812396 1.555551 0.841279 1.555294 0.844387 1.568757 0.844387 1.568757 0.815305 1.568996 0.812396 1.555551 0.815305 1.568996 0.844387 1.568757 0.847299 1.582446 0.847299 1.582446 0.818027 1.582666 0.815305 1.568996 0.818027 1.582666 0.847299 1.582446 0.850003 1.596359 0.850003 1.596359 0.820553 1.596561 0.818027 1.582666 0.820553 1.596561 0.850003 1.596359 0.852487 1.610497 0.852487 1.610497 0.82287 1.610679 0.820553 1.596561 0.82287 1.610679 0.852487 1.610497 0.854734 1.624859 0.854734 1.624859 0.824961 1.62502 0.82287 1.610679 0.824961 1.62502 0.854734 1.624859 0.856726 1.639442 0.856726 1.639442 0.826813 1.639581 0.824961 1.62502 0.826813 1.639581 0.856726 1.639442 0.858445 1.654244 0.858445 1.654244 0.828403 1.65436 0.826813 1.639581 0.828403 1.65436 0.858445 1.654244 0.859863 1.669263 0.859863 1.669263 0.829711 1.669356 0.828403 1.65436 0.829711 1.669356 0.859863 1.669263 0.860952 1.684497 0.860952 1.684497 0.830705 1.684563 0.829711 1.669356 0.830705 1.684563 0.860952 1.684497 0.861675 1.699938 0.861675 1.699938 0.831354 1.699975 0.830705 1.684563 0.831354 1.699975 0.861675 1.699938 0.861994 1.715582 0.861994 1.715582 0.831618 1.715588 0.831354 1.699975 0.831618 1.715588 0.861994 1.715582 0.861855 1.731423 0.861855 1.731423 0.831447 1.731394 0.831618 1.715588 0.831447 1.731394 0.861855 1.731423 0.861193 1.747454 0.861193 1.747454 0.830776 1.747386 0.831447 1.731394 0.830776 1.747386 0.861193 1.747454 0.859918 1.763667 0.859918 1.763667 0.82952 1.763552 0.830776 1.747386 0.82952 1.763552 0.859918 1.763667 0.857914 1.78005 0.857914 1.78005 0.827567 1.779882 0.82952 1.763552 0.827567 1.779882 0.857914 1.78005 0.855026 1.796588 0.855026 1.796588 0.824772 1.796355 0.827567 1.779882 0.824772 1.796355 0.855026 1.796588 0.851054 1.813262 0.851054 1.813262 0.820942 1.81295 0.824772 1.796355 0.820942 1.81295 0.851054 1.813262 0.845733 1.830044 0.845733 1.830044 0.815829 1.829635 0.820942 1.81295 0.815829 1.829635 0.845733 1.830044 0.838711 1.846898 0.838711 1.846898 0.8091 1.846367 0.815829 1.829635 0.8091 1.846367 0.838711 1.846898 0.829524 1.863771 0.829524 1.863771 0.800324 1.863087 0.8091 1.846367 0.800324 1.863087 0.829524 1.863771 0.81756 1.880587 0.81756 1.880587 0.788941 1.879709 0.800324 1.863087 0.788941 1.879709 0.81756 1.880587 0.802035 1.897227 0.802035 1.897227 0.774244 1.896107 0.788941 1.879709 0.774244 1.896107 0.802035 1.897227 0.781973 1.913513 0.781973 1.913513 0.755376 1.912091 0.774244 1.896107 0.755376 1.912091 0.781973 1.913513 0.756224 1.92917 0.756224 1.92917 0.731367 1.927383 0.755376 1.912091 0.731367 1.927383 0.756224 1.92917 0.723617 1.943765 0.723617 1.943765 0.701306 1.941565 0.731367 1.927383 0.701306 1.941565 0.723617 1.943765 0.683502 1.956637 0.683502 1.956637 0.6647 1.954036 0.701306 1.941565 0.457963 1.016271 0.474459 1.016265 0.47456 1.020699 0.47456 1.020699 0.45812 1.020729 0.457963 1.016271 0.45812 1.020729 0.47456 1.020699 0.474831 1.025145 0.474831 1.025145 0.458439 1.025198 0.45812 1.020729 0.458439 1.025198 0.474831 1.025145 0.475271 1.029606 0.475271 1.029606 0.458917 1.02968 0.458439 1.025198 0.458917 1.02968 0.475271 1.029606 0.475875 1.034083 0.475875 1.034083 0.459552 1.03418 0.458917 1.02968 0.459552 1.03418 0.475875 1.034083 0.47664 1.03858 0.47664 1.03858 0.46034 1.038697 0.459552 1.03418 0.46034 1.038697 0.47664 1.03858 0.477564 1.043098 0.477564 1.043098 0.461278 1.043236 0.46034 1.038697 0.461278 1.043236 0.477564 1.043098 0.478643 1.047641 0.478643 1.047641 0.462364 1.047798 0.461278 1.043236 0.462364 1.047798 0.478643 1.047641 0.479875 1.05221 0.479875 1.05221 0.463594 1.052386 0.462364 1.047798 0.463594 1.052386 0.479875 1.05221 0.481254 1.056809 0.481254 1.056809 0.464966 1.057003 0.463594 1.052386 0.464966 1.057003 0.481254 1.056809 0.48278 1.061439 0.48278 1.061439 0.466474 1.061651 0.464966 1.057003 0.466474 1.061651 0.48278 1.061439 0.484447 1.066104 0.484447 1.066104 0.468118 1.066332 0.466474 1.061651 0.468118 1.066332 0.484447 1.066104 0.486254 1.070806 0.486254 1.070806 0.469892 1.07105 0.468118 1.066332 0.469892 1.07105 0.486254 1.070806 0.488197 1.075547 0.488197 1.075547 0.471795 1.075807 0.469892 1.07105 0.471795 1.075807 0.488197 1.075547 0.490271 1.080331 0.490271 1.080331 0.473822 1.080606 0.471795 1.075807 0.473822 1.080606 0.490271 1.080331 0.492476 1.085161 0.492476 1.085161 0.475971 1.08545 0.473822 1.080606 0.475971 1.08545 0.492476 1.085161 0.494806 1.090038 0.494806 1.090038 0.478238 1.090341 0.475971 1.08545 0.478238 1.090341 0.494806 1.090038 0.497259 1.094967 0.497259 1.094967 0.48062 1.095282 0.478238 1.090341 0.48062 1.095282 0.497259 1.094967 0.499831 1.099949 0.499831 1.099949 0.483113 1.100277 0.48062 1.095282 0.483113 1.100277 0.499831 1.099949 0.502518 1.104989 0.502518 1.104989 0.485714 1.105328 0.483113 1.100277 0.485714 1.105328 0.502518 1.104989 0.505316 1.110089 0.505316 1.110089 0.488418 1.110439 0.485714 1.105328 0.488418 1.110439 0.505316 1.110089 0.508223 1.115252 0.508223 1.115252 0.491223 1.115613 0.488418 1.110439 0.491223 1.115613 0.508223 1.115252 0.511233 1.120481 0.511233 1.120481 0.494123 1.120852 0.491223 1.115613 0.494123 1.120852 0.511233 1.120481 0.514342 1.12578 0.514342 1.12578 0.497116 1.12616 0.494123 1.120852 0.497116 1.12616 0.514342 1.12578 0.517548 1.131152 0.517548 1.131152 0.500198 1.13154 0.497116 1.12616 0.500198 1.13154 0.517548 1.131152 0.520844 1.136599 0.520844 1.136599 0.503363 1.136996 0.500198 1.13154 0.503363 1.136996 0.520844 1.136599 0.524228 1.142126 0.524228 1.142126 0.506608 1.14253 0.503363 1.136996 0.506608 1.14253 0.524228 1.142126 0.527695 1.147736 0.527695 1.147736 0.50993 1.148146 0.506608 1.14253 0.50993 1.148146 0.527695 1.147736 0.531239 1.153431 0.531239 1.153431 0.513322 1.153847 0.50993 1.148146 0.513322 1.153847 0.531239 1.153431 0.534858 1.159216 0.534858 1.159216 0.516781 1.159637 0.513322 1.153847 0.516781 1.159637 0.534858 1.159216 0.538545 1.165094 0.538545 1.165094 0.520303 1.165519 0.516781 1.159637 0.520303 1.165519 0.538545 1.165094 0.542298 1.171068 0.542298 1.171068 0.523883 1.171497 0.520303 1.165519 0.523883 1.171497 0.542298 1.171068 0.546111 1.177141 0.546111 1.177141 0.527517 1.177574 0.523883 1.171497 0.527517 1.177574 0.546111 1.177141 0.549979 1.183318 0.549979 1.183318 0.531199 1.183753 0.527517 1.177574 0.531199 1.183753 0.549979 1.183318 0.553898 1.189601 0.553898 1.189601 0.534927 1.190039 0.531199 1.183753 0.534927 1.190039 0.553898 1.189601 0.557863 1.195994 0.557863 1.195994 0.538695 1.196434 0.534927 1.190039 0.538695 1.196434 0.557863 1.195994 0.56187 1.202502 0.56187 1.202502 0.542499 1.202942 0.538695 1.196434 0.542499 1.202942 0.56187 1.202502 0.565915 1.209127 0.565915 1.209127 0.546334 1.209568 0.542499 1.202942 0.546334 1.209568 0.565915 1.209127 0.569992 1.215873 0.569992 1.215873 0.550197 1.216314 0.546334 1.209568 0.550197 1.216314 0.569992 1.215873 0.574098 1.222743 0.574098 1.222743 0.554083 1.223184 0.550197 1.216314 0.554083 1.223184 0.574098 1.222743 0.578228 1.229743 0.578228 1.229743 0.557987 1.230182 0.554083 1.223184 0.557987 1.230182 0.578228 1.229743 0.582377 1.236874 0.582377 1.236874 0.561905 1.237311 0.557987 1.230182 0.561905 1.237311 0.582377 1.236874 0.58654 1.244141 0.58654 1.244141 0.565833 1.244577 0.561905 1.237311 0.565833 1.244577 0.58654 1.244141 0.590714 1.251549 0.590714 1.251549 0.569766 1.251981 0.565833 1.244577 0.569766 1.251981 0.590714 1.251549 0.594894 1.259099 0.594894 1.259099 0.573701 1.259529 0.569766 1.251981 0.573701 1.259529 0.594894 1.259099 0.599074 1.266797 0.599074 1.266797 0.577632 1.267223 0.573701 1.259529 0.577632 1.267223 0.599074 1.266797 0.603251 1.274646 0.603251 1.274646 0.581555 1.275068 0.577632 1.267223 0.581555 1.275068 0.603251 1.274646 0.607419 1.28265 0.607419 1.28265 0.585466 1.283068 0.581555 1.275068 0.585466 1.283068 0.607419 1.28265 0.611574 1.290813 0.611574 1.290813 0.589361 1.291225 0.585466 1.283068 0.589361 1.291225 0.611574 1.290813 0.615711 1.299138 0.615711 1.299138 0.593234 1.299545 0.589361 1.291225 0.593234 1.299545 0.615711 1.299138 0.619826 1.307629 0.619826 1.307629 0.597082 1.30803 0.593234 1.299545 0.597082 1.30803 0.619826 1.307629 0.623914 1.31629 0.623914 1.31629 0.6009 1.316685 0.597082 1.30803 0.6009 1.316685 0.623914 1.31629 0.62797 1.325125 0.62797 1.325125 0.604685 1.325513 0.6009 1.316685 0.604685 1.325513 0.62797 1.325125 0.631989 1.334137 0.631989 1.334137 0.60843 1.334518 0.604685 1.325513 0.60843 1.334518 0.631989 1.334137 0.635967 1.34333 0.635967 1.34333 0.612134 1.343703 0.60843 1.334518 0.612134 1.343703 0.635967 1.34333 0.6399 1.352707 0.6399 1.352707 0.61579 1.353072 0.612134 1.343703 0.61579 1.353072 0.6399 1.352707 0.643782 1.362271 0.643782 1.362271 0.619395 1.362629 0.61579 1.353072 0.619395 1.362629 0.643782 1.362271 0.64761 1.372027 0.64761 1.372027 0.622944 1.372376 0.619395 1.362629 0.622944 1.372376 0.64761 1.372027 0.651377 1.381977 0.651377 1.381977 0.626434 1.382318 0.622944 1.372376 0.626434 1.382318 0.651377 1.381977 0.655079 1.392126 0.655079 1.392126 0.629859 1.392457 0.626434 1.382318 0.629859 1.392457 0.655079 1.392126 0.658712 1.402476 0.658712 1.402476 0.633215 1.402797 0.629859 1.392457 0.633215 1.402797 0.658712 1.402476 0.662269 1.413029 0.662269 1.413029 0.636498 1.413341 0.633215 1.402797 0.636498 1.413341 0.662269 1.413029 0.665746 1.423789 0.665746 1.423789 0.639702 1.42409 0.636498 1.413341 0.639702 1.42409 0.665746 1.423789 0.669138 1.434758 0.669138 1.434758 0.642825 1.435049 0.639702 1.42409 0.642825 1.435049 0.669138 1.434758 0.67244 1.445939 0.67244 1.445939 0.64586 1.44622 0.642825 1.435049 0.64586 1.44622 0.67244 1.445939 0.675645 1.457334 0.675645 1.457334 0.648802 1.457604 0.64586 1.44622 0.648802 1.457604 0.675645 1.457334 0.67875 1.468946 0.67875 1.468946 0.651648 1.469205 0.648802 1.457604 0.651648 1.469205 0.67875 1.468946 0.681747 1.480776 0.681747 1.480776 0.654393 1.481023 0.651648 1.469205 0.654393 1.481023 0.681747 1.480776 0.684632 1.492825 0.684632 1.492825 0.657031 1.49306 0.654393 1.481023 0.657031 1.49306 0.684632 1.492825 0.6874 1.505096 0.6874 1.505096 0.659559 1.505318 0.657031 1.49306 0.659559 1.505318 0.6874 1.505096 0.690046 1.517589 0.690046 1.517589 0.661973 1.517799 0.659559 1.505318 0.661973 1.517799 0.690046 1.517589 0.692566 1.530304 0.692566 1.530304 0.664269 1.530502 0.661973 1.517799 0.664269 1.530502 0.692566 1.530304 0.694957 1.543242 0.694957 1.543242 0.666444 1.543427 0.664269 1.530502 0.666444 1.543427 0.694957 1.543242 0.697213 1.556403 0.697213 1.556403 0.668495 1.556576 0.666444 1.543427 0.668495 1.556576 0.697213 1.556403 0.699331 1.569787 0.699331 1.569787 0.670415 1.569947 0.668495 1.556576 0.670415 1.569947 0.699331 1.569787 0.701303 1.583394 0.701303 1.583394 0.672201 1.583541 0.670415 1.569947 0.672201 1.583541 0.701303 1.583394 0.703123 1.597224 0.703123 1.597224 0.673846 1.597358 0.672201 1.583541 0.673846 1.597358 0.703123 1.597224 0.704781 1.611275 0.704781 1.611275 0.675342 1.611395 0.673846 1.597358 0.675342 1.611395 0.704781 1.611275 0.706267 1.625546 0.706267 1.625546 0.67668 1.625651 0.675342 1.611395 0.67668 1.625651 0.706267 1.625546 0.70757 1.640033 0.70757 1.640033 0.677849 1.640123 0.67668 1.625651 0.677849 1.640123 0.70757 1.640033 0.708674 1.654735 0.708674 1.654735 0.678836 1.654808 0.677849 1.640123 0.678836 1.654808 0.708674 1.654735 0.709562 1.669646 0.709562 1.669646 0.679626 1.669703 0.678836 1.654808 0.679626 1.669703 0.709562 1.669646 0.710214 1.684763 0.710214 1.684763 0.680199 1.6848 0.679626 1.669703 0.680199 1.6848 0.710214 1.684763 0.710603 1.700078 0.710603 1.700078 0.680532 1.700095 0.680199 1.6848 0.680532 1.700095 0.710603 1.700078 0.710699 1.715583 0.710699 1.715583 0.680597 1.715578 0.680532 1.700095 0.680597 1.715578 0.710699 1.715583 0.710462 1.731269 0.710462 1.731269 0.680358 1.73124 0.680597 1.715578 0.680358 1.73124 0.710462 1.731269 0.709843 1.747124 0.709843 1.747124 0.679771 1.747067 0.680358 1.73124 0.679771 1.747067 0.709843 1.747124 0.708776 1.763133 0.708776 1.763133 0.678776 1.763043 0.679771 1.747067 0.678776 1.763043 0.708776 1.763133 0.707178 1.779276 0.707178 1.779276 0.677299 1.779148 0.678776 1.763043 0.677299 1.779148 0.707178 1.779276 0.704942 1.795527 0.704942 1.795527 0.675243 1.795353 0.677299 1.779148 0.675243 1.795353 0.704942 1.795527 0.701928 1.811852 0.701928 1.811852 0.672485 1.811623 0.675243 1.795353 0.672485 1.811623 0.701928 1.811852 0.697957 1.828205 0.697957 1.828205 0.668866 1.82791 0.672485 1.811623 0.668866 1.82791 0.697957 1.828205 0.692802 1.844528 0.692802 1.844528 0.664186 1.844152 0.668866 1.82791 0.664186 1.844152 0.692802 1.844528 0.686175 1.860741 0.686175 1.860741 0.658197 1.860265 0.664186 1.844152 0.658197 1.860265 0.686175 1.860741 0.677726 1.876733 0.677726 1.876733 0.650597 1.876137 0.658197 1.860265 0.650597 1.876137 0.677726 1.876733 0.66704 1.892358 0.66704 1.892358 0.64104 1.891618 0.650597 1.876137 0.64104 1.891618 0.66704 1.892358 0.653668 1.907416 0.653668 1.907416 0.629158 1.90651 0.64104 1.891618 0.629158 1.90651 0.653668 1.907416 0.637192 1.921644 0.637192 1.921644 0.614632 1.920557 0.629158 1.90651 0.614632 1.920557 0.637192 1.921644 0.61738 1.934704 0.61738 1.934704 0.597312 1.933439 0.614632 1.920557 0.597312 1.933439 0.61738 1.934704 0.594496 1.946189 0.594496 1.946189 0.577391 1.944807 0.597312 1.933439 0.374053 1.011875 0.391008 1.011841 0.391167 1.016386 0.391167 1.016386 0.374287 1.016439 0.374053 1.011875 0.374287 1.016439 0.391167 1.016386 0.391572 1.020925 0.391572 1.020925 0.374759 1.020995 0.374287 1.016439 0.374759 1.020995 0.391572 1.020925 0.392106 1.025474 0.392106 1.025474 0.375353 1.025561 0.374759 1.020995 0.375353 1.025561 0.392106 1.025474 0.392767 1.030033 0.392767 1.030033 0.376066 1.030137 0.375353 1.025561 0.376066 1.030137 0.392767 1.030033 0.393552 1.034607 0.393552 1.034607 0.376895 1.034727 0.376066 1.030137 0.376895 1.034727 0.393552 1.034607 0.394458 1.039197 0.394458 1.039197 0.377838 1.039331 0.376895 1.034727 0.377838 1.039331 0.394458 1.039197 0.395483 1.043805 0.395483 1.043805 0.378891 1.043954 0.377838 1.039331 0.378891 1.043954 0.395483 1.043805 0.396623 1.048434 0.396623 1.048434 0.380051 1.048597 0.378891 1.043954 0.380051 1.048597 0.396623 1.048434 0.397876 1.053087 0.397876 1.053087 0.381316 1.053263 0.380051 1.048597 0.381316 1.053263 0.397876 1.053087 0.399238 1.057766 0.399238 1.057766 0.382682 1.057955 0.381316 1.053263 0.382682 1.057955 0.399238 1.057766 0.400706 1.062473 0.400706 1.062473 0.384146 1.062674 0.382682 1.057955 0.384146 1.062674 0.400706 1.062473 0.402277 1.067211 0.402277 1.067211 0.385705 1.067425 0.384146 1.062674 0.385705 1.067425 0.402277 1.067211 0.403948 1.071984 0.403948 1.071984 0.387355 1.072208 0.385705 1.067425 0.387355 1.072208 0.403948 1.071984 0.405715 1.076793 0.405715 1.076793 0.389095 1.077028 0.387355 1.072208 0.389095 1.077028 0.405715 1.076793 0.407576 1.081642 0.407576 1.081642 0.390919 1.081886 0.389095 1.077028 0.390919 1.081886 0.407576 1.081642 0.409526 1.086532 0.409526 1.086532 0.392826 1.086787 0.390919 1.081886 0.392826 1.086787 0.409526 1.086532 0.411564 1.091469 0.411564 1.091469 0.394811 1.091732 0.392826 1.086787 0.394811 1.091732 0.411564 1.091469 0.413685 1.096453 0.413685 1.096453 0.396872 1.096724 0.394811 1.091732 0.396872 1.096724 0.413685 1.096453 0.415886 1.101488 0.415886 1.101488 0.399006 1.101767 0.396872 1.096724 0.399006 1.101767 0.415886 1.101488 0.418163 1.106577 0.418163 1.106577 0.401208 1.106863 0.399006 1.101767 0.401208 1.106863 0.418163 1.106577 0.420514 1.111723 0.420514 1.111723 0.403475 1.112016 0.401208 1.106863 0.403475 1.112016 0.420514 1.111723 0.422934 1.116929 0.422934 1.116929 0.405804 1.117228 0.403475 1.112016 0.405804 1.117228 0.422934 1.116929 0.42542 1.122199 0.42542 1.122199 0.408192 1.122503 0.405804 1.117228 0.408192 1.122503 0.42542 1.122199 0.427968 1.127535 0.427968 1.127535 0.410634 1.127844 0.408192 1.122503 0.410634 1.127844 0.427968 1.127535 0.430575 1.132941 0.430575 1.132941 0.413127 1.133255 0.410634 1.127844 0.413127 1.133255 0.430575 1.132941 0.433237 1.13842 0.433237 1.13842 0.415667 1.138738 0.413127 1.133255 0.415667 1.138738 0.433237 1.13842 0.435949 1.143975 0.435949 1.143975 0.418251 1.144296 0.415667 1.138738 0.418251 1.144296 0.435949 1.143975 0.438709 1.14961 0.438709 1.14961 0.420875 1.149934 0.418251 1.144296 0.420875 1.149934 0.438709 1.14961 0.441512 1.155327 0.441512 1.155327 0.423535 1.155653 0.420875 1.149934 0.423535 1.155653 0.441512 1.155327 0.444354 1.161132 0.444354 1.161132 0.426227 1.161459 0.423535 1.155653 0.426227 1.161459 0.444354 1.161132 0.447231 1.167025 0.447231 1.167025 0.428948 1.167354 0.426227 1.161459 0.428948 1.167354 0.447231 1.167025 0.450139 1.173013 0.450139 1.173013 0.431692 1.173342 0.428948 1.167354 0.431692 1.173342 0.450139 1.173013 0.453075 1.179097 0.453075 1.179097 0.434457 1.179427 0.431692 1.173342 0.434457 1.179427 0.453075 1.179097 0.456034 1.185281 0.456034 1.185281 0.43724 1.185611 0.434457 1.179427 0.43724 1.185611 0.456034 1.185281 0.459013 1.191569 0.459013 1.191569 0.440035 1.191899 0.43724 1.185611 0.440035 1.191899 0.459013 1.191569 0.462007 1.197965 0.462007 1.197965 0.442839 1.198293 0.440035 1.191899 0.442839 1.198293 0.462007 1.197965 0.465013 1.204473 0.465013 1.204473 0.445649 1.204799 0.442839 1.198293 0.445649 1.204799 0.465013 1.204473 0.468027 1.211095 0.468027 1.211095 0.448461 1.211419 0.445649 1.204799 0.448461 1.211419 0.468027 1.211095 0.471045 1.217836 0.471045 1.217836 0.451271 1.218158 0.448461 1.211419 0.451271 1.218158 0.471045 1.217836 0.474063 1.224699 0.474063 1.224699 0.454075 1.225018 0.451271 1.218158 0.454075 1.225018 0.474063 1.224699 0.477078 1.231688 0.477078 1.231688 0.456871 1.232004 0.454075 1.225018 0.456871 1.232004 0.477078 1.231688 0.480086 1.238808 0.480086 1.238808 0.459654 1.23912 0.456871 1.232004 0.459654 1.23912 0.480086 1.238808 0.483084 1.246061 0.483084 1.246061 0.462422 1.246369 0.459654 1.23912 0.462422 1.246369 0.483084 1.246061 0.486067 1.253451 0.486067 1.253451 0.465171 1.253755 0.462422 1.246369 0.465171 1.253755 0.486067 1.253451 0.489033 1.260983 0.489033 1.260983 0.467897 1.261283 0.465171 1.253755 0.467897 1.261283 0.489033 1.260983 0.491978 1.268661 0.491978 1.268661 0.470597 1.268955 0.467897 1.261283 0.470597 1.268955 0.491978 1.268661 0.494899 1.276487 0.494899 1.276487 0.473269 1.276777 0.470597 1.268955 0.473269 1.276777 0.494899 1.276487 0.497791 1.284467 0.497791 1.284467 0.475909 1.28475 0.473269 1.276777 0.475909 1.28475 0.497791 1.284467 0.500652 1.292603 0.500652 1.292603 0.478514 1.292881 0.475909 1.28475 0.478514 1.292881 0.500652 1.292603 0.503479 1.3009 0.503479 1.3009 0.481081 1.301172 0.478514 1.292881 0.481081 1.301172 0.503479 1.3009 0.506269 1.309361 0.506269 1.309361 0.483607 1.309626 0.481081 1.301172 0.483607 1.309626 0.506269 1.309361 0.509017 1.31799 0.509017 1.31799 0.48609 1.318249 0.483607 1.309626 0.48609 1.318249 0.509017 1.31799 0.511722 1.326791 0.511722 1.326791 0.488526 1.327044 0.48609 1.318249 0.488526 1.327044 0.511722 1.326791 0.51438 1.335768 0.51438 1.335768 0.490913 1.336014 0.488526 1.327044 0.490913 1.336014 0.51438 1.335768 0.516988 1.344924 0.516988 1.344924 0.493249 1.345163 0.490913 1.336014 0.493249 1.345163 0.516988 1.344924 0.519545 1.354264 0.519545 1.354264 0.495531 1.354495 0.493249 1.345163 0.495531 1.354495 0.519545 1.354264 0.522046 1.363789 0.522046 1.363789 0.497758 1.364013 0.495531 1.354495 0.497758 1.364013 0.522046 1.363789 0.524491 1.373505 0.524491 1.373505 0.499926 1.373721 0.497758 1.364013 0.499926 1.373721 0.524491 1.373505 0.526874 1.383413 0.526874 1.383413 0.502035 1.383623 0.499926 1.373721 0.502035 1.383623 0.526874 1.383413 0.529195 1.393519 0.529195 1.393519 0.50408 1.39372 0.502035 1.383623 0.50408 1.39372 0.529195 1.393519 0.531451 1.403825 0.531451 1.403825 0.506062 1.404018 0.50408 1.39372 0.506062 1.404018 0.531451 1.403825 0.533639 1.414332 0.533639 1.414332 0.507977 1.414518 0.506062 1.404018 0.507977 1.414518 0.533639 1.414332 0.535758 1.425046 0.535758 1.425046 0.509824 1.425223 0.507977 1.414518 0.509824 1.425223 0.535758 1.425046 0.537804 1.435967 0.537804 1.435967 0.511601 1.436137 0.509824 1.425223 0.511601 1.436137 0.537804 1.435967 0.539775 1.4471 0.539775 1.4471 0.513307 1.447261 0.511601 1.436137 0.513307 1.447261 0.539775 1.4471 0.54167 1.458446 0.54167 1.458446 0.51494 1.458599 0.513307 1.447261 0.51494 1.458599 0.54167 1.458446 0.543486 1.470007 0.543486 1.470007 0.516499 1.470152 0.51494 1.458599 0.516499 1.470152 0.543486 1.470007 0.545221 1.481785 0.545221 1.481785 0.517981 1.481922 0.516499 1.470152 0.517981 1.481922 0.545221 1.481785 0.546874 1.493783 0.546874 1.493783 0.519388 1.493912 0.517981 1.481922 0.519388 1.493912 0.546874 1.493783 0.548444 1.506001 0.548444 1.506001 0.520717 1.506122 0.519388 1.493912 0.520717 1.506122 0.548444 1.506001 0.549928 1.518441 0.549928 1.518441 0.521969 1.518553 0.520717 1.506122 0.521969 1.518553 0.549928 1.518441 0.551327 1.531103 0.551327 1.531103 0.523142 1.531208 0.521969 1.518553 0.523142 1.531208 0.551327 1.531103 0.552638 1.543988 0.552638 1.543988 0.524237 1.544084 0.523142 1.531208 0.524237 1.544084 0.552638 1.543988 0.553862 1.557095 0.553862 1.557095 0.525255 1.557184 0.524237 1.544084 0.525255 1.557184 0.553862 1.557095 0.554997 1.570426 0.554997 1.570426 0.526193 1.570507 0.525255 1.557184 0.526193 1.570507 0.554997 1.570426 0.556041 1.583979 0.556041 1.583979 0.527051 1.584052 0.526193 1.570507 0.527051 1.584052 0.556041 1.583979 0.556991 1.597752 0.556991 1.597752 0.527828 1.597818 0.527051 1.584052 0.527828 1.597818 0.556991 1.597752 0.557844 1.611745 0.557844 1.611745 0.528521 1.611803 0.527828 1.597818 0.528521 1.611803 0.557844 1.611745 0.558596 1.625956 0.558596 1.625956 0.529128 1.626005 0.528521 1.611803 0.529128 1.626005 0.558596 1.625956 0.559242 1.640381 0.559242 1.640381 0.529645 1.640422 0.529128 1.626005 0.529645 1.640422 0.559242 1.640381 0.559774 1.655016 0.559774 1.655016 0.530066 1.655049 0.529645 1.640422 0.530066 1.655049 0.559774 1.655016 0.560185 1.669858 0.560185 1.669858 0.530384 1.669881 0.530066 1.655049 0.530384 1.669881 0.560185 1.669858 0.560464 1.684899 0.560464 1.684899 0.530593 1.684912 0.530384 1.669881 0.530593 1.684912 0.560464 1.684899 0.560598 1.700132 0.560598 1.700132 0.530683 1.700136 0.530593 1.684912 0.530683 1.700136 0.560598 1.700132 0.560573 1.715548 0.560573 1.715548 0.530641 1.71554 0.530683 1.700136 0.530641 1.71554 0.560573 1.715548 0.56037 1.731135 0.56037 1.731135 0.530455 1.731115 0.530641 1.71554 0.530455 1.731115 0.56037 1.731135 0.559965 1.746879 0.559965 1.746879 0.530105 1.746844 0.530455 1.731115 0.530105 1.746844 0.559965 1.746879 0.559328 1.762759 0.559328 1.762759 0.52957 1.762709 0.530105 1.746844 0.52957 1.762709 0.559328 1.762759 0.558423 1.778751 0.558423 1.778751 0.528824 1.778684 0.52957 1.762709 0.528824 1.778684 0.558423 1.778751 0.557202 1.794823 0.557202 1.794823 0.527831 1.794736 0.528824 1.778684 0.527831 1.794736 0.557202 1.794823 0.555608 1.810935 0.555608 1.810935 0.526552 1.810824 0.527831 1.794736 0.526552 1.810824 0.555608 1.810935 0.55357 1.827034 0.55357 1.827034 0.524938 1.826896 0.526552 1.810824 0.524938 1.826896 0.55357 1.827034 0.551001 1.84305 0.551001 1.84305 0.52293 1.84288 0.524938 1.826896 0.52293 1.84288 0.551001 1.84305 0.547804 1.858891 0.547804 1.858891 0.520468 1.858684 0.52293 1.84288 0.520468 1.858684 0.547804 1.858891 0.543867 1.87444 0.543867 1.87444 0.517485 1.874191 0.520468 1.858684 0.517485 1.874191 0.543867 1.87444 0.539079 1.889546 0.539079 1.889546 0.513922 1.889251 0.517485 1.874191 0.513922 1.889251 0.539079 1.889546 0.533345 1.904019 0.533345 1.904019 0.509742 1.903676 0.513922 1.889251 0.509742 1.903676 0.533345 1.904019 0.52662 1.917626 0.52662 1.917626 0.504949 1.917238 0.509742 1.903676 0.504949 1.917238 0.52662 1.917626 0.518958 1.930103 0.518958 1.930103 0.499626 1.929679 0.504949 1.917238 0.499626 1.929679 0.518958 1.930103 0.510577 1.941169 0.510577 1.941169 0.493971 1.94072 0.499626 1.929679 0.271068 1.012333 0.288361 1.012225 0.289008 1.016863 0.289008 1.016863 0.271806 1.016983 0.271068 1.012333 0.271806 1.016983 0.289008 1.016863 0.289856 1.021491 0.289856 1.021491 0.272737 1.021621 0.271806 1.016983 0.272737 1.021621 0.289856 1.021491 0.290787 1.026124 0.290787 1.026124 0.273743 1.026264 0.272737 1.021621 0.273743 1.026264 0.290787 1.026124 0.291798 1.030765 0.291798 1.030765 0.274821 1.030915 0.273743 1.026264 0.274821 1.030915 0.291798 1.030765 0.292884 1.035416 0.292884 1.035416 0.275966 1.035575 0.274821 1.030915 0.275966 1.035575 0.292884 1.035416 0.294044 1.04008 0.294044 1.04008 0.277176 1.040247 0.275966 1.035575 0.277176 1.040247 0.294044 1.04008 0.295273 1.044758 0.295273 1.044758 0.278446 1.044933 0.277176 1.040247 0.278446 1.044933 0.295273 1.044758 0.296568 1.049455 0.296568 1.049455 0.279775 1.049636 0.278446 1.044933 0.279775 1.049636 0.296568 1.049455 0.297926 1.054171 0.297926 1.054171 0.281158 1.054359 0.279775 1.049636 0.281158 1.054359 0.297926 1.054171 0.299345 1.05891 0.299345 1.05891 0.282593 1.059105 0.281158 1.054359 0.282593 1.059105 0.299345 1.05891 0.300821 1.063675 0.300821 1.063675 0.284078 1.063875 0.282593 1.059105 0.284078 1.063875 0.300821 1.063675 0.302351 1.068467 0.302351 1.068467 0.285608 1.068673 0.284078 1.063875 0.285608 1.068673 0.302351 1.068467 0.303932 1.07329 0.303932 1.07329 0.287181 1.0735 0.285608 1.068673 0.287181 1.0735 0.303932 1.07329 0.305561 1.078147 0.305561 1.078147 0.288794 1.078361 0.287181 1.0735 0.288794 1.078361 0.305561 1.078147 0.307236 1.08304 0.307236 1.08304 0.290443 1.083258 0.288794 1.078361 0.290443 1.083258 0.307236 1.08304 0.308952 1.087972 0.308952 1.087972 0.292126 1.088194 0.290443 1.083258 0.292126 1.088194 0.308952 1.087972 0.310707 1.092946 0.310707 1.092946 0.29384 1.093171 0.292126 1.088194 0.29384 1.093171 0.310707 1.092946 0.312497 1.097965 0.312497 1.097965 0.295582 1.098192 0.29384 1.093171 0.295582 1.098192 0.312497 1.097965 0.31432 1.103032 0.31432 1.103032 0.297348 1.103261 0.295582 1.098192 0.297348 1.103261 0.31432 1.103032 0.316172 1.10815 0.316172 1.10815 0.299135 1.108381 0.297348 1.103261 0.299135 1.108381 0.316172 1.10815 0.31805 1.113323 0.31805 1.113323 0.30094 1.113554 0.299135 1.108381 0.30094 1.113554 0.31805 1.113323 0.319951 1.118552 0.319951 1.118552 0.30276 1.118784 0.30094 1.113554 0.30276 1.118784 0.319951 1.118552 0.321872 1.123841 0.321872 1.123841 0.304592 1.124074 0.30276 1.118784 0.304592 1.124074 0.321872 1.123841 0.323808 1.129195 0.323808 1.129195 0.306432 1.129427 0.304592 1.124074 0.306432 1.129427 0.323808 1.129195 0.325758 1.134615 0.325758 1.134615 0.308278 1.134846 0.306432 1.129427 0.308278 1.134846 0.325758 1.134615 0.327718 1.140105 0.327718 1.140105 0.310125 1.140335 0.308278 1.134846 0.310125 1.140335 0.327718 1.140105 0.329684 1.145668 0.329684 1.145668 0.311972 1.145897 0.310125 1.140335 0.311972 1.145897 0.329684 1.145668 0.331653 1.151308 0.331653 1.151308 0.313814 1.151535 0.311972 1.145897 0.313814 1.151535 0.331653 1.151308 0.333621 1.157028 0.333621 1.157028 0.315648 1.157253 0.313814 1.151535 0.315648 1.157253 0.333621 1.157028 0.335586 1.162832 0.335586 1.162832 0.317471 1.163054 0.315648 1.157253 0.317471 1.163054 0.335586 1.162832 0.337543 1.168723 0.337543 1.168723 0.31928 1.168942 0.317471 1.163054 0.31928 1.168942 0.337543 1.168723 0.33949 1.174704 0.33949 1.174704 0.321071 1.17492 0.31928 1.168942 0.321071 1.17492 0.33949 1.174704 0.341423 1.18078 0.341423 1.18078 0.322841 1.180993 0.321071 1.17492 0.322841 1.180993 0.341423 1.18078 0.343339 1.186954 0.343339 1.186954 0.324586 1.187162 0.322841 1.180993 0.324586 1.187162 0.343339 1.186954 0.345234 1.193229 0.345234 1.193229 0.326304 1.193433 0.324586 1.187162 0.326304 1.193433 0.345234 1.193229 0.347106 1.19961 0.347106 1.19961 0.327993 1.199809 0.326304 1.193433 0.327993 1.199809 0.347106 1.19961 0.348952 1.206099 0.348952 1.206099 0.329648 1.206294 0.327993 1.199809 0.329648 1.206294 0.348952 1.206099 0.350768 1.212702 0.350768 1.212702 0.331268 1.212891 0.329648 1.206294 0.331268 1.212891 0.350768 1.212702 0.352552 1.219421 0.352552 1.219421 0.332849 1.219604 0.331268 1.212891 0.332849 1.219604 0.352552 1.219421 0.354302 1.22626 0.354302 1.22626 0.334389 1.226438 0.332849 1.219604 0.334389 1.226438 0.354302 1.22626 0.356013 1.233224 0.356013 1.233224 0.335886 1.233396 0.334389 1.226438 0.335886 1.233396 0.356013 1.233224 0.357685 1.240315 0.357685 1.240315 0.337337 1.240482 0.335886 1.233396 0.337337 1.240482 0.357685 1.240315 0.359314 1.247539 0.359314 1.247539 0.338739 1.247699 0.337337 1.240482 0.338739 1.247699 0.359314 1.247539 0.360898 1.254899 0.360898 1.254899 0.340092 1.255053 0.338739 1.247699 0.340092 1.255053 0.360898 1.254899 0.362435 1.262399 0.362435 1.262399 0.341392 1.262546 0.340092 1.255053 0.341392 1.262546 0.362435 1.262399 0.363922 1.270043 0.363922 1.270043 0.342638 1.270183 0.341392 1.262546 0.342638 1.270183 0.363922 1.270043 0.365359 1.277834 0.365359 1.277834 0.343829 1.277968 0.342638 1.270183 0.343829 1.277968 0.365359 1.277834 0.366742 1.285777 0.366742 1.285777 0.344962 1.285904 0.343829 1.277968 0.344962 1.285904 0.366742 1.285777 0.368071 1.293876 0.368071 1.293876 0.346036 1.293996 0.344962 1.285904 0.346036 1.293996 0.368071 1.293876 0.369344 1.302134 0.369344 1.302134 0.34705 1.302247 0.346036 1.293996 0.34705 1.302247 0.369344 1.302134 0.370559 1.310556 0.370559 1.310556 0.348002 1.310662 0.34705 1.302247 0.348002 1.310662 0.370559 1.310556 0.371715 1.319146 0.371715 1.319146 0.348893 1.319245 0.348002 1.310662 0.348893 1.319245 0.371715 1.319146 0.372811 1.327906 0.372811 1.327906 0.349721 1.327999 0.348893 1.319245 0.349721 1.327999 0.372811 1.327906 0.373846 1.336842 0.373846 1.336842 0.350486 1.336928 0.349721 1.327999 0.350486 1.336928 0.373846 1.336842 0.374821 1.345957 0.374821 1.345957 0.351188 1.346036 0.350486 1.336928 0.351188 1.346036 0.374821 1.345957 0.375734 1.355254 0.375734 1.355254 0.351827 1.355326 0.351188 1.346036 0.351827 1.355326 0.375734 1.355254 0.376586 1.364738 0.376586 1.364738 0.352403 1.364803 0.351827 1.355326 0.352403 1.364803 0.376586 1.364738 0.377377 1.374411 0.377377 1.374411 0.352917 1.37447 0.352403 1.364803 0.352917 1.37447 0.377377 1.374411 0.378105 1.384278 0.378105 1.384278 0.353369 1.38433 0.352917 1.37447 0.353369 1.38433 0.378105 1.384278 0.378773 1.394341 0.378773 1.394341 0.35376 1.394387 0.353369 1.38433 0.35376 1.394387 0.378773 1.394341 0.37938 1.404604 0.37938 1.404604 0.354091 1.404644 0.35376 1.394387 0.354091 1.404644 0.37938 1.404604 0.379927 1.415069 0.379927 1.415069 0.354363 1.415104 0.354091 1.404644 0.354363 1.415104 0.379927 1.415069 0.380415 1.425741 0.380415 1.425741 0.354578 1.42577 0.354363 1.415104 0.354578 1.42577 0.380415 1.425741 0.380845 1.436621 0.380845 1.436621 0.354737 1.436645 0.354578 1.42577 0.354737 1.436645 0.380845 1.436621 0.381219 1.447713 0.381219 1.447713 0.354843 1.447731 0.354737 1.436645 0.354843 1.447731 0.381219 1.447713 0.381538 1.459018 0.381538 1.459018 0.354898 1.459032 0.354843 1.447731 0.354898 1.459032 0.381538 1.459018 0.381804 1.47054 0.381804 1.47054 0.354903 1.470549 0.354898 1.459032 0.354903 1.470549 0.381804 1.47054 0.38202 1.482279 0.38202 1.482279 0.354863 1.482285 0.354903 1.470549 0.354863 1.482285 0.38202 1.482279 0.382187 1.494238 0.382187 1.494238 0.35478 1.49424 0.354863 1.482285 0.35478 1.49424 0.382187 1.494238 0.382308 1.506419 0.382308 1.506419 0.354658 1.506418 0.35478 1.49424 0.354658 1.506418 0.382308 1.506419 0.382387 1.518823 0.382387 1.518823 0.3545 1.518818 0.354658 1.506418 0.3545 1.518818 0.382387 1.518823 0.382428 1.53145 0.382428 1.53145 0.354312 1.531443 0.3545 1.518818 0.354312 1.531443 0.382428 1.53145 0.382433 1.544302 0.382433 1.544302 0.354098 1.544292 0.354312 1.531443 0.354098 1.544292 0.382433 1.544302 0.382409 1.557377 0.382409 1.557377 0.353862 1.557366 0.354098 1.544292 0.353862 1.557366 0.382409 1.557377 0.382356 1.570677 0.382356 1.570677 0.35361 1.570664 0.353862 1.557366 0.35361 1.570664 0.382356 1.570677 0.382283 1.5842 0.382283 1.5842 0.353348 1.584186 0.35361 1.570664 0.353348 1.584186 0.382283 1.5842 0.38219 1.597945 0.38219 1.597945 0.35308 1.597929 0.353348 1.584186 0.35308 1.597929 0.38219 1.597945 0.382083 1.611909 0.382083 1.611909 0.352811 1.611894 0.35308 1.597929 0.352811 1.611894 0.382083 1.611909 0.381964 1.626091 0.381964 1.626091 0.352546 1.626076 0.352811 1.611894 0.352546 1.626076 0.381964 1.626091 0.381836 1.640488 0.381836 1.640488 0.352289 1.640473 0.352546 1.626076 0.352289 1.640473 0.381836 1.640488 0.381703 1.655094 0.381703 1.655094 0.352044 1.65508 0.352289 1.640473 0.352044 1.65508 0.381703 1.655094 0.381568 1.669906 0.381568 1.669906 0.351817 1.669893 0.352044 1.65508 0.351817 1.669893 0.381568 1.669906 0.381435 1.684917 0.381435 1.684917 0.351615 1.684905 0.351817 1.669893 0.351615 1.684905 0.381435 1.684917 0.381308 1.700119 0.381308 1.700119 0.351444 1.700109 0.351615 1.684905 0.351444 1.700109 0.381308 1.700119 0.381195 1.715502 0.381195 1.715502 0.351314 1.715495 0.351444 1.700109 0.351314 1.715495 0.381195 1.715502 0.381104 1.731054 0.381104 1.731054 0.35124 1.73105 0.351314 1.715495 0.35124 1.73105 0.381104 1.731054 0.381048 1.74676 0.381048 1.74676 0.35124 1.746761 0.35124 1.73105 0.35124 1.746761 0.381048 1.74676 0.381043 1.762602 0.381043 1.762602 0.351337 1.762609 0.35124 1.746761 0.351337 1.762609 0.381043 1.762602 0.381112 1.778554 0.381112 1.778554 0.351564 1.77857 0.351337 1.762609 0.351564 1.77857 0.381112 1.778554 0.381286 1.794585 0.381286 1.794585 0.351964 1.794612 0.351564 1.77857 0.351964 1.794612 0.381286 1.794585 0.381607 1.810654 0.381607 1.810654 0.352595 1.810696 0.351964 1.794612 0.352595 1.810696 0.381607 1.810654 0.382135 1.826709 0.382135 1.826709 0.353536 1.826772 0.352595 1.810696 0.353536 1.826772 0.382135 1.826709 0.38295 1.842683 0.38295 1.842683 0.354893 1.842774 0.353536 1.826772 0.354893 1.842774 0.38295 1.842683 0.384163 1.85849 0.384163 1.85849 0.356812 1.858617 0.354893 1.842774 0.356812 1.858617 0.384163 1.85849 0.385921 1.874017 0.385921 1.874017 0.35948 1.874192 0.356812 1.858617 0.35948 1.874192 0.385921 1.874017 0.388417 1.889121 0.388417 1.889121 0.363139 1.889359 0.35948 1.874192 0.363139 1.889359 0.388417 1.889121 0.391878 1.903625 0.391878 1.903625 0.368076 1.903943 0.363139 1.889359 0.368076 1.903943 0.391878 1.903625 0.39656 1.917307 0.39656 1.917307 0.374604 1.917719 0.368076 1.903943 0.374604 1.917719 0.39656 1.917307 0.402685 1.929907 0.402685 1.929907 0.382993 1.930423 0.374604 1.917719 0.382993 1.930423 0.402685 1.929907 0.410332 1.941139 0.410332 1.941139 0.393313 1.941748 0.382993 1.930423 0.185299 1.017777 0.202651 1.01759 0.203944 1.02226 0.203944 1.02226 0.186691 1.022451 0.185299 1.017777 0.186691 1.022451 0.203944 1.02226 0.205278 1.026931 0.205278 1.026931 0.188114 1.027125 0.186691 1.022451 0.188114 1.027125 0.205278 1.026931 0.206648 1.031606 0.206648 1.031606 0.189562 1.031804 0.188114 1.027125 0.189562 1.031804 0.206648 1.031606 0.20805 1.036289 0.20805 1.036289 0.191033 1.036489 0.189562 1.031804 0.191033 1.036489 0.20805 1.036289 0.20948 1.040981 0.20948 1.040981 0.192523 1.041183 0.191033 1.036489 0.192523 1.041183 0.20948 1.040981 0.210937 1.045687 0.210937 1.045687 0.194031 1.04589 0.192523 1.041183 0.194031 1.04589 0.210937 1.045687 0.212417 1.050407 0.212417 1.050407 0.195553 1.050611 0.194031 1.04589 0.195553 1.050611 0.212417 1.050407 0.213918 1.055145 0.213918 1.055145 0.197087 1.05535 0.195553 1.050611 0.197087 1.05535 0.213918 1.055145 0.215438 1.059903 0.215438 1.059903 0.198631 1.060109 0.197087 1.05535 0.198631 1.060109 0.215438 1.059903 0.2169719 1.064685 0.2169719 1.064685 0.200182 1.064891 0.198631 1.060109 0.200182 1.064891 0.2169719 1.064685 0.218519 1.069492 0.218519 1.069492 0.201737 1.069698 0.200182 1.064891 0.201737 1.069698 0.218519 1.069492 0.220076 1.074328 0.220076 1.074328 0.203293 1.074533 0.201737 1.069698 0.203293 1.074533 0.220076 1.074328 0.221639 1.079196 0.221639 1.079196 0.204848 1.079399 0.203293 1.074533 0.204848 1.079399 0.221639 1.079196 0.223206 1.084097 0.223206 1.084097 0.206398 1.084299 0.204848 1.079399 0.206398 1.084299 0.223206 1.084097 0.224774 1.089035 0.224774 1.089035 0.20794 1.089235 0.206398 1.084299 0.20794 1.089235 0.224774 1.089035 0.226339 1.094013 0.226339 1.094013 0.209471 1.094211 0.20794 1.089235 0.209471 1.094211 0.226339 1.094013 0.227898 1.099035 0.227898 1.099035 0.2109889 1.09923 0.209471 1.094211 0.2109889 1.09923 0.227898 1.099035 0.22945 1.104102 0.22945 1.104102 0.21249 1.104294 0.2109889 1.09923 0.21249 1.104294 0.22945 1.104102 0.2309899 1.109218 0.2309899 1.109218 0.213971 1.109407 0.21249 1.104294 0.213971 1.109407 0.2309899 1.109218 0.232516 1.114386 0.232516 1.114386 0.21543 1.114571 0.213971 1.109407 0.21543 1.114571 0.232516 1.114386 0.234025 1.119609 0.234025 1.119609 0.216864 1.119791 0.21543 1.114571 0.216864 1.119791 0.234025 1.119609 0.2355149 1.124891 0.2355149 1.124891 0.218271 1.125068 0.216864 1.119791 0.218271 1.125068 0.2355149 1.124891 0.236982 1.130234 0.236982 1.130234 0.219647 1.130407 0.218271 1.125068 0.219647 1.130407 0.236982 1.130234 0.238423 1.135643 0.238423 1.135643 0.220989 1.13581 0.219647 1.130407 0.220989 1.13581 0.238423 1.135643 0.239835 1.141119 0.239835 1.141119 0.222295 1.141281 0.220989 1.13581 0.222295 1.141281 0.239835 1.141119 0.241215 1.146667 0.241215 1.146667 0.223561 1.146824 0.222295 1.141281 0.223561 1.146824 0.241215 1.146667 0.24256 1.15229 0.24256 1.15229 0.224784 1.152441 0.223561 1.146824 0.224784 1.152441 0.24256 1.15229 0.2438679 1.157991 0.2438679 1.157991 0.225962 1.158136 0.224784 1.152441 0.225962 1.158136 0.2438679 1.157991 0.2451339 1.163774 0.2451339 1.163774 0.227092 1.163913 0.225962 1.158136 0.227092 1.163913 0.2451339 1.163774 0.246356 1.169643 0.246356 1.169643 0.22817 1.169774 0.227092 1.163913 0.22817 1.169774 0.246356 1.169643 0.247532 1.1756 0.247532 1.1756 0.229193 1.175725 0.22817 1.169774 0.229193 1.175725 0.247532 1.1756 0.248658 1.181651 0.248658 1.181651 0.2301599 1.181768 0.229193 1.175725 0.2301599 1.181768 0.248658 1.181651 0.24973 1.187798 0.24973 1.187798 0.231065 1.187908 0.2301599 1.181768 0.231065 1.187908 0.24973 1.187798 0.250748 1.194045 0.250748 1.194045 0.231909 1.194148 0.231065 1.187908 0.231909 1.194148 0.250748 1.194045 0.251708 1.200396 0.251708 1.200396 0.232688 1.200491 0.231909 1.194148 0.232688 1.200491 0.251708 1.200396 0.252609 1.206855 0.252609 1.206855 0.233401 1.206942 0.232688 1.200491 0.233401 1.206942 0.252609 1.206855 0.253446 1.213426 0.253446 1.213426 0.234044 1.213505 0.233401 1.206942 0.234044 1.213505 0.253446 1.213426 0.25422 1.220113 0.25422 1.220113 0.234616 1.220183 0.234044 1.213505 0.234616 1.220183 0.25422 1.220113 0.254928 1.226919 0.254928 1.226919 0.235116 1.226981 0.234616 1.220183 0.235116 1.226981 0.254928 1.226919 0.255568 1.233848 0.255568 1.233848 0.235543 1.233902 0.235116 1.226981 0.235543 1.233902 0.255568 1.233848 0.256138 1.240905 0.256138 1.240905 0.235893 1.240951 0.235543 1.233902 0.235893 1.240951 0.256138 1.240905 0.256638 1.248094 0.256638 1.248094 0.236167 1.248131 0.235893 1.240951 0.236167 1.248131 0.256638 1.248094 0.257065 1.255418 0.257065 1.255418 0.236362 1.255447 0.236167 1.248131 0.236362 1.255447 0.257065 1.255418 0.257419 1.262882 0.257419 1.262882 0.2364799 1.262903 0.236362 1.255447 0.2364799 1.262903 0.257419 1.262882 0.2577 1.270489 0.2577 1.270489 0.236518 1.270502 0.2364799 1.262903 0.236518 1.270502 0.2577 1.270489 0.257905 1.278244 0.257905 1.278244 0.236477 1.278248 0.236518 1.270502 0.236477 1.278248 0.257905 1.278244 0.258035 1.286151 0.258035 1.286151 0.236356 1.286147 0.236477 1.278248 0.236356 1.286147 0.258035 1.286151 0.258089 1.294213 0.258089 1.294213 0.236154 1.294201 0.236356 1.286147 0.236154 1.294201 0.258089 1.294213 0.258066 1.302435 0.258066 1.302435 0.235871 1.302415 0.236154 1.294201 0.235871 1.302415 0.258066 1.302435 0.257968 1.31082 0.257968 1.31082 0.235508 1.310793 0.235871 1.302415 0.235508 1.310793 0.257968 1.31082 0.257793 1.319374 0.257793 1.319374 0.235065 1.319339 0.235508 1.310793 0.235065 1.319339 0.257793 1.319374 0.257543 1.3281 0.257543 1.3281 0.234544 1.328058 0.235065 1.319339 0.234544 1.328058 0.257543 1.3281 0.25722 1.337001 0.25722 1.337001 0.233948 1.336952 0.234544 1.328058 0.233948 1.336952 0.25722 1.337001 0.256826 1.346083 0.256826 1.346083 0.233277 1.346027 0.233948 1.336952 0.233277 1.346027 0.256826 1.346083 0.256362 1.355348 0.256362 1.355348 0.232535 1.355286 0.233277 1.346027 0.232535 1.355286 0.256362 1.355348 0.255829 1.3648 0.255829 1.3648 0.231724 1.364732 0.232535 1.355286 0.231724 1.364732 0.255829 1.3648 0.255231 1.374443 0.255231 1.374443 0.230846 1.374369 0.231724 1.364732 0.230846 1.374369 0.255231 1.374443 0.25457 1.384279 0.25457 1.384279 0.2299039 1.384201 0.230846 1.374369 0.2299039 1.384201 0.25457 1.384279 0.253848 1.394314 0.253848 1.394314 0.228901 1.39423 0.2299039 1.384201 0.228901 1.39423 0.253848 1.394314 0.253067 1.40455 0.253067 1.40455 0.22784 1.404462 0.228901 1.39423 0.22784 1.404462 0.253067 1.40455 0.252232 1.41499 0.252232 1.41499 0.226725 1.414898 0.22784 1.404462 0.226725 1.414898 0.252232 1.41499 0.251345 1.425638 0.251345 1.425638 0.22556 1.425542 0.226725 1.414898 0.22556 1.425542 0.251345 1.425638 0.250412 1.436496 0.250412 1.436496 0.224352 1.436397 0.22556 1.425542 0.224352 1.436397 0.250412 1.436496 0.249437 1.447568 0.249437 1.447568 0.223103 1.447466 0.224352 1.436397 0.223103 1.447466 0.249437 1.447568 0.248425 1.458855 0.248425 1.458855 0.221821 1.458752 0.223103 1.447466 0.221821 1.458752 0.248425 1.458855 0.247379 1.47036 0.247379 1.47036 0.220511 1.470255 0.221821 1.458752 0.220511 1.470255 0.247379 1.47036 0.246307 1.482086 0.246307 1.482086 0.219178 1.48198 0.220511 1.470255 0.219178 1.48198 0.246307 1.482086 0.245214 1.494033 0.245214 1.494033 0.217829 1.493927 0.219178 1.48198 0.217829 1.493927 0.245214 1.494033 0.2441059 1.506204 0.2441059 1.506204 0.216471 1.506098 0.217829 1.493927 0.216471 1.506098 0.2441059 1.506204 0.24299 1.5186 0.24299 1.5186 0.215112 1.518495 0.216471 1.506098 0.215112 1.518495 0.24299 1.5186 0.2418749 1.531222 0.2418749 1.531222 0.213761 1.531119 0.215112 1.518495 0.213761 1.531119 0.2418749 1.531222 0.240767 1.544071 0.240767 1.544071 0.212427 1.543971 0.213761 1.531119 0.212427 1.543971 0.240767 1.544071 0.239678 1.557148 0.239678 1.557148 0.21112 1.557051 0.212427 1.543971 0.21112 1.557051 0.239678 1.557148 0.238616 1.570451 0.238616 1.570451 0.209852 1.570358 0.21112 1.557051 0.209852 1.570358 0.238616 1.570451 0.23759 1.583981 0.23759 1.583981 0.208633 1.583892 0.209852 1.570358 0.208633 1.583892 0.23759 1.583981 0.236611 1.597735 0.236611 1.597735 0.207473 1.597651 0.208633 1.583892 0.207473 1.597651 0.236611 1.597735 0.235687 1.611711 0.235687 1.611711 0.206383 1.611634 0.207473 1.597651 0.206383 1.611634 0.235687 1.611711 0.2348279 1.625906 0.2348279 1.625906 0.205373 1.625836 0.206383 1.611634 0.205373 1.625836 0.2348279 1.625906 0.234044 1.640319 0.234044 1.640319 0.204454 1.640256 0.205373 1.625836 0.204454 1.640256 0.234044 1.640319 0.233344 1.654944 0.233344 1.654944 0.203637 1.65489 0.204454 1.640256 0.203637 1.65489 0.233344 1.654944 0.2327409 1.669777 0.2327409 1.669777 0.2029359 1.669732 0.203637 1.65489 0.2029359 1.669732 0.2327409 1.669777 0.232248 1.684813 0.232248 1.684813 0.2023659 1.684778 0.2029359 1.669732 0.2023659 1.684778 0.232248 1.684813 0.231883 1.700044 0.231883 1.700044 0.201947 1.700021 0.2023659 1.684778 0.201947 1.700021 0.231883 1.700044 0.2316679 1.715462 0.2316679 1.715462 0.201704 1.715452 0.201947 1.700021 0.201704 1.715452 0.2316679 1.715462 0.231634 1.731057 0.231634 1.731057 0.201669 1.731063 0.201704 1.715452 0.201669 1.731063 0.231634 1.731057 0.23182 1.746816 0.23182 1.746816 0.201888 1.746841 0.201669 1.731063 0.201888 1.746841 0.23182 1.746816 0.232277 1.762724 0.232277 1.762724 0.202419 1.762772 0.201888 1.746841 0.202419 1.762772 0.232277 1.762724 0.233074 1.778759 0.233074 1.778759 0.203336 1.778835 0.202419 1.762772 0.203336 1.778835 0.233074 1.778759 0.234295 1.794896 0.234295 1.794896 0.2047359 1.795006 0.203336 1.778835 0.2047359 1.795006 0.234295 1.794896 0.236056 1.8111 0.236056 1.8111 0.206743 1.811254 0.2047359 1.795006 0.206743 1.811254 0.236056 1.8111 0.2385089 1.827329 0.2385089 1.827329 0.209526 1.827539 0.206743 1.811254 0.209526 1.827539 0.2385089 1.827329 0.241854 1.843531 0.241854 1.843531 0.213306 1.843812 0.209526 1.827539 0.213306 1.843812 0.241854 1.843531 0.24636 1.859633 0.24636 1.859633 0.218381 1.860005 0.213306 1.843812 0.218381 1.860005 0.24636 1.859633 0.252378 1.875542 0.252378 1.875542 0.225139 1.87603 0.218381 1.860005 0.225139 1.87603 0.252378 1.875542 0.260356 1.891134 0.260356 1.891134 0.234082 1.891771 0.225139 1.87603 0.234082 1.891771 0.260356 1.891134 0.270842 1.906247 0.270842 1.906247 0.2458299 1.907069 0.234082 1.891771 0.2458299 1.907069 0.270842 1.906247 0.284466 1.920656 0.284466 1.920656 0.261119 1.921705 0.2458299 1.907069 0.261119 1.921705 0.284466 1.920656 0.301842 1.934062 0.301842 1.934062 0.280697 1.935373 0.261119 1.921705 0.280697 1.935373 0.301842 1.934062 0.323315 1.946075 0.323315 1.946075 0.305033 1.947649 0.280697 1.935373 0.09842801 1.018952 0.11579 1.018681 0.117624 1.023354 0.117624 1.023354 0.100385 1.023616 0.09842801 1.018952 0.100385 1.023616 0.117624 1.023354 0.119427 1.028025 0.119427 1.028025 0.102282 1.028281 0.100385 1.023616 0.102282 1.028281 0.119427 1.028025 0.121205 1.032699 0.121205 1.032699 0.1041409 1.03295 0.102282 1.028281 0.1041409 1.03295 0.121205 1.032699 0.122964 1.037379 0.122964 1.037379 0.105971 1.037625 0.1041409 1.03295 0.105971 1.037625 0.122964 1.037379 0.124703 1.042068 0.124703 1.042068 0.107773 1.04231 0.105971 1.037625 0.107773 1.04231 0.124703 1.042068 0.126424 1.046769 0.126424 1.046769 0.109549 1.047005 0.107773 1.04231 0.109549 1.047005 0.126424 1.046769 0.128125 1.051483 0.128125 1.051483 0.1112959 1.051715 0.109549 1.047005 0.1112959 1.051715 0.128125 1.051483 0.129804 1.056213 0.129804 1.056213 0.113013 1.05644 0.1112959 1.051715 0.113013 1.05644 0.129804 1.056213 0.131458 1.060962 0.131458 1.060962 0.114698 1.061184 0.113013 1.05644 0.114698 1.061184 0.131458 1.060962 0.133086 1.065733 0.133086 1.065733 0.116348 1.065949 0.114698 1.061184 0.116348 1.065949 0.133086 1.065733 0.134685 1.070528 0.134685 1.070528 0.117961 1.070738 0.116348 1.065949 0.117961 1.070738 0.134685 1.070528 0.1362529 1.075349 0.1362529 1.075349 0.119534 1.075553 0.117961 1.070738 0.119534 1.075553 0.1362529 1.075349 0.137785 1.080199 0.137785 1.080199 0.121063 1.080397 0.119534 1.075553 0.121063 1.080397 0.137785 1.080199 0.1392779 1.085082 0.1392779 1.085082 0.122545 1.085272 0.121063 1.080397 0.122545 1.085272 0.1392779 1.085082 0.14073 1.09 0.14073 1.09 0.123977 1.090183 0.122545 1.085272 0.123977 1.090183 0.14073 1.09 0.142136 1.094956 0.142136 1.094956 0.125354 1.095131 0.123977 1.090183 0.125354 1.095131 0.142136 1.094956 0.143495 1.099954 0.143495 1.099954 0.126675 1.100121 0.125354 1.095131 0.126675 1.100121 0.143495 1.099954 0.144802 1.104996 0.144802 1.104996 0.127936 1.105155 0.126675 1.100121 0.127936 1.105155 0.144802 1.104996 0.146057 1.110085 0.146057 1.110085 0.129137 1.110236 0.127936 1.105155 0.129137 1.110236 0.146057 1.110085 0.147258 1.115226 0.147258 1.115226 0.130273 1.115368 0.129137 1.110236 0.130273 1.115368 0.147258 1.115226 0.148401 1.12042 0.148401 1.12042 0.131346 1.120553 0.130273 1.115368 0.131346 1.120553 0.148401 1.12042 0.149484 1.125671 0.149484 1.125671 0.13235 1.125795 0.131346 1.120553 0.13235 1.125795 0.149484 1.125671 0.150505 1.130982 0.150505 1.130982 0.133283 1.131097 0.13235 1.125795 0.133283 1.131097 0.150505 1.130982 0.15146 1.136357 0.15146 1.136357 0.1341429 1.136463 0.133283 1.131097 0.1341429 1.136463 0.15146 1.136357 0.152348 1.141798 0.152348 1.141798 0.134928 1.141895 0.1341429 1.136463 0.134928 1.141895 0.152348 1.141798 0.153165 1.14731 0.153165 1.14731 0.135634 1.147397 0.134928 1.141895 0.135634 1.147397 0.153165 1.14731 0.153908 1.152895 0.153908 1.152895 0.136259 1.152972 0.135634 1.147397 0.136259 1.152972 0.153908 1.152895 0.154575 1.158558 0.154575 1.158558 0.136799 1.158624 0.136259 1.152972 0.136799 1.158624 0.154575 1.158558 0.155162 1.164301 0.155162 1.164301 0.137252 1.164357 0.136799 1.158624 0.137252 1.164357 0.155162 1.164301 0.155667 1.170128 0.155667 1.170128 0.137615 1.170174 0.137252 1.164357 0.137615 1.170174 0.155667 1.170128 0.1560879 1.176043 0.1560879 1.176043 0.137886 1.176078 0.137615 1.170174 0.137886 1.176078 0.1560879 1.176043 0.15642 1.18205 0.15642 1.18205 0.13806 1.182074 0.137886 1.176078 0.13806 1.182074 0.15642 1.18205 0.156662 1.188153 0.156662 1.188153 0.138136 1.188166 0.13806 1.182074 0.138136 1.188166 0.156662 1.188153 0.156813 1.194355 0.156813 1.194355 0.138113 1.194357 0.138136 1.188166 0.138113 1.194357 0.156813 1.194355 0.15687 1.200661 0.15687 1.200661 0.1379899 1.200652 0.138113 1.194357 0.1379899 1.200652 0.15687 1.200661 0.156831 1.207074 0.156831 1.207074 0.137763 1.207054 0.1379899 1.200652 0.137763 1.207054 0.156831 1.207074 0.156696 1.213599 0.156696 1.213599 0.137433 1.213568 0.137763 1.207054 0.137433 1.213568 0.156696 1.213599 0.156464 1.220239 0.156464 1.220239 0.136999 1.220196 0.137433 1.213568 0.136999 1.220196 0.156464 1.220239 0.156132 1.226999 0.156132 1.226999 0.136458 1.226945 0.136999 1.220196 0.136458 1.226945 0.156132 1.226999 0.1557 1.233882 0.1557 1.233882 0.135811 1.233817 0.136458 1.226945 0.135811 1.233817 0.1557 1.233882 0.155167 1.240892 0.155167 1.240892 0.135057 1.240817 0.135811 1.233817 0.135057 1.240817 0.155167 1.240892 0.154533 1.248035 0.154533 1.248035 0.134193 1.247949 0.135057 1.240817 0.134193 1.247949 0.154533 1.248035 0.153798 1.255314 0.153798 1.255314 0.133225 1.255217 0.134193 1.247949 0.133225 1.255217 0.153798 1.255314 0.152965 1.262733 0.152965 1.262733 0.132152 1.262626 0.133225 1.255217 0.132152 1.262626 0.152965 1.262733 0.152032 1.270296 0.152032 1.270296 0.1309739 1.27018 0.132152 1.262626 0.1309739 1.27018 0.152032 1.270296 0.150999 1.278006 0.150999 1.278006 0.129693 1.277881 0.1309739 1.27018 0.129693 1.277881 0.150999 1.278006 0.149868 1.28587 0.149868 1.28587 0.128307 1.285734 0.129693 1.277881 0.128307 1.285734 0.149868 1.28587 0.148636 1.293889 0.148636 1.293889 0.126817 1.293744 0.128307 1.285734 0.126817 1.293744 0.148636 1.293889 0.147306 1.302069 0.147306 1.302069 0.125222 1.301915 0.126817 1.293744 0.125222 1.301915 0.147306 1.302069 0.145877 1.310414 0.145877 1.310414 0.123524 1.310251 0.125222 1.301915 0.123524 1.310251 0.145877 1.310414 0.144352 1.318929 0.144352 1.318929 0.121725 1.318758 0.123524 1.310251 0.121725 1.318758 0.144352 1.318929 0.142735 1.327618 0.142735 1.327618 0.11983 1.327439 0.121725 1.318758 0.11983 1.327439 0.142735 1.327618 0.141031 1.336485 0.141031 1.336485 0.117846 1.336299 0.11983 1.327439 0.117846 1.336299 0.141031 1.336485 0.139245 1.345533 0.139245 1.345533 0.115777 1.345341 0.117846 1.336299 0.115777 1.345341 0.139245 1.345533 0.137381 1.354768 0.137381 1.354768 0.113629 1.35457 0.115777 1.345341 0.113629 1.35457 0.137381 1.354768 0.135443 1.364191 0.135443 1.364191 0.111406 1.363988 0.113629 1.35457 0.111406 1.363988 0.135443 1.364191 0.1334339 1.373807 0.1334339 1.373807 0.109111 1.373599 0.111406 1.363988 0.109111 1.373599 0.1334339 1.373807 0.131358 1.38362 0.131358 1.38362 0.1067489 1.383407 0.109111 1.373599 0.1067489 1.383407 0.131358 1.38362 0.12922 1.393632 0.12922 1.393632 0.104324 1.393416 0.1067489 1.383407 0.104324 1.393416 0.12922 1.393632 0.127025 1.403848 0.127025 1.403848 0.101841 1.403628 0.104324 1.393416 0.101841 1.403628 0.127025 1.403848 0.124778 1.414271 0.124778 1.414271 0.09930598 1.414049 0.101841 1.403628 0.09930598 1.414049 0.124778 1.414271 0.122485 1.424905 0.122485 1.424905 0.09672695 1.424682 0.09930598 1.414049 0.09672695 1.424682 0.122485 1.424905 0.120158 1.435753 0.120158 1.435753 0.09411698 1.435529 0.09672695 1.424682 0.09411698 1.435529 0.120158 1.435753 0.117804 1.446817 0.117804 1.446817 0.09148198 1.446592 0.09411698 1.435529 0.09148198 1.446592 0.117804 1.446817 0.115429 1.458099 0.115429 1.458099 0.08882898 1.457876 0.09148198 1.446592 0.08882898 1.457876 0.115429 1.458099 0.1130419 1.469603 0.1130419 1.469603 0.086169 1.469381 0.08882898 1.457876 0.086169 1.469381 0.1130419 1.469603 0.110651 1.48133 0.110651 1.48133 0.08350896 1.48111 0.086169 1.469381 0.08350896 1.48111 0.110651 1.48133 0.108264 1.493283 0.108264 1.493283 0.08085799 1.493066 0.08350896 1.48111 0.08085799 1.493066 0.108264 1.493283 0.105891 1.505463 0.105891 1.505463 0.07822799 1.50525 0.08085799 1.493066 0.07822799 1.50525 0.105891 1.505463 0.1035439 1.517871 0.1035439 1.517871 0.07562899 1.517663 0.07822799 1.50525 0.07562899 1.517663 0.1035439 1.517871 0.101232 1.53051 0.101232 1.53051 0.07306998 1.530308 0.07562899 1.517663 0.07306998 1.530308 0.101232 1.53051 0.09896898 1.543382 0.09896898 1.543382 0.07056999 1.543187 0.07306998 1.530308 0.07056999 1.543187 0.09896898 1.543382 0.096776 1.556485 0.096776 1.556485 0.06814897 1.556299 0.07056999 1.543187 0.06814897 1.556299 0.096776 1.556485 0.094666 1.56982 0.094666 1.56982 0.06582498 1.569643 0.06814897 1.556299 0.06582498 1.569643 0.094666 1.56982 0.092655 1.583385 0.092655 1.583385 0.06361097 1.583219 0.06582498 1.569643 0.06361097 1.583219 0.092655 1.583385 0.09075796 1.597179 0.09075796 1.597179 0.06152397 1.597025 0.06361097 1.583219 0.06152397 1.597025 0.09075796 1.597179 0.088988 1.611199 0.088988 1.611199 0.05958098 1.611058 0.06152397 1.597025 0.05958098 1.611058 0.088988 1.611199 0.08735901 1.625443 0.08735901 1.625443 0.05779397 1.625315 0.05958098 1.611058 0.05779397 1.625315 0.08735901 1.625443 0.08588695 1.639907 0.08588695 1.639907 0.05617898 1.639795 0.05779397 1.625315 0.05617898 1.639795 0.08588695 1.639907 0.08458596 1.654589 0.08458596 1.654589 0.054753 1.654492 0.05617898 1.639795 0.054753 1.654492 0.08458596 1.654589 0.083476 1.669484 0.083476 1.669484 0.05353498 1.669404 0.054753 1.654492 0.05353498 1.669404 0.083476 1.669484 0.08257496 1.684587 0.08257496 1.684587 0.05254495 1.684525 0.05353498 1.669404 0.05254495 1.684525 0.08257496 1.684587 0.08190798 1.699893 0.08190798 1.699893 0.05180799 1.699851 0.05254495 1.684525 0.05180799 1.699851 0.08190798 1.699893 0.08150696 1.715397 0.08150696 1.715397 0.051355 1.715377 0.05180799 1.699851 0.051355 1.715377 0.08150696 1.715397 0.08141398 1.731092 0.08141398 1.731092 0.05123198 1.731097 0.051355 1.715377 0.05123198 1.731097 0.08141398 1.731092 0.08169299 1.746971 0.08169299 1.746971 0.051503 1.747007 0.05123198 1.731097 0.051503 1.747007 0.08169299 1.746971 0.08242696 1.763021 0.08242696 1.763021 0.05226296 1.763094 0.051503 1.747007 0.05226296 1.763094 0.08242696 1.763021 0.083714 1.77923 0.083714 1.77923 0.05360895 1.779347 0.05226296 1.763094 0.05360895 1.779347 0.083714 1.77923 0.08567595 1.795579 0.08567595 1.795579 0.05567097 1.795748 0.05360895 1.779347 0.05567097 1.795748 0.08567595 1.795579 0.08847498 1.812047 0.08847498 1.812047 0.058613 1.812281 0.05567097 1.795748 0.058613 1.812281 0.08847498 1.812047 0.09232497 1.828608 0.09232497 1.828608 0.06265795 1.828922 0.058613 1.812281 0.06265795 1.828922 0.09232497 1.828608 0.09751498 1.84523 0.09751498 1.84523 0.06810599 1.845646 0.06265795 1.828922 0.06810599 1.845646 0.09751498 1.84523 0.104437 1.861873 0.104437 1.861873 0.07536596 1.862419 0.06810599 1.845646 0.07536596 1.862419 0.104437 1.861873 0.113612 1.878476 0.113612 1.878476 0.08498495 1.87919 0.07536596 1.862419 0.08498495 1.87919 0.113612 1.878476 0.125739 1.894962 0.125739 1.894962 0.09770298 1.895894 0.08498495 1.87919 0.09770298 1.895894 0.125739 1.894962 0.141749 1.911213 0.141749 1.911213 0.114521 1.912431 0.09770298 1.895894 0.114521 1.912431 0.141749 1.911213 0.16286 1.927052 0.16286 1.927052 0.136785 1.928644 0.114521 1.912431 0.136785 1.928644 0.16286 1.927052 0.190613 1.942188 0.190613 1.942188 0.1662729 1.944263 0.136785 1.928644 0.1662729 1.944263 0.190613 1.942188 0.226702 1.956126 0.226702 1.956126 0.205038 1.958814 0.1662729 1.944263 0.555489 1.016349 0.571368 1.016387 0.571194 1.020653 0.571194 1.020653 0.555352 1.020647 0.555489 1.016349 0.555352 1.020647 0.571194 1.020653 0.571248 1.024936 0.571248 1.024936 0.555433 1.024961 0.555352 1.020647 0.555433 1.024961 0.571248 1.024936 0.571523 1.029239 0.571523 1.029239 0.555725 1.029293 0.555433 1.024961 0.555725 1.029293 0.571523 1.029239 0.572012 1.033563 0.572012 1.033563 0.556224 1.033645 0.555725 1.029293 0.556224 1.033645 0.572012 1.033563 0.57271 1.037912 0.57271 1.037912 0.556924 1.038021 0.556224 1.033645 0.556924 1.038021 0.57271 1.037912 0.573613 1.042287 0.573613 1.042287 0.557822 1.042423 0.556924 1.038021 0.557822 1.042423 0.573613 1.042287 0.574717 1.04669 0.574717 1.04669 0.558913 1.046852 0.557822 1.042423 0.558913 1.046852 0.574717 1.04669 0.576017 1.051126 0.576017 1.051126 0.560194 1.051312 0.558913 1.046852 0.560194 1.051312 0.576017 1.051126 0.57751 1.055594 0.57751 1.055594 0.561661 1.055805 0.560194 1.051312 0.561661 1.055805 0.57751 1.055594 0.579194 1.060099 0.579194 1.060099 0.563311 1.060333 0.561661 1.055805 0.563311 1.060333 0.579194 1.060099 0.581066 1.064642 0.581066 1.064642 0.565142 1.064899 0.563311 1.060333 0.565142 1.064899 0.581066 1.064642 0.583121 1.069226 0.583121 1.069226 0.567149 1.069505 0.565142 1.064899 0.567149 1.069505 0.583121 1.069226 0.585358 1.073854 0.585358 1.073854 0.56933 1.074154 0.567149 1.069505 0.56933 1.074154 0.585358 1.073854 0.587774 1.078529 0.587774 1.078529 0.571682 1.078849 0.56933 1.074154 0.571682 1.078849 0.587774 1.078529 0.590365 1.083252 0.590365 1.083252 0.574202 1.083593 0.571682 1.078849 0.574202 1.083593 0.590365 1.083252 0.593128 1.088028 0.593128 1.088028 0.576886 1.088388 0.574202 1.083593 0.576886 1.088388 0.593128 1.088028 0.596061 1.092859 0.596061 1.092859 0.579732 1.093238 0.576886 1.088388 0.579732 1.093238 0.596061 1.092859 0.599159 1.097748 0.599159 1.097748 0.582736 1.098145 0.579732 1.093238 0.582736 1.098145 0.599159 1.097748 0.602419 1.102699 0.602419 1.102699 0.585893 1.103112 0.582736 1.098145 0.585893 1.103112 0.602419 1.102699 0.605836 1.107714 0.605836 1.107714 0.589201 1.108144 0.585893 1.103112 0.589201 1.108144 0.605836 1.107714 0.609407 1.112796 0.609407 1.112796 0.592654 1.113242 0.589201 1.108144 0.592654 1.113242 0.609407 1.112796 0.613126 1.11795 0.613126 1.11795 0.596248 1.11841 0.592654 1.113242 0.596248 1.11841 0.613126 1.11795 0.616989 1.123177 0.616989 1.123177 0.599978 1.123651 0.596248 1.11841 0.599978 1.123651 0.616989 1.123177 0.620991 1.128482 0.620991 1.128482 0.603841 1.128969 0.599978 1.123651 0.603841 1.128969 0.620991 1.128482 0.625127 1.133867 0.625127 1.133867 0.60783 1.134366 0.603841 1.128969 0.60783 1.134366 0.625127 1.133867 0.629392 1.139336 0.629392 1.139336 0.611942 1.139847 0.60783 1.134366 0.611942 1.139847 0.629392 1.139336 0.633781 1.144892 0.633781 1.144892 0.616171 1.145413 0.611942 1.139847 0.616171 1.145413 0.633781 1.144892 0.638289 1.150538 0.638289 1.150538 0.620512 1.151069 0.616171 1.145413 0.620512 1.151069 0.638289 1.150538 0.64291 1.156278 0.64291 1.156278 0.62496 1.156818 0.620512 1.151069 0.62496 1.156818 0.64291 1.156278 0.64764 1.162115 0.64764 1.162115 0.62951 1.162664 0.62496 1.156818 0.62951 1.162664 0.64764 1.162115 0.652474 1.168053 0.652474 1.168053 0.634158 1.168609 0.62951 1.162664 0.634158 1.168609 0.652474 1.168053 0.657404 1.174094 0.657404 1.174094 0.638896 1.174657 0.634158 1.168609 0.638896 1.174657 0.657404 1.174094 0.662427 1.180243 0.662427 1.180243 0.643721 1.180812 0.638896 1.174657 0.643721 1.180812 0.662427 1.180243 0.667537 1.186502 0.667537 1.186502 0.648626 1.187076 0.643721 1.180812 0.648626 1.187076 0.667537 1.186502 0.672727 1.192876 0.672727 1.192876 0.653608 1.193455 0.648626 1.187076 0.653608 1.193455 0.672727 1.192876 0.677994 1.199368 0.677994 1.199368 0.65866 1.19995 0.653608 1.193455 0.65866 1.19995 0.677994 1.199368 0.683332 1.205981 0.683332 1.205981 0.663777 1.206566 0.65866 1.19995 0.663777 1.206566 0.683332 1.205981 0.688735 1.212718 0.688735 1.212718 0.668954 1.213306 0.663777 1.206566 0.668954 1.213306 0.688735 1.212718 0.694197 1.219585 0.694197 1.219585 0.674186 1.220174 0.668954 1.213306 0.674186 1.220174 0.694197 1.219585 0.699714 1.226583 0.699714 1.226583 0.679467 1.227173 0.674186 1.220174 0.679467 1.227173 0.699714 1.226583 0.705281 1.233717 0.705281 1.233717 0.684793 1.234308 0.679467 1.227173 0.684793 1.234308 0.705281 1.233717 0.710891 1.240991 0.710891 1.240991 0.690158 1.241581 0.684793 1.234308 0.690158 1.241581 0.710891 1.240991 0.71654 1.248408 0.71654 1.248408 0.695556 1.248997 0.690158 1.241581 0.695556 1.248997 0.71654 1.248408 0.722221 1.255972 0.722221 1.255972 0.700983 1.25656 0.695556 1.248997 0.700983 1.25656 0.722221 1.255972 0.727927 1.263687 0.727927 1.263687 0.706431 1.264273 0.700983 1.25656 0.706431 1.264273 0.727927 1.263687 0.733653 1.271557 0.733653 1.271557 0.711894 1.27214 0.706431 1.264273 0.711894 1.27214 0.733653 1.271557 0.739391 1.279585 0.739391 1.279585 0.717367 1.280164 0.711894 1.27214 0.717367 1.280164 0.739391 1.279585 0.745137 1.287775 0.745137 1.287775 0.722845 1.28835 0.717367 1.280164 0.722845 1.28835 0.745137 1.287775 0.750884 1.296131 0.750884 1.296131 0.728319 1.296701 0.722845 1.28835 0.728319 1.296701 0.750884 1.296131 0.756625 1.304656 0.756625 1.304656 0.733785 1.30522 0.728319 1.296701 0.733785 1.30522 0.756625 1.304656 0.762353 1.313355 0.762353 1.313355 0.739237 1.313913 0.733785 1.30522 0.739237 1.313913 0.762353 1.313355 0.768061 1.32223 0.768061 1.32223 0.744666 1.322781 0.739237 1.313913 0.744666 1.322781 0.768061 1.32223 0.773743 1.331285 0.773743 1.331285 0.750069 1.331829 0.744666 1.322781 0.750069 1.331829 0.773743 1.331285 0.779393 1.340524 0.779393 1.340524 0.755437 1.34106 0.750069 1.331829 0.755437 1.34106 0.779393 1.340524 0.785005 1.349951 0.785005 1.349951 0.760766 1.350478 0.755437 1.34106 0.760766 1.350478 0.785005 1.349951 0.790572 1.359567 0.790572 1.359567 0.766049 1.360086 0.760766 1.350478 0.766049 1.360086 0.790572 1.359567 0.796085 1.369379 0.796085 1.369379 0.771279 1.369887 0.766049 1.360086 0.771279 1.369887 0.796085 1.369379 0.801538 1.379388 0.801538 1.379388 0.776448 1.379886 0.771279 1.369887 0.776448 1.379886 0.801538 1.379388 0.806922 1.389598 0.806922 1.389598 0.781549 1.390085 0.776448 1.379886 0.781549 1.390085 0.806922 1.389598 0.812229 1.400011 0.812229 1.400011 0.786574 1.400487 0.781549 1.390085 0.786574 1.400487 0.812229 1.400011 0.81745 1.410632 0.81745 1.410632 0.791516 1.411095 0.786574 1.400487 0.791516 1.411095 0.81745 1.410632 0.822579 1.421462 0.822579 1.421462 0.796367 1.421912 0.791516 1.411095 0.796367 1.421912 0.822579 1.421462 0.827606 1.432504 0.827606 1.432504 0.801119 1.432941 0.796367 1.421912 0.801119 1.432941 0.827606 1.432504 0.832524 1.443761 0.832524 1.443761 0.805765 1.444184 0.801119 1.432941 0.805765 1.444184 0.832524 1.443761 0.837323 1.455236 0.837323 1.455236 0.810296 1.455644 0.805765 1.444184 0.810296 1.455644 0.837323 1.455236 0.841992 1.46693 0.841992 1.46693 0.814701 1.467323 0.810296 1.455644 0.814701 1.467323 0.841992 1.46693 0.846519 1.478846 0.846519 1.478846 0.818971 1.479222 0.814701 1.467323 0.818971 1.479222 0.846519 1.478846 0.850892 1.490984 0.850892 1.490984 0.823094 1.491344 0.818971 1.479222 0.823094 1.491344 0.850892 1.490984 0.855102 1.503345 0.855102 1.503345 0.827063 1.503687 0.823094 1.491344 0.827063 1.503687 0.855102 1.503345 0.859144 1.515929 0.859144 1.515929 0.830872 1.516254 0.827063 1.503687 0.830872 1.516254 0.859144 1.515929 0.863011 1.528736 0.863011 1.528736 0.834515 1.529043 0.830872 1.516254 0.834515 1.529043 0.863011 1.528736 0.866699 1.541767 0.866699 1.541767 0.837986 1.542057 0.834515 1.529043 0.837986 1.542057 0.866699 1.541767 0.8702 1.555023 0.8702 1.555023 0.841279 1.555294 0.837986 1.542057 0.841279 1.555294 0.8702 1.555023 0.873508 1.568504 0.873508 1.568504 0.844387 1.568757 0.841279 1.555294 0.844387 1.568757 0.873508 1.568504 0.87661 1.582212 0.87661 1.582212 0.847299 1.582446 0.844387 1.568757 0.847299 1.582446 0.87661 1.582212 0.879495 1.596145 0.879495 1.596145 0.850003 1.596359 0.847299 1.582446 0.850003 1.596359 0.879495 1.596145 0.882148 1.610304 0.882148 1.610304 0.852487 1.610497 0.850003 1.596359 0.852487 1.610497 0.882148 1.610304 0.884551 1.624687 0.884551 1.624687 0.854734 1.624859 0.852487 1.610497 0.854734 1.624859 0.884551 1.624687 0.886687 1.639293 0.886687 1.639293 0.856726 1.639442 0.854734 1.624859 0.856726 1.639442 0.886687 1.639293 0.888535 1.654119 0.888535 1.654119 0.858445 1.654244 0.856726 1.639442 0.858445 1.654244 0.888535 1.654119 0.890068 1.669164 0.890068 1.669164 0.859863 1.669263 0.858445 1.654244 0.859863 1.669263 0.890068 1.669164 0.891253 1.684425 0.891253 1.684425 0.860952 1.684497 0.859863 1.669263 0.860952 1.684497 0.891253 1.684425 0.892056 1.699896 0.892056 1.699896 0.861675 1.699938 0.860952 1.684497 0.861675 1.699938 0.892056 1.699896 0.892434 1.715573 0.892434 1.715573 0.861994 1.715582 0.861675 1.699938 0.861994 1.715582 0.892434 1.715573 0.892335 1.731451 0.892335 1.731451 0.861855 1.731423 0.861994 1.715582 0.861855 1.731423 0.892335 1.731451 0.891692 1.747523 0.891692 1.747523 0.861193 1.747454 0.861855 1.731423 0.861193 1.747454 0.891692 1.747523 0.890411 1.763784 0.890411 1.763784 0.859918 1.763667 0.861193 1.747454 0.859918 1.763667 0.890411 1.763784 0.888371 1.780223 0.888371 1.780223 0.857914 1.78005 0.859918 1.763667 0.857914 1.78005 0.888371 1.780223 0.885412 1.796829 0.885412 1.796829 0.855026 1.796588 0.857914 1.78005 0.855026 1.796588 0.885412 1.796829 0.881327 1.813585 0.881327 1.813585 0.851054 1.813262 0.855026 1.796588 0.851054 1.813262 0.881327 1.813585 0.875835 1.830469 0.875835 1.830469 0.845733 1.830044 0.851054 1.813262 0.845733 1.830044 0.875835 1.830469 0.868569 1.84745 0.868569 1.84745 0.838711 1.846898 0.845733 1.830044 0.838711 1.846898 0.868569 1.84745 0.859031 1.864484 0.859031 1.864484 0.829524 1.863771 0.838711 1.846898 0.829524 1.863771 0.859031 1.864484 0.846563 1.881506 0.846563 1.881506 0.81756 1.880587 0.829524 1.863771 0.81756 1.880587 0.846563 1.881506 0.830305 1.898406 0.830305 1.898406 0.802035 1.897227 0.81756 1.880587 0.802035 1.897227 0.830305 1.898406 0.809157 1.915022 0.809157 1.915022 0.781973 1.913513 0.802035 1.897227 0.781973 1.913513 0.809157 1.915022 0.781772 1.931083 0.781772 1.931083 0.756224 1.92917 0.781973 1.913513 0.756224 1.92917 0.781772 1.931083 0.74667 1.946154 0.74667 1.946154 0.723617 1.943765 0.756224 1.92917 0.723617 1.943765 0.74667 1.946154 0.702665 1.95952 0.702665 1.95952 0.683502 1.956637 0.723617 1.943765 0.474459 1.016265 0.490864 1.016267 0.490912 1.020676 0.490912 1.020676 0.47456 1.020699 0.474459 1.016265 0.47456 1.020699 0.490912 1.020676 0.49114 1.025098 0.49114 1.025098 0.474831 1.025145 0.47456 1.020699 0.474831 1.025145 0.49114 1.025098 0.491543 1.029536 0.491543 1.029536 0.475271 1.029606 0.474831 1.025145 0.475271 1.029606 0.491543 1.029536 0.492119 1.03399 0.492119 1.03399 0.475875 1.034083 0.475271 1.029606 0.475875 1.034083 0.492119 1.03399 0.492865 1.038465 0.492865 1.038465 0.47664 1.03858 0.475875 1.034083 0.47664 1.03858 0.492865 1.038465 0.493777 1.042962 0.493777 1.042962 0.477564 1.043098 0.47664 1.03858 0.477564 1.043098 0.493777 1.042962 0.494852 1.047485 0.494852 1.047485 0.478643 1.047641 0.477564 1.043098 0.478643 1.047641 0.494852 1.047485 0.496087 1.052034 0.496087 1.052034 0.479875 1.05221 0.478643 1.047641 0.479875 1.05221 0.496087 1.052034 0.497479 1.056614 0.497479 1.056614 0.481254 1.056809 0.479875 1.05221 0.481254 1.056809 0.497479 1.056614 0.499024 1.061225 0.499024 1.061225 0.48278 1.061439 0.481254 1.056809 0.48278 1.061439 0.499024 1.061225 0.500718 1.065872 0.500718 1.065872 0.484447 1.066104 0.48278 1.061439 0.484447 1.066104 0.500718 1.065872 0.50256 1.070557 0.50256 1.070557 0.486254 1.070806 0.484447 1.066104 0.486254 1.070806 0.50256 1.070557 0.504544 1.075282 0.504544 1.075282 0.488197 1.075547 0.486254 1.070806 0.488197 1.075547 0.504544 1.075282 0.50667 1.08005 0.50667 1.08005 0.490271 1.080331 0.488197 1.075547 0.490271 1.080331 0.50667 1.08005 0.508932 1.084864 0.508932 1.084864 0.492476 1.085161 0.490271 1.080331 0.492476 1.085161 0.508932 1.084864 0.511328 1.089727 0.511328 1.089727 0.494806 1.090038 0.492476 1.085161 0.494806 1.090038 0.511328 1.089727 0.513854 1.094642 0.513854 1.094642 0.497259 1.094967 0.494806 1.090038 0.497259 1.094967 0.513854 1.094642 0.516507 1.099611 0.516507 1.099611 0.499831 1.099949 0.497259 1.094967 0.499831 1.099949 0.516507 1.099611 0.519283 1.104638 0.519283 1.104638 0.502518 1.104989 0.499831 1.099949 0.502518 1.104989 0.519283 1.104638 0.522178 1.109726 0.522178 1.109726 0.505316 1.110089 0.502518 1.104989 0.505316 1.110089 0.522178 1.109726 0.525189 1.114877 0.525189 1.114877 0.508223 1.115252 0.505316 1.110089 0.508223 1.115252 0.525189 1.114877 0.52831 1.120096 0.52831 1.120096 0.511233 1.120481 0.508223 1.115252 0.511233 1.120481 0.52831 1.120096 0.531539 1.125385 0.531539 1.125385 0.514342 1.12578 0.511233 1.120481 0.514342 1.12578 0.531539 1.125385 0.534871 1.130748 0.534871 1.130748 0.517548 1.131152 0.514342 1.12578 0.517548 1.131152 0.534871 1.130748 0.538301 1.136187 0.538301 1.136187 0.520844 1.136599 0.517548 1.131152 0.520844 1.136599 0.538301 1.136187 0.541825 1.141706 0.541825 1.141706 0.524228 1.142126 0.520844 1.136599 0.524228 1.142126 0.541825 1.141706 0.545439 1.147308 0.545439 1.147308 0.527695 1.147736 0.524228 1.142126 0.527695 1.147736 0.545439 1.147308 0.549139 1.152997 0.549139 1.152997 0.531239 1.153431 0.527695 1.147736 0.531239 1.153431 0.549139 1.152997 0.552919 1.158776 0.552919 1.158776 0.534858 1.159216 0.531239 1.153431 0.534858 1.159216 0.552919 1.158776 0.556774 1.164649 0.556774 1.164649 0.538545 1.165094 0.534858 1.159216 0.538545 1.165094 0.556774 1.164649 0.560701 1.170618 0.560701 1.170618 0.542298 1.171068 0.538545 1.165094 0.542298 1.171068 0.560701 1.170618 0.564695 1.176687 0.564695 1.176687 0.546111 1.177141 0.542298 1.171068 0.546111 1.177141 0.564695 1.176687 0.56875 1.182861 0.56875 1.182861 0.549979 1.183318 0.546111 1.177141 0.549979 1.183318 0.56875 1.182861 0.572862 1.189141 0.572862 1.189141 0.553898 1.189601 0.549979 1.183318 0.553898 1.189601 0.572862 1.189141 0.577027 1.195533 0.577027 1.195533 0.557863 1.195994 0.553898 1.189601 0.557863 1.195994 0.577027 1.195533 0.581239 1.202039 0.581239 1.202039 0.56187 1.202502 0.557863 1.195994 0.56187 1.202502 0.581239 1.202039 0.585495 1.208663 0.585495 1.208663 0.565915 1.209127 0.56187 1.202502 0.565915 1.209127 0.585495 1.208663 0.589788 1.215408 0.589788 1.215408 0.569992 1.215873 0.565915 1.209127 0.569992 1.215873 0.589788 1.215408 0.594116 1.222279 0.594116 1.222279 0.574098 1.222743 0.569992 1.215873 0.574098 1.222743 0.594116 1.222279 0.598473 1.229279 0.598473 1.229279 0.578228 1.229743 0.574098 1.222743 0.578228 1.229743 0.598473 1.229279 0.602854 1.236412 0.602854 1.236412 0.582377 1.236874 0.578228 1.229743 0.582377 1.236874 0.602854 1.236412 0.607254 1.243681 0.607254 1.243681 0.58654 1.244141 0.582377 1.236874 0.58654 1.244141 0.607254 1.243681 0.61167 1.251091 0.61167 1.251091 0.590714 1.251549 0.58654 1.244141 0.590714 1.251549 0.61167 1.251091 0.616096 1.258644 0.616096 1.258644 0.594894 1.259099 0.590714 1.251549 0.594894 1.259099 0.616096 1.258644 0.620527 1.266346 0.620527 1.266346 0.599074 1.266797 0.594894 1.259099 0.599074 1.266797 0.620527 1.266346 0.624958 1.274199 0.624958 1.274199 0.603251 1.274646 0.599074 1.266797 0.603251 1.274646 0.624958 1.274199 0.629385 1.282207 0.629385 1.282207 0.607419 1.28265 0.603251 1.274646 0.607419 1.28265 0.629385 1.282207 0.633801 1.290375 0.633801 1.290375 0.611574 1.290813 0.607419 1.28265 0.611574 1.290813 0.633801 1.290375 0.638204 1.298705 0.638204 1.298705 0.615711 1.299138 0.611574 1.290813 0.615711 1.299138 0.638204 1.298705 0.642586 1.307202 0.642586 1.307202 0.619826 1.307629 0.615711 1.299138 0.619826 1.307629 0.642586 1.307202 0.646944 1.31587 0.646944 1.31587 0.623914 1.31629 0.619826 1.307629 0.623914 1.31629 0.646944 1.31587 0.651273 1.324711 0.651273 1.324711 0.62797 1.325125 0.623914 1.31629 0.62797 1.325125 0.651273 1.324711 0.655566 1.33373 0.655566 1.33373 0.631989 1.334137 0.62797 1.325125 0.631989 1.334137 0.655566 1.33373 0.659821 1.34293 0.659821 1.34293 0.635967 1.34333 0.631989 1.334137 0.635967 1.34333 0.659821 1.34293 0.664031 1.352315 0.664031 1.352315 0.6399 1.352707 0.635967 1.34333 0.6399 1.352707 0.664031 1.352315 0.668191 1.361888 0.668191 1.361888 0.643782 1.362271 0.6399 1.352707 0.643782 1.362271 0.668191 1.361888 0.672297 1.371652 0.672297 1.371652 0.64761 1.372027 0.643782 1.362271 0.64761 1.372027 0.672297 1.371652 0.676343 1.381612 0.676343 1.381612 0.651377 1.381977 0.64761 1.372027 0.651377 1.381977 0.676343 1.381612 0.680323 1.39177 0.680323 1.39177 0.655079 1.392126 0.651377 1.381977 0.655079 1.392126 0.680323 1.39177 0.684232 1.402129 0.684232 1.402129 0.658712 1.402476 0.655079 1.392126 0.658712 1.402476 0.684232 1.402129 0.688065 1.412693 0.688065 1.412693 0.662269 1.413029 0.658712 1.402476 0.662269 1.413029 0.688065 1.412693 0.691815 1.423463 0.691815 1.423463 0.665746 1.423789 0.662269 1.413029 0.665746 1.423789 0.691815 1.423463 0.695478 1.434443 0.695478 1.434443 0.669138 1.434758 0.665746 1.423789 0.669138 1.434758 0.695478 1.434443 0.699047 1.445636 0.699047 1.445636 0.67244 1.445939 0.669138 1.434758 0.67244 1.445939 0.699047 1.445636 0.702516 1.457043 0.702516 1.457043 0.675645 1.457334 0.67244 1.445939 0.675645 1.457334 0.702516 1.457043 0.705878 1.468667 0.705878 1.468667 0.67875 1.468946 0.675645 1.457334 0.67875 1.468946 0.705878 1.468667 0.709129 1.480509 0.709129 1.480509 0.681747 1.480776 0.67875 1.468946 0.681747 1.480776 0.709129 1.480509 0.71226 1.492571 0.71226 1.492571 0.684632 1.492825 0.681747 1.480776 0.684632 1.492825 0.71226 1.492571 0.715268 1.504855 0.715268 1.504855 0.6874 1.505096 0.684632 1.492825 0.6874 1.505096 0.715268 1.504855 0.718146 1.51736 0.718146 1.51736 0.690046 1.517589 0.6874 1.505096 0.690046 1.517589 0.718146 1.51736 0.720891 1.530089 0.720891 1.530089 0.692566 1.530304 0.690046 1.517589 0.692566 1.530304 0.720891 1.530089 0.723497 1.54304 0.723497 1.54304 0.694957 1.543242 0.692566 1.530304 0.694957 1.543242 0.723497 1.54304 0.725961 1.556214 0.725961 1.556214 0.697213 1.556403 0.694957 1.543242 0.697213 1.556403 0.725961 1.556214 0.728276 1.569613 0.728276 1.569613 0.699331 1.569787 0.697213 1.556403 0.699331 1.569787 0.728276 1.569613 0.730434 1.583234 0.730434 1.583234 0.701303 1.583394 0.699331 1.569787 0.701303 1.583394 0.730434 1.583234 0.732429 1.597079 0.732429 1.597079 0.703123 1.597224 0.701303 1.583394 0.703123 1.597224 0.732429 1.597079 0.73425 1.611144 0.73425 1.611144 0.704781 1.611275 0.703123 1.597224 0.704781 1.611275 0.73425 1.611144 0.735886 1.625431 0.735886 1.625431 0.706267 1.625546 0.704781 1.611275 0.706267 1.625546 0.735886 1.625431 0.737324 1.639935 0.737324 1.639935 0.70757 1.640033 0.706267 1.625546 0.70757 1.640033 0.737324 1.639935 0.738546 1.654654 0.738546 1.654654 0.708674 1.654735 0.70757 1.640033 0.708674 1.654735 0.738546 1.654654 0.739536 1.669584 0.739536 1.669584 0.709562 1.669646 0.708674 1.654735 0.709562 1.669646 0.739536 1.669584 0.740269 1.684721 0.740269 1.684721 0.710214 1.684763 0.709562 1.669646 0.710214 1.684763 0.740269 1.684721 0.740718 1.700058 0.740718 1.700058 0.710603 1.700078 0.710214 1.684763 0.710603 1.700078 0.740718 1.700058 0.740849 1.715587 0.740849 1.715587 0.710699 1.715583 0.710603 1.700078 0.710699 1.715583 0.740849 1.715587 0.740619 1.7313 0.740619 1.7313 0.710462 1.731269 0.710699 1.715583 0.710462 1.731269 0.740619 1.7313 0.739975 1.747186 0.739975 1.747186 0.709843 1.747124 0.710462 1.731269 0.709843 1.747124 0.739975 1.747186 0.738845 1.76323 0.738845 1.76323 0.708776 1.763133 0.709843 1.747124 0.708776 1.763133 0.738845 1.76323 0.737138 1.779414 0.737138 1.779414 0.707178 1.779276 0.708776 1.763133 0.707178 1.779276 0.737138 1.779414 0.734736 1.795715 0.734736 1.795715 0.704942 1.795527 0.707178 1.779276 0.704942 1.795527 0.734736 1.795715 0.731485 1.8121 0.731485 1.8121 0.701928 1.811852 0.704942 1.795527 0.701928 1.811852 0.731485 1.8121 0.727187 1.828527 0.727187 1.828527 0.697957 1.828205 0.701928 1.811852 0.697957 1.828205 0.727187 1.828527 0.721585 1.84494 0.721585 1.84494 0.692802 1.844528 0.697957 1.828205 0.692802 1.844528 0.721585 1.84494 0.714356 1.861262 0.714356 1.861262 0.686175 1.860741 0.692802 1.844528 0.686175 1.860741 0.714356 1.861262 0.705096 1.87739 0.705096 1.87739 0.677726 1.876733 0.686175 1.860741 0.677726 1.876733 0.705096 1.87739 0.693323 1.893178 0.693323 1.893178 0.66704 1.892358 0.677726 1.876733 0.66704 1.892358 0.693323 1.893178 0.678496 1.908427 0.678496 1.908427 0.653668 1.907416 0.66704 1.892358 0.653668 1.907416 0.678496 1.908427 0.660086 1.922867 0.660086 1.922867 0.637192 1.921644 0.653668 1.907416 0.637192 1.921644 0.660086 1.922867 0.637743 1.93614 0.637743 1.93614 0.61738 1.934704 0.637192 1.921644 0.61738 1.934704 0.637743 1.93614 0.611624 1.947803 0.611624 1.947803 0.594496 1.946189 0.61738 1.934704 0.391167 1.016386 0.407979 1.016343 0.408318 1.020864 0.408318 1.020864 0.391572 1.020925 0.391167 1.016386 0.391572 1.020925 0.408318 1.020864 0.408795 1.025394 0.408795 1.025394 0.392106 1.025474 0.391572 1.020925 0.392106 1.025474 0.408795 1.025394 0.409406 1.029936 0.409406 1.029936 0.392767 1.030033 0.392106 1.025474 0.392767 1.030033 0.409406 1.029936 0.41015 1.034493 0.41015 1.034493 0.393552 1.034607 0.392767 1.030033 0.393552 1.034607 0.41015 1.034493 0.411022 1.039066 0.411022 1.039066 0.394458 1.039197 0.393552 1.034607 0.394458 1.039197 0.411022 1.039066 0.412022 1.043659 0.412022 1.043659 0.395483 1.043805 0.394458 1.039197 0.395483 1.043805 0.412022 1.043659 0.413144 1.048273 0.413144 1.048273 0.396623 1.048434 0.395483 1.043805 0.396623 1.048434 0.413144 1.048273 0.414388 1.052911 0.414388 1.052911 0.397876 1.053087 0.396623 1.048434 0.397876 1.053087 0.414388 1.052911 0.415748 1.057576 0.415748 1.057576 0.399238 1.057766 0.397876 1.053087 0.399238 1.057766 0.415748 1.057576 0.417223 1.06227 0.417223 1.06227 0.400706 1.062473 0.399238 1.057766 0.400706 1.062473 0.417223 1.06227 0.418808 1.066996 0.418808 1.066996 0.402277 1.067211 0.400706 1.062473 0.402277 1.067211 0.418808 1.066996 0.420501 1.071756 0.420501 1.071756 0.403948 1.071984 0.402277 1.067211 0.403948 1.071984 0.420501 1.071756 0.422299 1.076554 0.422299 1.076554 0.405715 1.076793 0.403948 1.071984 0.405715 1.076793 0.422299 1.076554 0.424198 1.081392 0.424198 1.081392 0.407576 1.081642 0.405715 1.076793 0.407576 1.081642 0.424198 1.081392 0.426195 1.086272 0.426195 1.086272 0.409526 1.086532 0.407576 1.081642 0.409526 1.086532 0.426195 1.086272 0.428286 1.091198 0.428286 1.091198 0.411564 1.091469 0.409526 1.086532 0.411564 1.091469 0.428286 1.091198 0.430469 1.096173 0.430469 1.096173 0.413685 1.096453 0.411564 1.091469 0.413685 1.096453 0.430469 1.096173 0.432739 1.101199 0.432739 1.101199 0.415886 1.101488 0.413685 1.096453 0.415886 1.101488 0.432739 1.101199 0.435095 1.10628 0.435095 1.10628 0.418163 1.106577 0.415886 1.101488 0.418163 1.106577 0.435095 1.10628 0.437531 1.111419 0.437531 1.111419 0.420514 1.111723 0.418163 1.106577 0.420514 1.111723 0.437531 1.111419 0.440044 1.116619 0.440044 1.116619 0.422934 1.116929 0.420514 1.111723 0.422934 1.116929 0.440044 1.116619 0.44263 1.121882 0.44263 1.121882 0.42542 1.122199 0.422934 1.116929 0.42542 1.122199 0.44263 1.121882 0.445287 1.127212 0.445287 1.127212 0.427968 1.127535 0.42542 1.122199 0.427968 1.127535 0.445287 1.127212 0.448009 1.132613 0.448009 1.132613 0.430575 1.132941 0.427968 1.127535 0.430575 1.132941 0.448009 1.132613 0.450793 1.138087 0.450793 1.138087 0.433237 1.13842 0.430575 1.132941 0.433237 1.13842 0.450793 1.138087 0.453636 1.143638 0.453636 1.143638 0.435949 1.143975 0.433237 1.13842 0.435949 1.143975 0.453636 1.143638 0.456533 1.149269 0.456533 1.149269 0.438709 1.14961 0.435949 1.143975 0.438709 1.14961 0.456533 1.149269 0.459481 1.154984 0.459481 1.154984 0.441512 1.155327 0.438709 1.14961 0.441512 1.155327 0.459481 1.154984 0.462474 1.160786 0.462474 1.160786 0.444354 1.161132 0.441512 1.155327 0.444354 1.161132 0.462474 1.160786 0.46551 1.166678 0.46551 1.166678 0.447231 1.167025 0.444354 1.161132 0.447231 1.167025 0.46551 1.166678 0.468584 1.172663 0.468584 1.172663 0.450139 1.173013 0.447231 1.167025 0.450139 1.173013 0.468584 1.172663 0.471691 1.178747 0.471691 1.178747 0.453075 1.179097 0.450139 1.173013 0.453075 1.179097 0.471691 1.178747 0.474829 1.184931 0.474829 1.184931 0.456034 1.185281 0.453075 1.179097 0.456034 1.185281 0.474829 1.184931 0.477993 1.191219 0.477993 1.191219 0.459013 1.191569 0.456034 1.185281 0.459013 1.191569 0.477993 1.191219 0.481178 1.197616 0.481178 1.197616 0.462007 1.197965 0.459013 1.191569 0.462007 1.197965 0.481178 1.197616 0.484381 1.204124 0.484381 1.204124 0.465013 1.204473 0.462007 1.197965 0.465013 1.204473 0.484381 1.204124 0.487598 1.210748 0.487598 1.210748 0.468027 1.211095 0.465013 1.204473 0.468027 1.211095 0.487598 1.210748 0.490826 1.21749 0.490826 1.21749 0.471045 1.217836 0.468027 1.211095 0.471045 1.217836 0.490826 1.21749 0.494059 1.224356 0.494059 1.224356 0.474063 1.224699 0.471045 1.217836 0.474063 1.224699 0.494059 1.224356 0.497294 1.231348 0.497294 1.231348 0.477078 1.231688 0.474063 1.224699 0.477078 1.231688 0.497294 1.231348 0.500528 1.238471 0.500528 1.238471 0.480086 1.238808 0.477078 1.231688 0.480086 1.238808 0.500528 1.238471 0.503757 1.245727 0.503757 1.245727 0.483084 1.246061 0.480086 1.238808 0.483084 1.246061 0.503757 1.245727 0.506976 1.253122 0.506976 1.253122 0.486067 1.253451 0.483084 1.246061 0.486067 1.253451 0.506976 1.253122 0.510183 1.260658 0.510183 1.260658 0.489033 1.260983 0.486067 1.253451 0.489033 1.260983 0.510183 1.260658 0.513373 1.26834 0.513373 1.26834 0.491978 1.268661 0.489033 1.260983 0.491978 1.268661 0.513373 1.26834 0.516543 1.276172 0.516543 1.276172 0.494899 1.276487 0.491978 1.268661 0.494899 1.276487 0.516543 1.276172 0.519688 1.284156 0.519688 1.284156 0.497791 1.284467 0.494899 1.276487 0.497791 1.284467 0.519688 1.284156 0.522807 1.292298 0.522807 1.292298 0.500652 1.292603 0.497791 1.284467 0.500652 1.292603 0.522807 1.292298 0.525894 1.300601 0.525894 1.300601 0.503479 1.3009 0.500652 1.292603 0.503479 1.3009 0.525894 1.300601 0.528947 1.309068 0.528947 1.309068 0.506269 1.309361 0.503479 1.3009 0.506269 1.309361 0.528947 1.309068 0.531962 1.317704 0.531962 1.317704 0.509017 1.31799 0.506269 1.309361 0.509017 1.31799 0.531962 1.317704 0.534936 1.326512 0.534936 1.326512 0.511722 1.326791 0.509017 1.31799 0.511722 1.326791 0.534936 1.326512 0.537865 1.335496 0.537865 1.335496 0.51438 1.335768 0.511722 1.326791 0.51438 1.335768 0.537865 1.335496 0.540746 1.344659 0.540746 1.344659 0.516988 1.344924 0.51438 1.335768 0.516988 1.344924 0.540746 1.344659 0.543577 1.354006 0.543577 1.354006 0.519545 1.354264 0.516988 1.344924 0.519545 1.354264 0.543577 1.354006 0.546354 1.363539 0.546354 1.363539 0.522046 1.363789 0.519545 1.354264 0.522046 1.363789 0.546354 1.363539 0.549074 1.373262 0.549074 1.373262 0.524491 1.373505 0.522046 1.363789 0.524491 1.373505 0.549074 1.373262 0.551733 1.383179 0.551733 1.383179 0.526874 1.383413 0.524491 1.373505 0.526874 1.383413 0.551733 1.383179 0.55433 1.393292 0.55433 1.393292 0.529195 1.393519 0.526874 1.383413 0.529195 1.393519 0.55433 1.393292 0.55686 1.403606 0.55686 1.403606 0.531451 1.403825 0.529195 1.393519 0.531451 1.403825 0.55686 1.403606 0.559322 1.414122 0.559322 1.414122 0.533639 1.414332 0.531451 1.403825 0.533639 1.414332 0.559322 1.414122 0.561711 1.424844 0.561711 1.424844 0.535758 1.425046 0.533639 1.414332 0.535758 1.425046 0.561711 1.424844 0.564026 1.435774 0.564026 1.435774 0.537804 1.435967 0.535758 1.425046 0.537804 1.435967 0.564026 1.435774 0.566263 1.446915 0.566263 1.446915 0.539775 1.4471 0.537804 1.435967 0.539775 1.4471 0.566263 1.446915 0.56842 1.45827 0.56842 1.45827 0.54167 1.458446 0.539775 1.4471 0.54167 1.458446 0.56842 1.45827 0.570493 1.46984 0.570493 1.46984 0.543486 1.470007 0.54167 1.458446 0.543486 1.470007 0.570493 1.46984 0.572481 1.481627 0.572481 1.481627 0.545221 1.481785 0.543486 1.470007 0.545221 1.481785 0.572481 1.481627 0.57438 1.493633 0.57438 1.493633 0.546874 1.493783 0.545221 1.481785 0.546874 1.493783 0.57438 1.493633 0.576189 1.505861 0.576189 1.505861 0.548444 1.506001 0.546874 1.493783 0.548444 1.506001 0.576189 1.505861 0.577906 1.518309 0.577906 1.518309 0.549928 1.518441 0.548444 1.506001 0.549928 1.518441 0.577906 1.518309 0.579529 1.53098 0.579529 1.53098 0.551327 1.531103 0.549928 1.518441 0.551327 1.531103 0.579529 1.53098 0.581057 1.543874 0.581057 1.543874 0.552638 1.543988 0.551327 1.531103 0.552638 1.543988 0.581057 1.543874 0.582488 1.55699 0.582488 1.55699 0.553862 1.557095 0.552638 1.543988 0.553862 1.557095 0.582488 1.55699 0.583819 1.570329 0.583819 1.570329 0.554997 1.570426 0.553862 1.557095 0.554997 1.570426 0.583819 1.570329 0.585048 1.583891 0.585048 1.583891 0.556041 1.583979 0.554997 1.570426 0.556041 1.583979 0.585048 1.583891 0.586172 1.597674 0.586172 1.597674 0.556991 1.597752 0.556041 1.583979 0.556991 1.597752 0.586172 1.597674 0.587185 1.611676 0.587185 1.611676 0.557844 1.611745 0.556991 1.597752 0.557844 1.611745 0.587185 1.611676 0.588083 1.625896 0.588083 1.625896 0.558596 1.625956 0.557844 1.611745 0.558596 1.625956 0.588083 1.625896 0.588858 1.64033 0.588858 1.64033 0.559242 1.640381 0.558596 1.625956 0.559242 1.640381 0.588858 1.64033 0.589502 1.654976 0.589502 1.654976 0.559774 1.655016 0.559242 1.640381 0.559774 1.655016 0.589502 1.654976 0.590006 1.669828 0.590006 1.669828 0.560185 1.669858 0.559774 1.655016 0.560185 1.669858 0.590006 1.669828 0.590355 1.684881 0.590355 1.684881 0.560464 1.684899 0.560185 1.669858 0.560464 1.684899 0.590355 1.684881 0.590536 1.700127 0.590536 1.700127 0.560598 1.700132 0.560464 1.684899 0.560598 1.700132 0.590536 1.700127 0.59053 1.715556 0.59053 1.715556 0.560573 1.715548 0.560598 1.700132 0.560573 1.715548 0.59053 1.715556 0.590313 1.731158 0.590313 1.731158 0.56037 1.731135 0.560573 1.715548 0.56037 1.731135 0.590313 1.731158 0.589855 1.746918 0.589855 1.746918 0.559965 1.746879 0.56037 1.731135 0.559965 1.746879 0.589855 1.746918 0.58912 1.762817 0.58912 1.762817 0.559328 1.762759 0.559965 1.746879 0.559328 1.762759 0.58912 1.762817 0.588062 1.778831 0.588062 1.778831 0.558423 1.778751 0.559328 1.762759 0.558423 1.778751 0.588062 1.778831 0.586619 1.794929 0.586619 1.794929 0.557202 1.794823 0.558423 1.778751 0.557202 1.794823 0.586619 1.794929 0.584717 1.811071 0.584717 1.811071 0.555608 1.810935 0.557202 1.794823 0.555608 1.810935 0.584717 1.811071 0.582263 1.827205 0.582263 1.827205 0.55357 1.827034 0.555608 1.810935 0.55357 1.827034 0.582263 1.827205 0.579143 1.843263 0.579143 1.843263 0.551001 1.84305 0.55357 1.827034 0.551001 1.84305 0.579143 1.843263 0.575221 1.859153 0.575221 1.859153 0.547804 1.858891 0.551001 1.84305 0.547804 1.858891 0.575221 1.859153 0.57034 1.87476 0.57034 1.87476 0.543867 1.87444 0.547804 1.858891 0.543867 1.87444 0.57034 1.87476 0.564334 1.889931 0.564334 1.889931 0.539079 1.889546 0.543867 1.87444 0.539079 1.889546 0.564334 1.889931 0.557048 1.904473 0.557048 1.904473 0.533345 1.904019 0.539079 1.889546 0.533345 1.904019 0.557048 1.904473 0.54838 1.918151 0.54838 1.918151 0.52662 1.917626 0.533345 1.904019 0.52662 1.917626 0.54838 1.918151 0.538352 1.930689 0.538352 1.930689 0.518958 1.930103 0.52662 1.917626 0.518958 1.930103 0.538352 1.930689 0.527199 1.941798 0.527199 1.941798 0.510577 1.941169 0.518958 1.930103 0.288361 1.012225 0.305608 1.01213 0.306167 1.016755 0.306167 1.016755 0.289008 1.016863 0.288361 1.012225 0.289008 1.016863 0.306167 1.016755 0.306935 1.021371 0.306935 1.021371 0.289856 1.021491 0.289008 1.016863 0.289856 1.021491 0.306935 1.021371 0.307793 1.025993 0.307793 1.025993 0.290787 1.026124 0.289856 1.021491 0.290787 1.026124 0.307793 1.025993 0.30874 1.030624 0.30874 1.030624 0.291798 1.030765 0.290787 1.026124 0.291798 1.030765 0.30874 1.030624 0.30977 1.035265 0.30977 1.035265 0.292884 1.035416 0.291798 1.030765 0.292884 1.035416 0.30977 1.035265 0.310881 1.039919 0.310881 1.039919 0.294044 1.04008 0.292884 1.035416 0.294044 1.04008 0.310881 1.039919 0.312071 1.044589 0.312071 1.044589 0.295273 1.044758 0.294044 1.04008 0.295273 1.044758 0.312071 1.044589 0.313334 1.049277 0.313334 1.049277 0.296568 1.049455 0.295273 1.044758 0.296568 1.049455 0.313334 1.049277 0.31467 1.053985 0.31467 1.053985 0.297926 1.054171 0.296568 1.049455 0.297926 1.054171 0.31467 1.053985 0.316074 1.058717 0.316074 1.058717 0.299345 1.05891 0.297926 1.054171 0.299345 1.05891 0.316074 1.058717 0.317543 1.063475 0.317543 1.063475 0.300821 1.063675 0.299345 1.05891 0.300821 1.063675 0.317543 1.063475 0.319075 1.068261 0.319075 1.068261 0.302351 1.068467 0.300821 1.063675 0.302351 1.068467 0.319075 1.068261 0.320666 1.073078 0.320666 1.073078 0.303932 1.07329 0.302351 1.068467 0.303932 1.07329 0.320666 1.073078 0.322314 1.07793 0.322314 1.07793 0.305561 1.078147 0.303932 1.07329 0.305561 1.078147 0.322314 1.07793 0.324014 1.082818 0.324014 1.082818 0.307236 1.08304 0.305561 1.078147 0.307236 1.08304 0.324014 1.082818 0.325765 1.087746 0.325765 1.087746 0.308952 1.087972 0.307236 1.08304 0.308952 1.087972 0.325765 1.087746 0.327562 1.092716 0.327562 1.092716 0.310707 1.092946 0.308952 1.087972 0.310707 1.092946 0.327562 1.092716 0.329403 1.097732 0.329403 1.097732 0.312497 1.097965 0.310707 1.092946 0.312497 1.097965 0.329403 1.097732 0.331285 1.102796 0.331285 1.102796 0.31432 1.103032 0.312497 1.097965 0.31432 1.103032 0.331285 1.102796 0.333203 1.107911 0.333203 1.107911 0.316172 1.10815 0.31432 1.103032 0.316172 1.10815 0.333203 1.107911 0.335156 1.113081 0.335156 1.113081 0.31805 1.113323 0.316172 1.10815 0.31805 1.113323 0.335156 1.113081 0.337139 1.118309 0.337139 1.118309 0.319951 1.118552 0.31805 1.113323 0.319951 1.118552 0.337139 1.118309 0.33915 1.123598 0.33915 1.123598 0.321872 1.123841 0.319951 1.118552 0.321872 1.123841 0.33915 1.123598 0.341185 1.12895 0.341185 1.12895 0.323808 1.129195 0.321872 1.123841 0.323808 1.129195 0.341185 1.12895 0.34324 1.13437 0.34324 1.13437 0.325758 1.134615 0.323808 1.129195 0.325758 1.134615 0.34324 1.13437 0.345313 1.13986 0.345313 1.13986 0.327718 1.140105 0.325758 1.134615 0.327718 1.140105 0.345313 1.13986 0.3474 1.145424 0.3474 1.145424 0.329684 1.145668 0.327718 1.140105 0.329684 1.145668 0.3474 1.145424 0.349497 1.151065 0.349497 1.151065 0.331653 1.151308 0.329684 1.145668 0.331653 1.151308 0.349497 1.151065 0.351601 1.156787 0.351601 1.156787 0.333621 1.157028 0.331653 1.151308 0.333621 1.157028 0.351601 1.156787 0.353708 1.162592 0.353708 1.162592 0.335586 1.162832 0.333621 1.157028 0.335586 1.162832 0.353708 1.162592 0.355816 1.168485 0.355816 1.168485 0.337543 1.168723 0.335586 1.162832 0.337543 1.168723 0.355816 1.168485 0.35792 1.17447 0.35792 1.17447 0.33949 1.174704 0.337543 1.168723 0.33949 1.174704 0.35792 1.17447 0.360017 1.180549 0.360017 1.180549 0.341423 1.18078 0.33949 1.174704 0.341423 1.18078 0.360017 1.180549 0.362103 1.186726 0.362103 1.186726 0.343339 1.186954 0.341423 1.18078 0.343339 1.186954 0.362103 1.186726 0.364177 1.193005 0.364177 1.193005 0.345234 1.193229 0.343339 1.186954 0.345234 1.193229 0.364177 1.193005 0.366233 1.199389 0.366233 1.199389 0.347106 1.19961 0.345234 1.193229 0.347106 1.19961 0.366233 1.199389 0.36827 1.205883 0.36827 1.205883 0.348952 1.206099 0.347106 1.19961 0.348952 1.206099 0.36827 1.205883 0.370283 1.21249 0.370283 1.21249 0.350768 1.212702 0.348952 1.206099 0.350768 1.212702 0.370283 1.21249 0.372271 1.219214 0.372271 1.219214 0.352552 1.219421 0.350768 1.212702 0.352552 1.219421 0.372271 1.219214 0.37423 1.226059 0.37423 1.226059 0.354302 1.22626 0.352552 1.219421 0.354302 1.22626 0.37423 1.226059 0.376157 1.233028 0.376157 1.233028 0.356013 1.233224 0.354302 1.22626 0.356013 1.233224 0.376157 1.233028 0.37805 1.240125 0.37805 1.240125 0.357685 1.240315 0.356013 1.233224 0.357685 1.240315 0.37805 1.240125 0.379905 1.247355 0.379905 1.247355 0.359314 1.247539 0.357685 1.240315 0.359314 1.247539 0.379905 1.247355 0.381721 1.254721 0.381721 1.254721 0.360898 1.254899 0.359314 1.247539 0.360898 1.254899 0.381721 1.254721 0.383495 1.262226 0.383495 1.262226 0.362435 1.262399 0.360898 1.254899 0.362435 1.262399 0.383495 1.262226 0.385224 1.269877 0.385224 1.269877 0.363922 1.270043 0.362435 1.262399 0.363922 1.270043 0.385224 1.269877 0.386907 1.277674 0.386907 1.277674 0.365359 1.277834 0.363922 1.270043 0.365359 1.277834 0.386907 1.277674 0.388541 1.285624 0.388541 1.285624 0.366742 1.285777 0.365359 1.277834 0.366742 1.285777 0.388541 1.285624 0.390125 1.293729 0.390125 1.293729 0.368071 1.293876 0.366742 1.285777 0.368071 1.293876 0.390125 1.293729 0.391656 1.301995 0.391656 1.301995 0.369344 1.302134 0.368071 1.293876 0.369344 1.302134 0.391656 1.301995 0.393133 1.310423 0.393133 1.310423 0.370559 1.310556 0.369344 1.302134 0.370559 1.310556 0.393133 1.310423 0.394554 1.31902 0.394554 1.31902 0.371715 1.319146 0.370559 1.310556 0.371715 1.319146 0.394554 1.31902 0.395918 1.327787 0.395918 1.327787 0.372811 1.327906 0.371715 1.319146 0.372811 1.327906 0.395918 1.327787 0.397224 1.33673 0.397224 1.33673 0.373846 1.336842 0.372811 1.327906 0.373846 1.336842 0.397224 1.33673 0.398471 1.345852 0.398471 1.345852 0.374821 1.345957 0.373846 1.336842 0.374821 1.345957 0.398471 1.345852 0.399659 1.355156 0.399659 1.355156 0.375734 1.355254 0.374821 1.345957 0.375734 1.355254 0.399659 1.355156 0.400786 1.364646 0.400786 1.364646 0.376586 1.364738 0.375734 1.355254 0.376586 1.364738 0.400786 1.364646 0.401852 1.374326 0.401852 1.374326 0.377377 1.374411 0.376586 1.364738 0.377377 1.374411 0.401852 1.374326 0.402857 1.384199 0.402857 1.384199 0.378105 1.384278 0.377377 1.374411 0.378105 1.384278 0.402857 1.384199 0.403801 1.394268 0.403801 1.394268 0.378773 1.394341 0.378105 1.384278 0.378773 1.394341 0.403801 1.394268 0.404684 1.404537 0.404684 1.404537 0.37938 1.404604 0.378773 1.394341 0.37938 1.404604 0.404684 1.404537 0.405505 1.415009 0.405505 1.415009 0.379927 1.415069 0.37938 1.404604 0.379927 1.415069 0.405505 1.415009 0.406266 1.425687 0.406266 1.425687 0.380415 1.425741 0.379927 1.415069 0.380415 1.425741 0.406266 1.425687 0.406966 1.436573 0.406966 1.436573 0.380845 1.436621 0.380415 1.425741 0.380845 1.436621 0.406966 1.436573 0.407607 1.44767 0.407607 1.44767 0.381219 1.447713 0.380845 1.436621 0.381219 1.447713 0.407607 1.44767 0.40819 1.458981 0.40819 1.458981 0.381538 1.459018 0.381219 1.447713 0.381538 1.459018 0.40819 1.458981 0.408716 1.470507 0.408716 1.470507 0.381804 1.47054 0.381538 1.459018 0.381804 1.47054 0.408716 1.470507 0.409186 1.482251 0.409186 1.482251 0.38202 1.482279 0.381804 1.47054 0.38202 1.482279 0.409186 1.482251 0.409602 1.494216 0.409602 1.494216 0.382187 1.494238 0.38202 1.482279 0.382187 1.494238 0.409602 1.494216 0.409966 1.506401 0.409966 1.506401 0.382308 1.506419 0.382187 1.494238 0.382308 1.506419 0.409966 1.506401 0.410281 1.518808 0.410281 1.518808 0.382387 1.518823 0.382308 1.506419 0.382387 1.518823 0.410281 1.518808 0.41055 1.531439 0.41055 1.531439 0.382428 1.53145 0.382387 1.518823 0.382428 1.53145 0.41055 1.531439 0.410775 1.544294 0.410775 1.544294 0.382433 1.544302 0.382428 1.53145 0.382433 1.544302 0.410775 1.544294 0.41096 1.557372 0.41096 1.557372 0.382409 1.557377 0.382433 1.544302 0.382409 1.557377 0.41096 1.557372 0.411106 1.570675 0.411106 1.570675 0.382356 1.570677 0.382409 1.557377 0.382356 1.570677 0.411106 1.570675 0.41122 1.584199 0.41122 1.584199 0.382283 1.5842 0.382356 1.570677 0.382283 1.5842 0.41122 1.584199 0.411303 1.597946 0.411303 1.597946 0.38219 1.597945 0.382283 1.5842 0.38219 1.597945 0.411303 1.597946 0.411356 1.611912 0.411356 1.611912 0.382083 1.611909 0.38219 1.597945 0.382083 1.611909 0.411356 1.611912 0.411383 1.626096 0.411383 1.626096 0.381964 1.626091 0.382083 1.611909 0.381964 1.626091 0.411383 1.626096 0.411384 1.640493 0.411384 1.640493 0.381836 1.640488 0.381964 1.626091 0.381836 1.640488 0.411384 1.640493 0.411363 1.6551 0.411363 1.6551 0.381703 1.655094 0.381836 1.640488 0.381703 1.655094 0.411363 1.6551 0.411318 1.669913 0.411318 1.669913 0.381568 1.669906 0.381703 1.655094 0.381568 1.669906 0.411318 1.669913 0.411254 1.684924 0.411254 1.684924 0.381435 1.684917 0.381568 1.669906 0.381435 1.684917 0.411254 1.684924 0.41117 1.700126 0.41117 1.700126 0.381308 1.700119 0.381435 1.684917 0.381308 1.700119 0.41117 1.700126 0.411072 1.715509 0.411072 1.715509 0.381195 1.715502 0.381308 1.700119 0.381195 1.715502 0.411072 1.715509 0.410962 1.731061 0.410962 1.731061 0.381104 1.731054 0.381195 1.715502 0.381104 1.731054 0.410962 1.731061 0.410848 1.746766 0.410848 1.746766 0.381048 1.74676 0.381104 1.731054 0.381048 1.74676 0.410848 1.746766 0.410738 1.762604 0.410738 1.762604 0.381043 1.762602 0.381048 1.74676 0.381043 1.762602 0.410738 1.762604 0.410646 1.778552 0.410646 1.778552 0.381112 1.778554 0.381043 1.762602 0.381112 1.778554 0.410646 1.778552 0.41059 1.794577 0.41059 1.794577 0.381286 1.794585 0.381112 1.778554 0.381286 1.794585 0.41059 1.794577 0.410595 1.810636 0.410595 1.810636 0.381607 1.810654 0.381286 1.794585 0.381607 1.810654 0.410595 1.810636 0.410701 1.826679 0.410701 1.826679 0.382135 1.826709 0.381607 1.810654 0.382135 1.826709 0.410701 1.826679 0.410961 1.842635 0.410961 1.842635 0.38295 1.842683 0.382135 1.826709 0.38295 1.842683 0.410961 1.842635 0.411453 1.858417 0.411453 1.858417 0.384163 1.85849 0.38295 1.842683 0.384163 1.85849 0.411453 1.858417 0.412282 1.873909 0.412282 1.873909 0.385921 1.874017 0.384163 1.85849 0.385921 1.874017 0.412282 1.873909 0.413591 1.888969 0.413591 1.888969 0.388417 1.889121 0.385921 1.874017 0.388417 1.889121 0.413591 1.888969 0.415554 1.903414 0.415554 1.903414 0.391878 1.903625 0.388417 1.889121 0.391878 1.903625 0.415554 1.903414 0.418371 1.917026 0.418371 1.917026 0.39656 1.917307 0.391878 1.903625 0.39656 1.917307 0.418371 1.917026 0.422227 1.929547 0.422227 1.929547 0.402685 1.929907 0.39656 1.917307 0.402685 1.929907 0.422227 1.929547 0.427215 1.940709 0.427215 1.940709 0.410332 1.941139 0.402685 1.929907 0.202651 1.01759 0.219982 1.017418 0.221181 1.022082 0.221181 1.022082 0.203944 1.02226 0.202651 1.01759 0.203944 1.02226 0.221181 1.022082 0.222428 1.026748 0.222428 1.026748 0.205278 1.026931 0.203944 1.02226 0.205278 1.026931 0.222428 1.026748 0.223722 1.031419 0.223722 1.031419 0.206648 1.031606 0.205278 1.026931 0.206648 1.031606 0.223722 1.031419 0.2250559 1.036098 0.2250559 1.036098 0.20805 1.036289 0.206648 1.031606 0.20805 1.036289 0.2250559 1.036098 0.226429 1.040787 0.226429 1.040787 0.20948 1.040981 0.20805 1.036289 0.20948 1.040981 0.226429 1.040787 0.227836 1.045489 0.227836 1.045489 0.210937 1.045687 0.20948 1.040981 0.210937 1.045687 0.227836 1.045489 0.229276 1.050207 0.229276 1.050207 0.212417 1.050407 0.210937 1.045687 0.212417 1.050407 0.229276 1.050207 0.230745 1.054943 0.230745 1.054943 0.213918 1.055145 0.212417 1.050407 0.213918 1.055145 0.230745 1.054943 0.232241 1.0597 0.232241 1.0597 0.215438 1.059903 0.213918 1.055145 0.215438 1.059903 0.232241 1.0597 0.2337599 1.064481 0.2337599 1.064481 0.2169719 1.064685 0.215438 1.059903 0.2169719 1.064685 0.2337599 1.064481 0.235301 1.069287 0.235301 1.069287 0.218519 1.069492 0.2169719 1.064685 0.218519 1.069492 0.235301 1.069287 0.236859 1.074123 0.236859 1.074123 0.220076 1.074328 0.218519 1.069492 0.220076 1.074328 0.236859 1.074123 0.238433 1.07899 0.238433 1.07899 0.221639 1.079196 0.220076 1.074328 0.221639 1.079196 0.238433 1.07899 0.240018 1.083892 0.240018 1.083892 0.223206 1.084097 0.221639 1.079196 0.223206 1.084097 0.240018 1.083892 0.241613 1.088831 0.241613 1.088831 0.224774 1.089035 0.223206 1.084097 0.224774 1.089035 0.241613 1.088831 0.2432129 1.093811 0.2432129 1.093811 0.226339 1.094013 0.224774 1.089035 0.226339 1.094013 0.2432129 1.093811 0.244816 1.098833 0.244816 1.098833 0.227898 1.099035 0.226339 1.094013 0.227898 1.099035 0.244816 1.098833 0.246419 1.103902 0.246419 1.103902 0.22945 1.104102 0.227898 1.099035 0.22945 1.104102 0.246419 1.103902 0.248019 1.109021 0.248019 1.109021 0.2309899 1.109218 0.22945 1.104102 0.2309899 1.109218 0.248019 1.109021 0.249613 1.114192 0.249613 1.114192 0.232516 1.114386 0.2309899 1.109218 0.232516 1.114386 0.249613 1.114192 0.251199 1.119418 0.251199 1.119418 0.234025 1.119609 0.232516 1.114386 0.234025 1.119609 0.251199 1.119418 0.252772 1.124703 0.252772 1.124703 0.2355149 1.124891 0.234025 1.119609 0.2355149 1.124891 0.252772 1.124703 0.25433 1.13005 0.25433 1.13005 0.236982 1.130234 0.2355149 1.124891 0.236982 1.130234 0.25433 1.13005 0.255871 1.135463 0.255871 1.135463 0.238423 1.135643 0.236982 1.130234 0.238423 1.135643 0.255871 1.135463 0.25739 1.140944 0.25739 1.140944 0.239835 1.141119 0.238423 1.135643 0.239835 1.141119 0.25739 1.140944 0.258885 1.146496 0.258885 1.146496 0.241215 1.146667 0.239835 1.141119 0.241215 1.146667 0.258885 1.146496 0.260353 1.152124 0.260353 1.152124 0.24256 1.15229 0.241215 1.146667 0.24256 1.15229 0.260353 1.152124 0.261791 1.157831 0.261791 1.157831 0.2438679 1.157991 0.24256 1.15229 0.2438679 1.157991 0.261791 1.157831 0.263195 1.163619 0.263195 1.163619 0.2451339 1.163774 0.2438679 1.157991 0.2451339 1.163774 0.263195 1.163619 0.264563 1.169494 0.264563 1.169494 0.246356 1.169643 0.2451339 1.163774 0.246356 1.169643 0.264563 1.169494 0.265892 1.175458 0.265892 1.175458 0.247532 1.1756 0.246356 1.169643 0.247532 1.1756 0.265892 1.175458 0.267177 1.181515 0.267177 1.181515 0.248658 1.181651 0.247532 1.1756 0.248658 1.181651 0.267177 1.181515 0.268417 1.187669 0.268417 1.187669 0.24973 1.187798 0.248658 1.181651 0.24973 1.187798 0.268417 1.187669 0.269609 1.193923 0.269609 1.193923 0.250748 1.194045 0.24973 1.187798 0.250748 1.194045 0.269609 1.193923 0.270751 1.200281 0.270751 1.200281 0.251708 1.200396 0.250748 1.194045 0.251708 1.200396 0.270751 1.200281 0.271839 1.206747 0.271839 1.206747 0.252609 1.206855 0.251708 1.200396 0.252609 1.206855 0.271839 1.206747 0.272872 1.213326 0.272872 1.213326 0.253446 1.213426 0.252609 1.206855 0.253446 1.213426 0.272872 1.213326 0.273847 1.22002 0.273847 1.22002 0.25422 1.220113 0.253446 1.213426 0.25422 1.220113 0.273847 1.22002 0.274762 1.226833 0.274762 1.226833 0.254928 1.226919 0.25422 1.220113 0.254928 1.226919 0.274762 1.226833 0.275616 1.233771 0.275616 1.233771 0.255568 1.233848 0.254928 1.226919 0.255568 1.233848 0.275616 1.233771 0.276407 1.240836 0.276407 1.240836 0.256138 1.240905 0.255568 1.233848 0.256138 1.240905 0.276407 1.240836 0.277132 1.248032 0.277132 1.248032 0.256638 1.248094 0.256138 1.240905 0.256638 1.248094 0.277132 1.248032 0.27779 1.255364 0.27779 1.255364 0.257065 1.255418 0.256638 1.248094 0.257065 1.255418 0.27779 1.255364 0.278381 1.262836 0.278381 1.262836 0.257419 1.262882 0.257065 1.255418 0.257419 1.262882 0.278381 1.262836 0.278903 1.270451 0.278903 1.270451 0.2577 1.270489 0.257419 1.262882 0.2577 1.270489 0.278903 1.270451 0.279355 1.278214 0.279355 1.278214 0.257905 1.278244 0.2577 1.270489 0.257905 1.278244 0.279355 1.278214 0.279736 1.286128 0.279736 1.286128 0.258035 1.286151 0.257905 1.278244 0.258035 1.286151 0.279736 1.286128 0.280045 1.294198 0.280045 1.294198 0.258089 1.294213 0.258035 1.286151 0.258089 1.294213 0.280045 1.294198 0.280282 1.302428 0.280282 1.302428 0.258066 1.302435 0.258089 1.294213 0.258066 1.302435 0.280282 1.302428 0.280447 1.310821 0.280447 1.310821 0.257968 1.31082 0.258066 1.302435 0.257968 1.31082 0.280447 1.310821 0.28054 1.319382 0.28054 1.319382 0.257793 1.319374 0.257968 1.31082 0.257793 1.319374 0.28054 1.319382 0.28056 1.328115 0.28056 1.328115 0.257543 1.3281 0.257793 1.319374 0.257543 1.3281 0.28056 1.328115 0.28051 1.337023 0.28051 1.337023 0.25722 1.337001 0.257543 1.3281 0.25722 1.337001 0.28051 1.337023 0.280391 1.346111 0.280391 1.346111 0.256826 1.346083 0.25722 1.337001 0.256826 1.346083 0.280391 1.346111 0.280204 1.355383 0.280204 1.355383 0.256362 1.355348 0.256826 1.346083 0.256362 1.355348 0.280204 1.355383 0.27995 1.364841 0.27995 1.364841 0.255829 1.3648 0.256362 1.355348 0.255829 1.3648 0.27995 1.364841 0.279631 1.374489 0.279631 1.374489 0.255231 1.374443 0.255829 1.3648 0.255231 1.374443 0.279631 1.374489 0.279249 1.384332 0.279249 1.384332 0.25457 1.384279 0.255231 1.374443 0.25457 1.384279 0.279249 1.384332 0.278806 1.394372 0.278806 1.394372 0.253848 1.394314 0.25457 1.384279 0.253848 1.394314 0.278806 1.394372 0.278305 1.404612 0.278305 1.404612 0.253067 1.40455 0.253848 1.394314 0.253067 1.40455 0.278305 1.404612 0.277748 1.415056 0.277748 1.415056 0.252232 1.41499 0.253067 1.40455 0.252232 1.41499 0.277748 1.415056 0.277138 1.425708 0.277138 1.425708 0.251345 1.425638 0.252232 1.41499 0.251345 1.425638 0.277138 1.425708 0.27648 1.43657 0.27648 1.43657 0.250412 1.436496 0.251345 1.425638 0.250412 1.436496 0.27648 1.43657 0.275777 1.447645 0.275777 1.447645 0.249437 1.447568 0.250412 1.436496 0.249437 1.447568 0.275777 1.447645 0.275032 1.458935 0.275032 1.458935 0.248425 1.458855 0.249437 1.447568 0.248425 1.458855 0.275032 1.458935 0.274252 1.470442 0.274252 1.470442 0.247379 1.47036 0.248425 1.458855 0.247379 1.47036 0.274252 1.470442 0.273439 1.482169 0.273439 1.482169 0.246307 1.482086 0.247379 1.47036 0.246307 1.482086 0.273439 1.482169 0.2726 1.494118 0.2726 1.494118 0.245214 1.494033 0.246307 1.482086 0.245214 1.494033 0.2726 1.494118 0.27174 1.506289 0.27174 1.506289 0.2441059 1.506204 0.245214 1.494033 0.2441059 1.506204 0.27174 1.506289 0.270866 1.518685 0.270866 1.518685 0.24299 1.5186 0.2441059 1.506204 0.24299 1.5186 0.270866 1.518685 0.269984 1.531306 0.269984 1.531306 0.2418749 1.531222 0.24299 1.5186 0.2418749 1.531222 0.269984 1.531306 0.269102 1.544153 0.269102 1.544153 0.240767 1.544071 0.2418749 1.531222 0.240767 1.544071 0.269102 1.544153 0.268228 1.557228 0.268228 1.557228 0.239678 1.557148 0.240767 1.544071 0.239678 1.557148 0.268228 1.557228 0.267371 1.570528 0.267371 1.570528 0.238616 1.570451 0.239678 1.557148 0.238616 1.570451 0.267371 1.570528 0.266538 1.584054 0.266538 1.584054 0.23759 1.583981 0.238616 1.570451 0.23759 1.583981 0.266538 1.584054 0.265738 1.597804 0.265738 1.597804 0.236611 1.597735 0.23759 1.583981 0.236611 1.597735 0.265738 1.597804 0.26498 1.611775 0.26498 1.611775 0.235687 1.611711 0.236611 1.597735 0.235687 1.611711 0.26498 1.611775 0.26427 1.625965 0.26427 1.625965 0.2348279 1.625906 0.235687 1.611711 0.2348279 1.625906 0.26427 1.625965 0.263619 1.640372 0.263619 1.640372 0.234044 1.640319 0.2348279 1.625906 0.234044 1.640319 0.263619 1.640372 0.263035 1.65499 0.263035 1.65499 0.233344 1.654944 0.234044 1.640319 0.233344 1.654944 0.263035 1.65499 0.262528 1.669815 0.262528 1.669815 0.2327409 1.669777 0.233344 1.654944 0.2327409 1.669777 0.262528 1.669815 0.26211 1.684843 0.26211 1.684843 0.232248 1.684813 0.2327409 1.669777 0.232248 1.684813 0.26211 1.684843 0.261797 1.700064 0.261797 1.700064 0.231883 1.700044 0.232248 1.684813 0.231883 1.700044 0.261797 1.700064 0.261608 1.715471 0.261608 1.715471 0.2316679 1.715462 0.231883 1.700044 0.2316679 1.715462 0.261608 1.715471 0.261569 1.731053 0.261569 1.731053 0.231634 1.731057 0.2316679 1.715462 0.231634 1.731057 0.261569 1.731053 0.261715 1.746795 0.261715 1.746795 0.23182 1.746816 0.231634 1.731057 0.23182 1.746816 0.261715 1.746795 0.262092 1.762683 0.262092 1.762683 0.232277 1.762724 0.23182 1.746816 0.232277 1.762724 0.262092 1.762683 0.262758 1.778693 0.262758 1.778693 0.233074 1.778759 0.232277 1.762724 0.233074 1.778759 0.262758 1.778693 0.263789 1.7948 0.263789 1.7948 0.234295 1.794896 0.233074 1.778759 0.234295 1.794896 0.263789 1.7948 0.265287 1.810966 0.265287 1.810966 0.236056 1.8111 0.234295 1.794896 0.236056 1.8111 0.265287 1.810966 0.267388 1.827146 0.267388 1.827146 0.2385089 1.827329 0.236056 1.8111 0.2385089 1.827329 0.267388 1.827146 0.27027 1.843285 0.27027 1.843285 0.241854 1.843531 0.2385089 1.827329 0.241854 1.843531 0.27027 1.843285 0.274173 1.859306 0.274173 1.859306 0.24636 1.859633 0.241854 1.843531 0.24636 1.859633 0.274173 1.859306 0.279406 1.875112 0.279406 1.875112 0.252378 1.875542 0.24636 1.859633 0.252378 1.875542 0.279406 1.875112 0.286367 1.890571 0.286367 1.890571 0.260356 1.891134 0.252378 1.875542 0.260356 1.891134 0.286367 1.890571 0.295532 1.905519 0.295532 1.905519 0.270842 1.906247 0.260356 1.891134 0.270842 1.906247 0.295532 1.905519 0.307438 1.919729 0.307438 1.919729 0.284466 1.920656 0.270842 1.906247 0.284466 1.920656 0.307438 1.919729 0.322587 1.932912 0.322587 1.932912 0.301842 1.934062 0.284466 1.920656 0.301842 1.934062 0.322587 1.932912 0.341233 1.944707 0.341233 1.944707 0.323315 1.946075 0.301842 1.934062 0.11579 1.018681 0.13317 1.018429 0.1348839 1.023106 0.1348839 1.023106 0.117624 1.023354 0.11579 1.018681 0.117624 1.023354 0.1348839 1.023106 0.13659 1.027781 0.13659 1.027781 0.119427 1.028025 0.117624 1.023354 0.119427 1.028025 0.13659 1.027781 0.1382859 1.032459 0.1382859 1.032459 0.121205 1.032699 0.119427 1.028025 0.121205 1.032699 0.1382859 1.032459 0.139972 1.037143 0.139972 1.037143 0.122964 1.037379 0.121205 1.032699 0.122964 1.037379 0.139972 1.037143 0.1416479 1.041835 0.1416479 1.041835 0.124703 1.042068 0.122964 1.037379 0.124703 1.042068 0.1416479 1.041835 0.143314 1.046539 0.143314 1.046539 0.126424 1.046769 0.124703 1.042068 0.126424 1.046769 0.143314 1.046539 0.144969 1.051257 0.144969 1.051257 0.128125 1.051483 0.126424 1.046769 0.128125 1.051483 0.144969 1.051257 0.14661 1.055991 0.14661 1.055991 0.129804 1.056213 0.128125 1.051483 0.129804 1.056213 0.14661 1.055991 0.148236 1.060744 0.148236 1.060744 0.131458 1.060962 0.129804 1.056213 0.131458 1.060962 0.148236 1.060744 0.149843 1.065519 0.149843 1.065519 0.133086 1.065733 0.131458 1.060962 0.133086 1.065733 0.149843 1.065519 0.1514289 1.070319 0.1514289 1.070319 0.134685 1.070528 0.133086 1.065733 0.134685 1.070528 0.1514289 1.070319 0.152992 1.075145 0.152992 1.075145 0.1362529 1.075349 0.134685 1.070528 0.1362529 1.075349 0.152992 1.075145 0.154528 1.080001 0.154528 1.080001 0.137785 1.080199 0.1362529 1.075349 0.137785 1.080199 0.154528 1.080001 0.1560339 1.08489 0.1560339 1.08489 0.1392779 1.085082 0.137785 1.080199 0.1392779 1.085082 0.1560339 1.08489 0.157506 1.089814 0.157506 1.089814 0.14073 1.09 0.1392779 1.085082 0.14073 1.09 0.157506 1.089814 0.158942 1.094777 0.158942 1.094777 0.142136 1.094956 0.14073 1.09 0.142136 1.094956 0.158942 1.094777 0.1603389 1.099781 0.1603389 1.099781 0.143495 1.099954 0.142136 1.094956 0.143495 1.099954 0.1603389 1.099781 0.161694 1.10483 0.161694 1.10483 0.144802 1.104996 0.143495 1.099954 0.144802 1.104996 0.161694 1.10483 0.1630049 1.109927 0.1630049 1.109927 0.146057 1.110085 0.144802 1.104996 0.146057 1.110085 0.1630049 1.109927 0.164269 1.115075 0.164269 1.115075 0.147258 1.115226 0.146057 1.110085 0.147258 1.115226 0.164269 1.115075 0.1654829 1.120277 0.1654829 1.120277 0.148401 1.12042 0.147258 1.115226 0.148401 1.12042 0.1654829 1.120277 0.166646 1.125536 0.166646 1.125536 0.149484 1.125671 0.148401 1.12042 0.149484 1.125671 0.166646 1.125536 0.167755 1.130855 0.167755 1.130855 0.150505 1.130982 0.149484 1.125671 0.150505 1.130982 0.167755 1.130855 0.168806 1.136238 0.168806 1.136238 0.15146 1.136357 0.150505 1.130982 0.15146 1.136357 0.168806 1.136238 0.169798 1.141689 0.169798 1.141689 0.152348 1.141798 0.15146 1.136357 0.152348 1.141798 0.169798 1.141689 0.170726 1.147209 0.170726 1.147209 0.153165 1.14731 0.152348 1.141798 0.153165 1.14731 0.170726 1.147209 0.171588 1.152804 0.171588 1.152804 0.153908 1.152895 0.153165 1.14731 0.153908 1.152895 0.171588 1.152804 0.172381 1.158476 0.172381 1.158476 0.154575 1.158558 0.153908 1.152895 0.154575 1.158558 0.172381 1.158476 0.173104 1.164228 0.173104 1.164228 0.155162 1.164301 0.154575 1.158558 0.155162 1.164301 0.173104 1.164228 0.1737509 1.170065 0.1737509 1.170065 0.155667 1.170128 0.155162 1.164301 0.155667 1.170128 0.1737509 1.170065 0.174322 1.175991 0.174322 1.175991 0.1560879 1.176043 0.155667 1.170128 0.1560879 1.176043 0.174322 1.175991 0.174813 1.182008 0.174813 1.182008 0.15642 1.18205 0.1560879 1.176043 0.15642 1.18205 0.174813 1.182008 0.17522 1.188121 0.17522 1.188121 0.156662 1.188153 0.15642 1.18205 0.156662 1.188153 0.17522 1.188121 0.175544 1.194334 0.175544 1.194334 0.156813 1.194355 0.156662 1.188153 0.156813 1.194355 0.175544 1.194334 0.175781 1.20065 0.175781 1.20065 0.15687 1.200661 0.156813 1.194355 0.15687 1.200661 0.175781 1.20065 0.17593 1.207074 0.17593 1.207074 0.156831 1.207074 0.15687 1.200661 0.156831 1.207074 0.17593 1.207074 0.17599 1.213609 0.17599 1.213609 0.156696 1.213599 0.156831 1.207074 0.156696 1.213599 0.17599 1.213609 0.175959 1.220259 0.175959 1.220259 0.156464 1.220239 0.156696 1.213599 0.156464 1.220239 0.175959 1.220259 0.175836 1.227029 0.175836 1.227029 0.156132 1.226999 0.156464 1.220239 0.156132 1.226999 0.175836 1.227029 0.175619 1.233922 0.175619 1.233922 0.1557 1.233882 0.156132 1.226999 0.1557 1.233882 0.175619 1.233922 0.175307 1.240943 0.175307 1.240943 0.155167 1.240892 0.1557 1.233882 0.155167 1.240892 0.175307 1.240943 0.174901 1.248096 0.174901 1.248096 0.154533 1.248035 0.155167 1.240892 0.154533 1.248035 0.174901 1.248096 0.1744 1.255385 0.1744 1.255385 0.153798 1.255314 0.154533 1.248035 0.153798 1.255314 0.1744 1.255385 0.1738049 1.262813 0.1738049 1.262813 0.152965 1.262733 0.153798 1.255314 0.152965 1.262733 0.1738049 1.262813 0.173116 1.270386 0.173116 1.270386 0.152032 1.270296 0.152965 1.262733 0.152032 1.270296 0.173116 1.270386 0.172332 1.278106 0.172332 1.278106 0.150999 1.278006 0.152032 1.270296 0.150999 1.278006 0.172332 1.278106 0.1714529 1.285978 0.1714529 1.285978 0.149868 1.28587 0.150999 1.278006 0.149868 1.28587 0.1714529 1.285978 0.170481 1.294007 0.170481 1.294007 0.148636 1.293889 0.149868 1.28587 0.148636 1.293889 0.170481 1.294007 0.169413 1.302196 0.169413 1.302196 0.147306 1.302069 0.148636 1.293889 0.147306 1.302069 0.169413 1.302196 0.168252 1.310549 0.168252 1.310549 0.145877 1.310414 0.147306 1.302069 0.145877 1.310414 0.168252 1.310549 0.1669999 1.319072 0.1669999 1.319072 0.144352 1.318929 0.145877 1.310414 0.144352 1.318929 0.1669999 1.319072 0.165659 1.327769 0.165659 1.327769 0.142735 1.327618 0.144352 1.318929 0.142735 1.327618 0.165659 1.327769 0.164234 1.336643 0.164234 1.336643 0.141031 1.336485 0.142735 1.327618 0.141031 1.336485 0.164234 1.336643 0.162729 1.345698 0.162729 1.345698 0.139245 1.345533 0.141031 1.336485 0.139245 1.345533 0.162729 1.345698 0.1611469 1.354938 0.1611469 1.354938 0.137381 1.354768 0.139245 1.345533 0.137381 1.354768 0.1611469 1.354938 0.159493 1.364367 0.159493 1.364367 0.135443 1.364191 0.137381 1.354768 0.135443 1.364191 0.159493 1.364367 0.157768 1.373988 0.157768 1.373988 0.1334339 1.373807 0.135443 1.364191 0.1334339 1.373807 0.157768 1.373988 0.155978 1.383805 0.155978 1.383805 0.131358 1.38362 0.1334339 1.373807 0.131358 1.38362 0.155978 1.383805 0.154126 1.393821 0.154126 1.393821 0.12922 1.393632 0.131358 1.38362 0.12922 1.393632 0.154126 1.393821 0.152216 1.404041 0.152216 1.404041 0.127025 1.403848 0.12922 1.393632 0.127025 1.403848 0.152216 1.404041 0.150255 1.414467 0.150255 1.414467 0.124778 1.414271 0.127025 1.403848 0.124778 1.414271 0.150255 1.414467 0.148247 1.425103 0.148247 1.425103 0.122485 1.424905 0.124778 1.414271 0.122485 1.424905 0.148247 1.425103 0.146201 1.435952 0.146201 1.435952 0.120158 1.435753 0.122485 1.424905 0.120158 1.435753 0.146201 1.435952 0.1441259 1.447016 0.1441259 1.447016 0.117804 1.446817 0.120158 1.435753 0.117804 1.446817 0.1441259 1.447016 0.142027 1.458299 0.142027 1.458299 0.115429 1.458099 0.117804 1.446817 0.115429 1.458099 0.142027 1.458299 0.1399109 1.469802 0.1399109 1.469802 0.1130419 1.469603 0.115429 1.458099 0.1130419 1.469603 0.1399109 1.469802 0.137787 1.481527 0.137787 1.481527 0.110651 1.48133 0.1130419 1.469603 0.110651 1.48133 0.137787 1.481527 0.135662 1.493477 0.135662 1.493477 0.108264 1.493283 0.110651 1.48133 0.108264 1.493283 0.135662 1.493477 0.133545 1.505654 0.133545 1.505654 0.105891 1.505463 0.108264 1.493283 0.105891 1.505463 0.133545 1.505654 0.131448 1.518058 0.131448 1.518058 0.1035439 1.517871 0.105891 1.505463 0.1035439 1.517871 0.131448 1.518058 0.129379 1.530692 0.129379 1.530692 0.101232 1.53051 0.1035439 1.517871 0.101232 1.53051 0.129379 1.530692 0.127353 1.543558 0.127353 1.543558 0.09896898 1.543382 0.101232 1.53051 0.09896898 1.543382 0.127353 1.543558 0.125384 1.556653 0.125384 1.556653 0.096776 1.556485 0.09896898 1.543382 0.096776 1.556485 0.125384 1.556653 0.123488 1.56998 0.123488 1.56998 0.094666 1.56982 0.096776 1.556485 0.094666 1.56982 0.123488 1.56998 0.121677 1.583535 0.121677 1.583535 0.092655 1.583385 0.094666 1.56982 0.092655 1.583385 0.121677 1.583535 0.119966 1.597318 0.119966 1.597318 0.09075796 1.597179 0.092655 1.583385 0.09075796 1.597179 0.119966 1.597318 0.118369 1.611327 0.118369 1.611327 0.088988 1.611199 0.09075796 1.597179 0.088988 1.611199 0.118369 1.611327 0.116897 1.625558 0.116897 1.625558 0.08735901 1.625443 0.088988 1.611199 0.08735901 1.625443 0.116897 1.625558 0.115565 1.64001 0.115565 1.64001 0.08588695 1.639907 0.08735901 1.625443 0.08588695 1.639907 0.115565 1.64001 0.114389 1.654677 0.114389 1.654677 0.08458596 1.654589 0.08588695 1.639907 0.08458596 1.654589 0.114389 1.654677 0.113383 1.669557 0.113383 1.669557 0.083476 1.669484 0.08458596 1.654589 0.083476 1.669484 0.113383 1.669557 0.112569 1.684643 0.112569 1.684643 0.08257496 1.684587 0.083476 1.669484 0.08257496 1.684587 0.112569 1.684643 0.111969 1.699931 0.111969 1.699931 0.08190798 1.699893 0.08257496 1.684587 0.08190798 1.699893 0.111969 1.699931 0.111614 1.715413 0.111614 1.715413 0.08150696 1.715397 0.08190798 1.699893 0.08150696 1.715397 0.111614 1.715413 0.111545 1.731085 0.111545 1.731085 0.08141398 1.731092 0.08150696 1.715397 0.08141398 1.731092 0.111545 1.731085 0.111822 1.746935 0.111822 1.746935 0.08169299 1.746971 0.08141398 1.731092 0.08169299 1.746971 0.111822 1.746935 0.11252 1.762952 0.11252 1.762952 0.08242696 1.763021 0.08169299 1.746971 0.08242696 1.763021 0.11252 1.762952 0.113733 1.77912 0.113733 1.77912 0.083714 1.77923 0.08242696 1.763021 0.083714 1.77923 0.113733 1.77912 0.115578 1.795419 0.115578 1.795419 0.08567595 1.795579 0.083714 1.77923 0.08567595 1.795579 0.115578 1.795419 0.118211 1.811826 0.118211 1.811826 0.08847498 1.812047 0.08567595 1.795579 0.08847498 1.812047 0.118211 1.811826 0.121837 1.82831 0.121837 1.82831 0.09232497 1.828608 0.08847498 1.812047 0.09232497 1.828608 0.121837 1.82831 0.126729 1.844836 0.126729 1.844836 0.09751498 1.84523 0.09232497 1.828608 0.09751498 1.84523 0.126729 1.844836 0.1332589 1.861355 0.1332589 1.861355 0.104437 1.861873 0.09751498 1.84523 0.104437 1.861873 0.1332589 1.861355 0.1419219 1.877799 0.1419219 1.877799 0.113612 1.878476 0.104437 1.861873 0.113612 1.878476 0.1419219 1.877799 0.1533679 1.894077 0.1533679 1.894077 0.125739 1.894962 0.113612 1.878476 0.125739 1.894962 0.1533679 1.894077 0.168455 1.91006 0.168455 1.91006 0.141749 1.911213 0.125739 1.894962 0.141749 1.911213 0.168455 1.91006 0.188271 1.925554 0.188271 1.925554 0.16286 1.927052 0.141749 1.911213 0.16286 1.927052 0.188271 1.925554 0.214134 1.940253 0.214134 1.940253 0.190613 1.942188 0.16286 1.927052 0.190613 1.942188 0.214134 1.940253 0.247386 1.953668 0.247386 1.953668 0.226702 1.956126 0.190613 1.942188 0.571368 1.016387 0.587121 1.01643 0.586918 1.020664 0.586918 1.020664 0.571194 1.020653 0.571368 1.016387 0.571194 1.020653 0.586918 1.020664 0.586951 1.024915 0.586951 1.024915 0.571248 1.024936 0.571194 1.020653 0.571248 1.024936 0.586951 1.024915 0.587213 1.029187 0.587213 1.029187 0.571523 1.029239 0.571248 1.024936 0.571523 1.029239 0.587213 1.029187 0.587697 1.033481 0.587697 1.033481 0.572012 1.033563 0.571523 1.029239 0.572012 1.033563 0.587697 1.033481 0.588397 1.037801 0.588397 1.037801 0.57271 1.037912 0.572012 1.033563 0.57271 1.037912 0.588397 1.037801 0.589309 1.042149 0.589309 1.042149 0.573613 1.042287 0.57271 1.037912 0.573613 1.042287 0.589309 1.042149 0.590428 1.046526 0.590428 1.046526 0.574717 1.04669 0.573613 1.042287 0.574717 1.04669 0.590428 1.046526 0.591751 1.050936 0.591751 1.050936 0.576017 1.051126 0.574717 1.04669 0.576017 1.051126 0.591751 1.050936 0.593274 1.055379 0.593274 1.055379 0.57751 1.055594 0.576017 1.051126 0.57751 1.055594 0.593274 1.055379 0.594995 1.05986 0.594995 1.05986 0.579194 1.060099 0.57751 1.055594 0.579194 1.060099 0.594995 1.05986 0.59691 1.064379 0.59691 1.064379 0.581066 1.064642 0.579194 1.060099 0.581066 1.064642 0.59691 1.064379 0.599017 1.068941 0.599017 1.068941 0.583121 1.069226 0.581066 1.064642 0.583121 1.069226 0.599017 1.068941 0.601313 1.073546 0.601313 1.073546 0.585358 1.073854 0.583121 1.069226 0.585358 1.073854 0.601313 1.073546 0.603795 1.078199 0.603795 1.078199 0.587774 1.078529 0.585358 1.073854 0.587774 1.078529 0.603795 1.078199 0.606459 1.082902 0.606459 1.082902 0.590365 1.083252 0.587774 1.078529 0.590365 1.083252 0.606459 1.082902 0.609305 1.087658 0.609305 1.087658 0.593128 1.088028 0.590365 1.083252 0.593128 1.088028 0.609305 1.087658 0.612327 1.092469 0.612327 1.092469 0.596061 1.092859 0.593128 1.088028 0.596061 1.092859 0.612327 1.092469 0.615522 1.097339 0.615522 1.097339 0.599159 1.097748 0.596061 1.092859 0.599159 1.097748 0.615522 1.097339 0.618887 1.102272 0.618887 1.102272 0.602419 1.102699 0.599159 1.097748 0.602419 1.102699 0.618887 1.102272 0.622418 1.10727 0.622418 1.10727 0.605836 1.107714 0.602419 1.102699 0.605836 1.107714 0.622418 1.10727 0.626109 1.112336 0.626109 1.112336 0.609407 1.112796 0.605836 1.107714 0.609407 1.112796 0.626109 1.112336 0.629956 1.117474 0.629956 1.117474 0.613126 1.11795 0.609407 1.112796 0.613126 1.11795 0.629956 1.117474 0.633955 1.122687 0.633955 1.122687 0.616989 1.123177 0.613126 1.11795 0.616989 1.123177 0.633955 1.122687 0.638099 1.127977 0.638099 1.127977 0.620991 1.128482 0.616989 1.123177 0.620991 1.128482 0.638099 1.127977 0.642384 1.13335 0.642384 1.13335 0.625127 1.133867 0.620991 1.128482 0.625127 1.133867 0.642384 1.13335 0.646805 1.138806 0.646805 1.138806 0.629392 1.139336 0.625127 1.133867 0.629392 1.139336 0.646805 1.138806 0.651357 1.144351 0.651357 1.144351 0.633781 1.144892 0.629392 1.139336 0.633781 1.144892 0.651357 1.144351 0.656035 1.149987 0.656035 1.149987 0.638289 1.150538 0.633781 1.144892 0.638289 1.150538 0.656035 1.149987 0.660833 1.155717 0.660833 1.155717 0.64291 1.156278 0.638289 1.150538 0.64291 1.156278 0.660833 1.155717 0.665746 1.161545 0.665746 1.161545 0.64764 1.162115 0.64291 1.156278 0.64764 1.162115 0.665746 1.161545 0.670767 1.167475 0.670767 1.167475 0.652474 1.168053 0.64764 1.162115 0.652474 1.168053 0.670767 1.167475 0.675892 1.173509 0.675892 1.173509 0.657404 1.174094 0.652474 1.168053 0.657404 1.174094 0.675892 1.173509 0.681116 1.179651 0.681116 1.179651 0.662427 1.180243 0.657404 1.174094 0.662427 1.180243 0.681116 1.179651 0.686431 1.185905 0.686431 1.185905 0.667537 1.186502 0.662427 1.180243 0.667537 1.186502 0.686431 1.185905 0.691834 1.192274 0.691834 1.192274 0.672727 1.192876 0.667537 1.186502 0.672727 1.192876 0.691834 1.192274 0.697318 1.198761 0.697318 1.198761 0.677994 1.199368 0.672727 1.192876 0.677994 1.199368 0.697318 1.198761 0.702878 1.20537 0.702878 1.20537 0.683332 1.205981 0.677994 1.199368 0.683332 1.205981 0.702878 1.20537 0.708509 1.212105 0.708509 1.212105 0.688735 1.212718 0.683332 1.205981 0.688735 1.212718 0.708509 1.212105 0.714204 1.218969 0.714204 1.218969 0.694197 1.219585 0.688735 1.212718 0.694197 1.219585 0.714204 1.218969 0.719959 1.225966 0.719959 1.225966 0.699714 1.226583 0.694197 1.219585 0.699714 1.226583 0.719959 1.225966 0.725767 1.2331 0.725767 1.2331 0.705281 1.233717 0.699714 1.226583 0.705281 1.233717 0.725767 1.2331 0.731625 1.240373 0.731625 1.240373 0.710891 1.240991 0.705281 1.233717 0.710891 1.240991 0.731625 1.240373 0.737526 1.247791 0.737526 1.247791 0.71654 1.248408 0.710891 1.240991 0.71654 1.248408 0.737526 1.247791 0.743464 1.255356 0.743464 1.255356 0.722221 1.255972 0.71654 1.248408 0.722221 1.255972 0.743464 1.255356 0.74943 1.263074 0.74943 1.263074 0.727927 1.263687 0.722221 1.255972 0.727927 1.263687 0.74943 1.263074 0.75542 1.270947 0.75542 1.270947 0.733653 1.271557 0.727927 1.263687 0.733653 1.271557 0.75542 1.270947 0.761426 1.278978 0.761426 1.278978 0.739391 1.279585 0.733653 1.271557 0.739391 1.279585 0.761426 1.278978 0.767442 1.287172 0.767442 1.287172 0.745137 1.287775 0.739391 1.279585 0.745137 1.287775 0.767442 1.287172 0.773463 1.295533 0.773463 1.295533 0.750884 1.296131 0.745137 1.287775 0.750884 1.296131 0.773463 1.295533 0.77948 1.304064 0.77948 1.304064 0.756625 1.304656 0.750884 1.296131 0.756625 1.304656 0.77948 1.304064 0.785486 1.312769 0.785486 1.312769 0.762353 1.313355 0.756625 1.304656 0.762353 1.313355 0.785486 1.312769 0.791474 1.321651 0.791474 1.321651 0.768061 1.32223 0.762353 1.313355 0.768061 1.32223 0.791474 1.321651 0.797438 1.330714 0.797438 1.330714 0.773743 1.331285 0.768061 1.32223 0.773743 1.331285 0.797438 1.330714 0.803371 1.339961 0.803371 1.339961 0.779393 1.340524 0.773743 1.331285 0.779393 1.340524 0.803371 1.339961 0.809266 1.349396 0.809266 1.349396 0.785005 1.349951 0.779393 1.340524 0.785005 1.349951 0.809266 1.349396 0.815118 1.359022 0.815118 1.359022 0.790572 1.359567 0.785005 1.349951 0.790572 1.359567 0.815118 1.359022 0.820917 1.368843 0.820917 1.368843 0.796085 1.369379 0.790572 1.359567 0.796085 1.369379 0.820917 1.368843 0.826655 1.378863 0.826655 1.378863 0.801538 1.379388 0.796085 1.369379 0.801538 1.379388 0.826655 1.378863 0.832324 1.389084 0.832324 1.389084 0.806922 1.389598 0.801538 1.379388 0.806922 1.389598 0.832324 1.389084 0.837913 1.39951 0.837913 1.39951 0.812229 1.400011 0.806922 1.389598 0.812229 1.400011 0.837913 1.39951 0.843416 1.410143 0.843416 1.410143 0.81745 1.410632 0.812229 1.400011 0.81745 1.410632 0.843416 1.410143 0.848823 1.420987 0.848823 1.420987 0.822579 1.421462 0.81745 1.410632 0.822579 1.421462 0.848823 1.420987 0.854126 1.432043 0.854126 1.432043 0.827606 1.432504 0.822579 1.421462 0.827606 1.432504 0.854126 1.432043 0.859317 1.443314 0.859317 1.443314 0.832524 1.443761 0.827606 1.432504 0.832524 1.443761 0.859317 1.443314 0.864386 1.454804 0.864386 1.454804 0.837323 1.455236 0.832524 1.443761 0.837323 1.455236 0.864386 1.454804 0.86932 1.466514 0.86932 1.466514 0.841992 1.46693 0.837323 1.455236 0.841992 1.46693 0.86932 1.466514 0.874106 1.478447 0.874106 1.478447 0.846519 1.478846 0.841992 1.46693 0.846519 1.478846 0.874106 1.478447 0.878729 1.490603 0.878729 1.490603 0.850892 1.490984 0.846519 1.478846 0.850892 1.490984 0.878729 1.490603 0.883181 1.502982 0.883181 1.502982 0.855102 1.503345 0.850892 1.490984 0.855102 1.503345 0.883181 1.502982 0.887455 1.515584 0.887455 1.515584 0.859144 1.515929 0.855102 1.503345 0.859144 1.515929 0.887455 1.515584 0.891547 1.52841 0.891547 1.52841 0.863011 1.528736 0.859144 1.515929 0.863011 1.528736 0.891547 1.52841 0.895451 1.541459 0.895451 1.541459 0.866699 1.541767 0.863011 1.528736 0.866699 1.541767 0.895451 1.541459 0.899162 1.554734 0.899162 1.554734 0.8702 1.555023 0.866699 1.541767 0.8702 1.555023 0.899162 1.554734 0.90267 1.568235 0.90267 1.568235 0.873508 1.568504 0.8702 1.555023 0.873508 1.568504 0.90267 1.568235 0.905964 1.581963 0.905964 1.581963 0.87661 1.582212 0.873508 1.568504 0.87661 1.582212 0.905964 1.581963 0.90903 1.595917 0.90903 1.595917 0.879495 1.596145 0.87661 1.582212 0.879495 1.596145 0.90903 1.595917 0.911853 1.610098 0.911853 1.610098 0.882148 1.610304 0.879495 1.596145 0.882148 1.610304 0.911853 1.610098 0.914414 1.624503 0.914414 1.624503 0.884551 1.624687 0.882148 1.610304 0.884551 1.624687 0.914414 1.624503 0.916695 1.639133 0.916695 1.639133 0.886687 1.639293 0.884551 1.624687 0.886687 1.639293 0.916695 1.639133 0.918676 1.653984 0.918676 1.653984 0.888535 1.654119 0.886687 1.639293 0.888535 1.654119 0.918676 1.653984 0.920327 1.669057 0.920327 1.669057 0.890068 1.669164 0.888535 1.654119 0.890068 1.669164 0.920327 1.669057 0.921613 1.684347 0.921613 1.684347 0.891253 1.684425 0.890068 1.669164 0.891253 1.684425 0.921613 1.684347 0.922499 1.69985 0.922499 1.69985 0.892056 1.699896 0.891253 1.684425 0.892056 1.699896 0.922499 1.69985 0.922942 1.715561 0.922942 1.715561 0.892434 1.715573 0.892056 1.699896 0.892434 1.715573 0.922942 1.715561 0.92289 1.731477 0.92289 1.731477 0.892335 1.731451 0.892434 1.715573 0.892335 1.731451 0.92289 1.731477 0.922275 1.747591 0.922275 1.747591 0.891692 1.747523 0.892335 1.731451 0.891692 1.747523 0.922275 1.747591 0.921002 1.763902 0.921002 1.763902 0.890411 1.763784 0.891692 1.747523 0.890411 1.763784 0.921002 1.763902 0.918944 1.7804 0.918944 1.7804 0.888371 1.780223 0.890411 1.763784 0.888371 1.780223 0.918944 1.7804 0.915937 1.797075 0.915937 1.797075 0.885412 1.796829 0.888371 1.780223 0.885412 1.796829 0.915937 1.797075 0.911766 1.813917 0.911766 1.813917 0.881327 1.813585 0.885412 1.796829 0.881327 1.813585 0.911766 1.813917 0.906143 1.830906 0.906143 1.830906 0.875835 1.830469 0.881327 1.813585 0.875835 1.830469 0.906143 1.830906 0.898682 1.84802 0.898682 1.84802 0.868569 1.84745 0.875835 1.830469 0.868569 1.84745 0.898682 1.84802 0.88886 1.865224 0.88886 1.865224 0.859031 1.864484 0.868569 1.84745 0.859031 1.864484 0.88886 1.865224 0.875973 1.882462 0.875973 1.882462 0.846563 1.881506 0.859031 1.864484 0.846563 1.881506 0.875973 1.882462 0.859086 1.899641 0.859086 1.899641 0.830305 1.898406 0.846563 1.881506 0.830305 1.898406 0.859086 1.899641 0.836976 1.916613 0.836976 1.916613 0.809157 1.915022 0.830305 1.898406 0.809157 1.915022 0.836976 1.916613 0.80809 1.933123 0.80809 1.933123 0.781772 1.931083 0.809157 1.915022 0.781772 1.931083 0.80809 1.933123 0.770587 1.948738 0.770587 1.948738 0.74667 1.946154 0.781772 1.931083 0.74667 1.946154 0.770587 1.948738 0.722653 1.962707 0.722653 1.962707 0.702665 1.95952 0.74667 1.946154 0.490864 1.016267 0.507174 1.016276 0.507173 1.02066 0.507173 1.02066 0.490912 1.020676 0.490864 1.016267 0.490912 1.020676 0.507173 1.02066 0.507358 1.025057 0.507358 1.025057 0.49114 1.025098 0.490912 1.020676 0.49114 1.025098 0.507358 1.025057 0.507729 1.02947 0.507729 1.02947 0.491543 1.029536 0.49114 1.025098 0.491543 1.029536 0.507729 1.02947 0.50828 1.033901 0.50828 1.033901 0.492119 1.03399 0.491543 1.029536 0.492119 1.03399 0.50828 1.033901 0.50901 1.038352 0.50901 1.038352 0.492865 1.038465 0.492119 1.03399 0.492865 1.038465 0.50901 1.038352 0.509913 1.042827 0.509913 1.042827 0.493777 1.042962 0.492865 1.038465 0.493777 1.042962 0.509913 1.042827 0.510988 1.047328 0.510988 1.047328 0.494852 1.047485 0.493777 1.042962 0.494852 1.047485 0.510988 1.047328 0.51223 1.051856 0.51223 1.051856 0.496087 1.052034 0.494852 1.047485 0.496087 1.052034 0.51223 1.051856 0.513636 1.056416 0.513636 1.056416 0.497479 1.056614 0.496087 1.052034 0.497479 1.056614 0.513636 1.056416 0.515202 1.061008 0.515202 1.061008 0.499024 1.061225 0.497479 1.056614 0.499024 1.061225 0.515202 1.061008 0.516927 1.065636 0.516927 1.065636 0.500718 1.065872 0.499024 1.061225 0.500718 1.065872 0.516927 1.065636 0.518805 1.070303 0.518805 1.070303 0.50256 1.070557 0.500718 1.065872 0.50256 1.070557 0.518805 1.070303 0.520835 1.07501 0.520835 1.07501 0.504544 1.075282 0.50256 1.070557 0.504544 1.075282 0.520835 1.07501 0.523013 1.079762 0.523013 1.079762 0.50667 1.08005 0.504544 1.075282 0.50667 1.08005 0.523013 1.079762 0.525336 1.08456 0.525336 1.08456 0.508932 1.084864 0.50667 1.08005 0.508932 1.084864 0.525336 1.08456 0.5278 1.089407 0.5278 1.089407 0.511328 1.089727 0.508932 1.084864 0.511328 1.089727 0.5278 1.089407 0.530402 1.094307 0.530402 1.094307 0.513854 1.094642 0.511328 1.089727 0.513854 1.094642 0.530402 1.094307 0.533139 1.099262 0.533139 1.099262 0.516507 1.099611 0.513854 1.094642 0.516507 1.099611 0.533139 1.099262 0.536006 1.104275 0.536006 1.104275 0.519283 1.104638 0.516507 1.099611 0.519283 1.104638 0.536006 1.104275 0.539 1.10935 0.539 1.10935 0.522178 1.109726 0.519283 1.104638 0.522178 1.109726 0.539 1.10935 0.542117 1.11449 0.542117 1.11449 0.525189 1.114877 0.522178 1.109726 0.525189 1.114877 0.542117 1.11449 0.545353 1.119697 0.545353 1.119697 0.52831 1.120096 0.525189 1.114877 0.52831 1.120096 0.545353 1.119697 0.548704 1.124975 0.548704 1.124975 0.531539 1.125385 0.52831 1.120096 0.531539 1.125385 0.548704 1.124975 0.552164 1.130328 0.552164 1.130328 0.534871 1.130748 0.531539 1.125385 0.534871 1.130748 0.552164 1.130328 0.55573 1.135758 0.55573 1.135758 0.538301 1.136187 0.534871 1.130748 0.538301 1.136187 0.55573 1.135758 0.559398 1.141268 0.559398 1.141268 0.541825 1.141706 0.538301 1.136187 0.541825 1.141706 0.559398 1.141268 0.563162 1.146863 0.563162 1.146863 0.545439 1.147308 0.541825 1.141706 0.545439 1.147308 0.563162 1.146863 0.567018 1.152544 0.567018 1.152544 0.549139 1.152997 0.545439 1.147308 0.549139 1.152997 0.567018 1.152544 0.570961 1.158317 0.570961 1.158317 0.552919 1.158776 0.549139 1.152997 0.552919 1.158776 0.570961 1.158317 0.574987 1.164183 0.574987 1.164183 0.556774 1.164649 0.552919 1.158776 0.556774 1.164649 0.574987 1.164183 0.579091 1.170147 0.579091 1.170147 0.560701 1.170618 0.556774 1.164649 0.560701 1.170618 0.579091 1.170147 0.583267 1.176212 0.583267 1.176212 0.564695 1.176687 0.560701 1.170618 0.564695 1.176687 0.583267 1.176212 0.587511 1.182382 0.587511 1.182382 0.56875 1.182861 0.564695 1.176687 0.56875 1.182861 0.587511 1.182382 0.591819 1.188659 0.591819 1.188659 0.572862 1.189141 0.56875 1.182861 0.572862 1.189141 0.591819 1.188659 0.596184 1.195048 0.596184 1.195048 0.577027 1.195533 0.572862 1.189141 0.577027 1.195533 0.596184 1.195048 0.600604 1.201552 0.600604 1.201552 0.581239 1.202039 0.577027 1.195533 0.581239 1.202039 0.600604 1.201552 0.605072 1.208175 0.605072 1.208175 0.585495 1.208663 0.581239 1.202039 0.585495 1.208663 0.605072 1.208175 0.609584 1.21492 0.609584 1.21492 0.589788 1.215408 0.585495 1.208663 0.589788 1.215408 0.609584 1.21492 0.614135 1.221791 0.614135 1.221791 0.594116 1.222279 0.589788 1.215408 0.594116 1.222279 0.614135 1.221791 0.61872 1.228791 0.61872 1.228791 0.598473 1.229279 0.594116 1.222279 0.598473 1.229279 0.61872 1.228791 0.623335 1.235925 0.623335 1.235925 0.602854 1.236412 0.598473 1.229279 0.602854 1.236412 0.623335 1.235925 0.627974 1.243195 0.627974 1.243195 0.607254 1.243681 0.602854 1.236412 0.607254 1.243681 0.627974 1.243195 0.632633 1.250607 0.632633 1.250607 0.61167 1.251091 0.607254 1.243681 0.61167 1.251091 0.632633 1.250607 0.637307 1.258163 0.637307 1.258163 0.616096 1.258644 0.61167 1.251091 0.616096 1.258644 0.637307 1.258163 0.64199 1.265868 0.64199 1.265868 0.620527 1.266346 0.616096 1.258644 0.620527 1.266346 0.64199 1.265868 0.646676 1.273725 0.646676 1.273725 0.624958 1.274199 0.620527 1.266346 0.624958 1.274199 0.646676 1.273725 0.651362 1.281737 0.651362 1.281737 0.629385 1.282207 0.624958 1.274199 0.629385 1.282207 0.651362 1.281737 0.656042 1.28991 0.656042 1.28991 0.633801 1.290375 0.629385 1.282207 0.633801 1.290375 0.656042 1.28991 0.660711 1.298245 0.660711 1.298245 0.638204 1.298705 0.633801 1.290375 0.638204 1.298705 0.660711 1.298245 0.665362 1.306748 0.665362 1.306748 0.642586 1.307202 0.638204 1.298705 0.642586 1.307202 0.665362 1.306748 0.669992 1.315422 0.669992 1.315422 0.646944 1.31587 0.642586 1.307202 0.646944 1.31587 0.669992 1.315422 0.674594 1.32427 0.674594 1.32427 0.651273 1.324711 0.646944 1.31587 0.651273 1.324711 0.674594 1.32427 0.679163 1.333296 0.679163 1.333296 0.655566 1.33373 0.651273 1.324711 0.655566 1.33373 0.679163 1.333296 0.683694 1.342503 0.683694 1.342503 0.659821 1.34293 0.655566 1.33373 0.659821 1.34293 0.683694 1.342503 0.688183 1.351896 0.688183 1.351896 0.664031 1.352315 0.659821 1.34293 0.664031 1.352315 0.688183 1.351896 0.692622 1.361478 0.692622 1.361478 0.668191 1.361888 0.664031 1.352315 0.668191 1.361888 0.692622 1.361478 0.697007 1.371251 0.697007 1.371251 0.672297 1.371652 0.668191 1.361888 0.672297 1.371652 0.697007 1.371251 0.701332 1.38122 0.701332 1.38122 0.676343 1.381612 0.672297 1.371652 0.676343 1.381612 0.701332 1.38122 0.705591 1.391388 0.705591 1.391388 0.680323 1.39177 0.676343 1.381612 0.680323 1.39177 0.705591 1.391388 0.709778 1.401757 0.709778 1.401757 0.684232 1.402129 0.680323 1.39177 0.684232 1.402129 0.709778 1.401757 0.713886 1.412332 0.713886 1.412332 0.688065 1.412693 0.684232 1.402129 0.688065 1.412693 0.713886 1.412332 0.717911 1.423113 0.717911 1.423113 0.691815 1.423463 0.688065 1.412693 0.691815 1.423463 0.717911 1.423113 0.721844 1.434105 0.721844 1.434105 0.695478 1.434443 0.691815 1.423463 0.695478 1.434443 0.721844 1.434105 0.725681 1.445309 0.725681 1.445309 0.699047 1.445636 0.695478 1.434443 0.699047 1.445636 0.725681 1.445309 0.729414 1.456728 0.729414 1.456728 0.702516 1.457043 0.699047 1.445636 0.702516 1.457043 0.729414 1.456728 0.733037 1.468365 0.733037 1.468365 0.705878 1.468667 0.702516 1.457043 0.705878 1.468667 0.733037 1.468365 0.73654 1.48022 0.73654 1.48022 0.709129 1.480509 0.705878 1.468667 0.709129 1.480509 0.73654 1.48022 0.739919 1.492296 0.739919 1.492296 0.71226 1.492571 0.709129 1.480509 0.71226 1.492571 0.739919 1.492296 0.743167 1.504593 0.743167 1.504593 0.715268 1.504855 0.71226 1.492571 0.715268 1.504855 0.743167 1.504593 0.746277 1.517113 0.746277 1.517113 0.718146 1.51736 0.715268 1.504855 0.718146 1.51736 0.746277 1.517113 0.749247 1.529855 0.749247 1.529855 0.720891 1.530089 0.718146 1.51736 0.720891 1.530089 0.749247 1.529855 0.752069 1.54282 0.752069 1.54282 0.723497 1.54304 0.720891 1.530089 0.723497 1.54304 0.752069 1.54282 0.754739 1.556009 0.754739 1.556009 0.725961 1.556214 0.723497 1.54304 0.725961 1.556214 0.754739 1.556009 0.757251 1.569422 0.757251 1.569422 0.728276 1.569613 0.725961 1.556214 0.728276 1.569613 0.757251 1.569422 0.759597 1.583059 0.759597 1.583059 0.730434 1.583234 0.728276 1.569613 0.730434 1.583234 0.759597 1.583059 0.761768 1.596919 0.761768 1.596919 0.732429 1.597079 0.730434 1.583234 0.732429 1.597079 0.761768 1.596919 0.763754 1.611002 0.763754 1.611002 0.73425 1.611144 0.732429 1.597079 0.73425 1.611144 0.763754 1.611002 0.76554 1.625305 0.76554 1.625305 0.735886 1.625431 0.73425 1.611144 0.735886 1.625431 0.76554 1.625305 0.767114 1.639827 0.767114 1.639827 0.737324 1.639935 0.735886 1.625431 0.737324 1.639935 0.767114 1.639827 0.768457 1.654564 0.768457 1.654564 0.738546 1.654654 0.737324 1.639935 0.738546 1.654654 0.768457 1.654564 0.76955 1.669515 0.76955 1.669515 0.739536 1.669584 0.738546 1.654654 0.739536 1.669584 0.76955 1.669515 0.770367 1.684673 0.770367 1.684673 0.740269 1.684721 0.739536 1.669584 0.740269 1.684721 0.770367 1.684673 0.770879 1.700034 0.770879 1.700034 0.740718 1.700058 0.740269 1.684721 0.740718 1.700058 0.770879 1.700034 0.771049 1.71559 0.771049 1.71559 0.740849 1.715587 0.740718 1.700058 0.740849 1.715587 0.771049 1.71559 0.770833 1.731332 0.770833 1.731332 0.740619 1.7313 0.740849 1.715587 0.740619 1.7313 0.770833 1.731332 0.770171 1.74725 0.770171 1.74725 0.739975 1.747186 0.740619 1.7313 0.739975 1.747186 0.770171 1.74725 0.768988 1.763333 0.768988 1.763333 0.738845 1.76323 0.739975 1.747186 0.738845 1.76323 0.768988 1.763333 0.767186 1.779562 0.767186 1.779562 0.737138 1.779414 0.738845 1.76323 0.737138 1.779414 0.767186 1.779562 0.764634 1.795917 0.764634 1.795917 0.734736 1.795715 0.737138 1.779414 0.734736 1.795715 0.764634 1.795917 0.761167 1.812367 0.761167 1.812367 0.731485 1.8121 0.734736 1.795715 0.731485 1.8121 0.761167 1.812367 0.756566 1.828873 0.756566 1.828873 0.727187 1.828527 0.731485 1.8121 0.727187 1.828527 0.756566 1.828873 0.750551 1.845385 0.750551 1.845385 0.721585 1.84494 0.727187 1.828527 0.721585 1.84494 0.750551 1.845385 0.742759 1.861829 0.742759 1.861829 0.714356 1.861262 0.721585 1.84494 0.714356 1.861262 0.742759 1.861829 0.732736 1.878107 0.732736 1.878107 0.705096 1.87739 0.714356 1.861262 0.705096 1.87739 0.732736 1.878107 0.719926 1.894078 0.719926 1.894078 0.693323 1.893178 0.705096 1.87739 0.693323 1.893178 0.719926 1.894078 0.703689 1.909545 0.703689 1.909545 0.678496 1.908427 0.693323 1.893178 0.678496 1.908427 0.703689 1.909545 0.683368 1.924232 0.683368 1.924232 0.660086 1.922867 0.678496 1.908427 0.660086 1.922867 0.683368 1.924232 0.658464 1.93776 0.658464 1.93776 0.637743 1.93614 0.660086 1.922867 0.637743 1.93614 0.658464 1.93776 0.628992 1.949639 0.628992 1.949639 0.611624 1.947803 0.637743 1.93614 0.407979 1.016343 0.424719 1.01631 0.424995 1.020811 0.424995 1.020811 0.408318 1.020864 0.407979 1.016343 0.408318 1.020864 0.424995 1.020811 0.425416 1.025322 0.425416 1.025322 0.408795 1.025394 0.408318 1.020864 0.408795 1.025394 0.425416 1.025322 0.42598 1.029846 0.42598 1.029846 0.409406 1.029936 0.408795 1.025394 0.409406 1.029936 0.42598 1.029846 0.426685 1.034384 0.426685 1.034384 0.41015 1.034493 0.409406 1.029936 0.41015 1.034493 0.426685 1.034384 0.427527 1.03894 0.427527 1.03894 0.411022 1.039066 0.41015 1.034493 0.411022 1.039066 0.427527 1.03894 0.428503 1.043516 0.428503 1.043516 0.412022 1.043659 0.411022 1.039066 0.412022 1.043659 0.428503 1.043516 0.429611 1.048113 0.429611 1.048113 0.413144 1.048273 0.412022 1.043659 0.413144 1.048273 0.429611 1.048113 0.430847 1.052736 0.430847 1.052736 0.414388 1.052911 0.413144 1.048273 0.414388 1.052911 0.430847 1.052736 0.432209 1.057386 0.432209 1.057386 0.415748 1.057576 0.414388 1.052911 0.415748 1.057576 0.432209 1.057386 0.433692 1.062065 0.433692 1.062065 0.417223 1.06227 0.415748 1.057576 0.417223 1.06227 0.433692 1.062065 0.435294 1.066778 0.435294 1.066778 0.418808 1.066996 0.417223 1.06227 0.418808 1.066996 0.435294 1.066778 0.437012 1.071525 0.437012 1.071525 0.420501 1.071756 0.418808 1.066996 0.420501 1.071756 0.437012 1.071525 0.438843 1.07631 0.438843 1.07631 0.422299 1.076554 0.420501 1.071756 0.422299 1.076554 0.438843 1.07631 0.440782 1.081136 0.440782 1.081136 0.424198 1.081392 0.422299 1.076554 0.424198 1.081392 0.440782 1.081136 0.442827 1.086005 0.442827 1.086005 0.426195 1.086272 0.424198 1.081392 0.426195 1.086272 0.442827 1.086005 0.444975 1.09092 0.444975 1.09092 0.428286 1.091198 0.426195 1.086272 0.428286 1.091198 0.444975 1.09092 0.447222 1.095885 0.447222 1.095885 0.430469 1.096173 0.428286 1.091198 0.430469 1.096173 0.447222 1.095885 0.449564 1.100902 0.449564 1.100902 0.432739 1.101199 0.430469 1.096173 0.432739 1.101199 0.449564 1.100902 0.451999 1.105974 0.451999 1.105974 0.435095 1.10628 0.432739 1.101199 0.435095 1.10628 0.451999 1.105974 0.454522 1.111104 0.454522 1.111104 0.437531 1.111419 0.435095 1.10628 0.437531 1.111419 0.454522 1.111104 0.45713 1.116296 0.45713 1.116296 0.440044 1.116619 0.437531 1.111419 0.440044 1.116619 0.45713 1.116296 0.459819 1.121552 0.459819 1.121552 0.44263 1.121882 0.440044 1.116619 0.44263 1.121882 0.459819 1.121552 0.462586 1.126876 0.462586 1.126876 0.445287 1.127212 0.44263 1.121882 0.445287 1.127212 0.462586 1.126876 0.465425 1.13227 0.465425 1.13227 0.448009 1.132613 0.445287 1.127212 0.448009 1.132613 0.465425 1.13227 0.468335 1.137739 0.468335 1.137739 0.450793 1.138087 0.448009 1.132613 0.450793 1.138087 0.468335 1.137739 0.47131 1.143285 0.47131 1.143285 0.453636 1.143638 0.450793 1.138087 0.453636 1.143638 0.47131 1.143285 0.474347 1.148912 0.474347 1.148912 0.456533 1.149269 0.453636 1.143638 0.456533 1.149269 0.474347 1.148912 0.47744 1.154623 0.47744 1.154623 0.459481 1.154984 0.456533 1.149269 0.459481 1.154984 0.47744 1.154623 0.480587 1.160421 0.480587 1.160421 0.462474 1.160786 0.459481 1.154984 0.462474 1.160786 0.480587 1.160421 0.483783 1.166311 0.483783 1.166311 0.46551 1.166678 0.462474 1.160786 0.46551 1.166678 0.483783 1.166311 0.487024 1.172295 0.487024 1.172295 0.468584 1.172663 0.46551 1.166678 0.468584 1.172663 0.487024 1.172295 0.490305 1.178376 0.490305 1.178376 0.471691 1.178747 0.468584 1.172663 0.471691 1.178747 0.490305 1.178376 0.493623 1.184559 0.493623 1.184559 0.474829 1.184931 0.471691 1.178747 0.474829 1.184931 0.493623 1.184559 0.496973 1.190847 0.496973 1.190847 0.477993 1.191219 0.474829 1.184931 0.477993 1.191219 0.496973 1.190847 0.500351 1.197244 0.500351 1.197244 0.481178 1.197616 0.477993 1.191219 0.481178 1.197616 0.500351 1.197244 0.503753 1.203753 0.503753 1.203753 0.484381 1.204124 0.481178 1.197616 0.484381 1.204124 0.503753 1.203753 0.507175 1.210377 0.507175 1.210377 0.487598 1.210748 0.484381 1.204124 0.487598 1.210748 0.507175 1.210377 0.510612 1.217122 0.510612 1.217122 0.490826 1.21749 0.487598 1.210748 0.490826 1.21749 0.510612 1.217122 0.514062 1.223989 0.514062 1.223989 0.494059 1.224356 0.490826 1.21749 0.494059 1.224356 0.514062 1.223989 0.517519 1.230984 0.517519 1.230984 0.497294 1.231348 0.494059 1.224356 0.497294 1.231348 0.517519 1.230984 0.52098 1.238109 0.52098 1.238109 0.500528 1.238471 0.497294 1.231348 0.500528 1.238471 0.52098 1.238109 0.52444 1.245369 0.52444 1.245369 0.503757 1.245727 0.500528 1.238471 0.503757 1.245727 0.52444 1.245369 0.527896 1.252767 0.527896 1.252767 0.506976 1.253122 0.503757 1.245727 0.506976 1.253122 0.527896 1.252767 0.531345 1.260307 0.531345 1.260307 0.510183 1.260658 0.506976 1.253122 0.510183 1.260658 0.531345 1.260307 0.534781 1.267994 0.534781 1.267994 0.513373 1.26834 0.510183 1.260658 0.513373 1.26834 0.534781 1.267994 0.538201 1.27583 0.538201 1.27583 0.516543 1.276172 0.513373 1.26834 0.516543 1.276172 0.538201 1.27583 0.5416 1.28382 0.5416 1.28382 0.519688 1.284156 0.516543 1.276172 0.519688 1.284156 0.5416 1.28382 0.544976 1.291967 0.544976 1.291967 0.522807 1.292298 0.519688 1.284156 0.522807 1.292298 0.544976 1.291967 0.548325 1.300275 0.548325 1.300275 0.525894 1.300601 0.522807 1.292298 0.525894 1.300601 0.548325 1.300275 0.551642 1.308749 0.551642 1.308749 0.528947 1.309068 0.525894 1.300601 0.528947 1.309068 0.551642 1.308749 0.554924 1.317391 0.554924 1.317391 0.531962 1.317704 0.528947 1.309068 0.531962 1.317704 0.554924 1.317391 0.558168 1.326205 0.558168 1.326205 0.534936 1.326512 0.531962 1.317704 0.534936 1.326512 0.558168 1.326205 0.561368 1.335196 0.561368 1.335196 0.537865 1.335496 0.534936 1.326512 0.537865 1.335496 0.561368 1.335196 0.564523 1.344367 0.564523 1.344367 0.540746 1.344659 0.537865 1.335496 0.540746 1.344659 0.564523 1.344367 0.567628 1.353721 0.567628 1.353721 0.543577 1.354006 0.540746 1.344659 0.543577 1.354006 0.567628 1.353721 0.570681 1.363262 0.570681 1.363262 0.546354 1.363539 0.543577 1.354006 0.546354 1.363539 0.570681 1.363262 0.573677 1.372993 0.573677 1.372993 0.549074 1.373262 0.546354 1.363539 0.549074 1.373262 0.573677 1.372993 0.576613 1.382917 0.576613 1.382917 0.551733 1.383179 0.549074 1.373262 0.551733 1.383179 0.576613 1.382917 0.579485 1.393039 0.579485 1.393039 0.55433 1.393292 0.551733 1.383179 0.55433 1.393292 0.579485 1.393039 0.58229 1.403361 0.58229 1.403361 0.55686 1.403606 0.55433 1.393292 0.55686 1.403606 0.58229 1.403361 0.585025 1.413886 0.585025 1.413886 0.559322 1.414122 0.55686 1.403606 0.559322 1.414122 0.585025 1.413886 0.587686 1.424617 0.587686 1.424617 0.561711 1.424844 0.559322 1.414122 0.561711 1.424844 0.587686 1.424617 0.59027 1.435556 0.59027 1.435556 0.564026 1.435774 0.561711 1.424844 0.564026 1.435774 0.59027 1.435556 0.592772 1.446707 0.592772 1.446707 0.566263 1.446915 0.564026 1.435774 0.566263 1.446915 0.592772 1.446707 0.595191 1.45807 0.595191 1.45807 0.56842 1.45827 0.566263 1.446915 0.56842 1.45827 0.595191 1.45807 0.597521 1.46965 0.597521 1.46965 0.570493 1.46984 0.56842 1.45827 0.570493 1.46984 0.597521 1.46965 0.599761 1.481447 0.599761 1.481447 0.572481 1.481627 0.570493 1.46984 0.572481 1.481627 0.599761 1.481447 0.601907 1.493463 0.601907 1.493463 0.57438 1.493633 0.572481 1.481627 0.57438 1.493633 0.601907 1.493463 0.603956 1.5057 0.603956 1.5057 0.576189 1.505861 0.57438 1.493633 0.576189 1.505861 0.603956 1.5057 0.605905 1.518158 0.605905 1.518158 0.577906 1.518309 0.576189 1.505861 0.577906 1.518309 0.605905 1.518158 0.607753 1.530839 0.607753 1.530839 0.579529 1.53098 0.577906 1.518309 0.579529 1.53098 0.607753 1.530839 0.609497 1.543742 0.609497 1.543742 0.581057 1.543874 0.579529 1.53098 0.581057 1.543874 0.609497 1.543742 0.611134 1.556868 0.611134 1.556868 0.582488 1.55699 0.581057 1.543874 0.582488 1.55699 0.611134 1.556868 0.612662 1.570217 0.612662 1.570217 0.583819 1.570329 0.582488 1.55699 0.583819 1.570329 0.612662 1.570217 0.614076 1.583788 0.614076 1.583788 0.585048 1.583891 0.583819 1.570329 0.585048 1.583891 0.614076 1.583788 0.615373 1.597581 0.615373 1.597581 0.586172 1.597674 0.585048 1.583891 0.586172 1.597674 0.615373 1.597581 0.616546 1.611594 0.616546 1.611594 0.587185 1.611676 0.586172 1.597674 0.587185 1.611676 0.616546 1.611594 0.61759 1.625824 0.61759 1.625824 0.588083 1.625896 0.587185 1.611676 0.588083 1.625896 0.61759 1.625824 0.618496 1.64027 0.618496 1.64027 0.588858 1.64033 0.588083 1.625896 0.588858 1.64033 0.618496 1.64027 0.619254 1.654928 0.619254 1.654928 0.589502 1.654976 0.588858 1.64033 0.589502 1.654976 0.619254 1.654928 0.619851 1.669792 0.619851 1.669792 0.590006 1.669828 0.589502 1.654976 0.590006 1.669828 0.619851 1.669792 0.620273 1.684859 0.620273 1.684859 0.590355 1.684881 0.590006 1.669828 0.590355 1.684881 0.620273 1.684859 0.620502 1.700119 0.620502 1.700119 0.590536 1.700127 0.590355 1.684881 0.590536 1.700127 0.620502 1.700119 0.620516 1.715564 0.620516 1.715564 0.59053 1.715556 0.590536 1.700127 0.59053 1.715556 0.620516 1.715564 0.620288 1.731184 0.620288 1.731184 0.590313 1.731158 0.59053 1.715556 0.590313 1.731158 0.620288 1.731184 0.619782 1.746963 0.619782 1.746963 0.589855 1.746918 0.590313 1.731158 0.589855 1.746918 0.619782 1.746963 0.618954 1.762884 0.618954 1.762884 0.58912 1.762817 0.589855 1.746918 0.58912 1.762817 0.618954 1.762884 0.617748 1.778925 0.617748 1.778925 0.588062 1.778831 0.58912 1.762817 0.588062 1.778831 0.617748 1.778925 0.616091 1.795053 0.616091 1.795053 0.586619 1.794929 0.588062 1.778831 0.586619 1.794929 0.616091 1.795053 0.613891 1.811232 0.613891 1.811232 0.584717 1.811071 0.586619 1.794929 0.584717 1.811071 0.613891 1.811232 0.611033 1.827409 0.611033 1.827409 0.582263 1.827205 0.584717 1.811071 0.582263 1.827205 0.611033 1.827409 0.607375 1.843518 0.607375 1.843518 0.579143 1.843263 0.582263 1.827205 0.579143 1.843263 0.607375 1.843518 0.602742 1.859471 0.602742 1.859471 0.575221 1.859153 0.579143 1.843263 0.575221 1.859153 0.602742 1.859471 0.596933 1.87515 0.596933 1.87515 0.57034 1.87476 0.575221 1.859153 0.57034 1.87476 0.596933 1.87515 0.589722 1.890405 0.589722 1.890405 0.564334 1.889931 0.57034 1.87476 0.564334 1.889931 0.589722 1.890405 0.58089 1.90504 0.58089 1.90504 0.557048 1.904473 0.564334 1.889931 0.557048 1.904473 0.58089 1.90504 0.570272 1.918814 0.570272 1.918814 0.54838 1.918151 0.557048 1.904473 0.54838 1.918151 0.570272 1.918814 0.557846 1.931439 0.557846 1.931439 0.538352 1.930689 0.54838 1.918151 0.538352 1.930689 0.557846 1.931439 0.543858 1.942609 0.543858 1.942609 0.527199 1.941798 0.538352 1.930689 0.306167 1.016755 0.323279 1.01666 0.323969 1.021262 0.323969 1.021262 0.306935 1.021371 0.306167 1.016755 0.306935 1.021371 0.323969 1.021262 0.324757 1.025872 0.324757 1.025872 0.307793 1.025993 0.306935 1.021371 0.307793 1.025993 0.324757 1.025872 0.325642 1.030491 0.325642 1.030491 0.30874 1.030624 0.307793 1.025993 0.30874 1.030624 0.325642 1.030491 0.326618 1.03512 0.326618 1.03512 0.30977 1.035265 0.30874 1.030624 0.30977 1.035265 0.326618 1.03512 0.327684 1.039764 0.327684 1.039764 0.310881 1.039919 0.30977 1.035265 0.310881 1.039919 0.327684 1.039764 0.328835 1.044424 0.328835 1.044424 0.312071 1.044589 0.310881 1.039919 0.312071 1.044589 0.328835 1.044424 0.33007 1.049102 0.33007 1.049102 0.313334 1.049277 0.312071 1.044589 0.313334 1.049277 0.33007 1.049102 0.331384 1.053802 0.331384 1.053802 0.31467 1.053985 0.313334 1.049277 0.31467 1.053985 0.331384 1.053802 0.332776 1.058525 0.332776 1.058525 0.316074 1.058717 0.31467 1.053985 0.316074 1.058717 0.332776 1.058525 0.334241 1.063275 0.334241 1.063275 0.317543 1.063475 0.316074 1.058717 0.317543 1.063475 0.334241 1.063275 0.335776 1.068054 0.335776 1.068054 0.319075 1.068261 0.317543 1.063475 0.319075 1.068261 0.335776 1.068054 0.337379 1.072864 0.337379 1.072864 0.320666 1.073078 0.319075 1.068261 0.320666 1.073078 0.337379 1.072864 0.339047 1.077709 0.339047 1.077709 0.322314 1.07793 0.320666 1.073078 0.322314 1.07793 0.339047 1.077709 0.340775 1.082592 0.340775 1.082592 0.324014 1.082818 0.322314 1.07793 0.324014 1.082818 0.340775 1.082592 0.342562 1.087514 0.342562 1.087514 0.325765 1.087746 0.324014 1.082818 0.325765 1.087746 0.342562 1.087514 0.344404 1.092479 0.344404 1.092479 0.327562 1.092716 0.325765 1.087746 0.327562 1.092716 0.344404 1.092479 0.346297 1.097491 0.346297 1.097491 0.329403 1.097732 0.327562 1.092716 0.329403 1.097732 0.346297 1.097491 0.348239 1.102551 0.348239 1.102551 0.331285 1.102796 0.329403 1.097732 0.331285 1.102796 0.348239 1.102551 0.350226 1.107663 0.350226 1.107663 0.333203 1.107911 0.331285 1.102796 0.333203 1.107911 0.350226 1.107663 0.352254 1.11283 0.352254 1.11283 0.335156 1.113081 0.333203 1.107911 0.335156 1.113081 0.352254 1.11283 0.354321 1.118056 0.354321 1.118056 0.337139 1.118309 0.335156 1.113081 0.337139 1.118309 0.354321 1.118056 0.356424 1.123342 0.356424 1.123342 0.33915 1.123598 0.337139 1.118309 0.33915 1.123598 0.356424 1.123342 0.358558 1.128693 0.358558 1.128693 0.341185 1.12895 0.33915 1.123598 0.341185 1.12895 0.358558 1.128693 0.36072 1.134112 0.36072 1.134112 0.34324 1.13437 0.341185 1.12895 0.34324 1.13437 0.36072 1.134112 0.362908 1.139601 0.362908 1.139601 0.345313 1.13986 0.34324 1.13437 0.345313 1.13986 0.362908 1.139601 0.365117 1.145165 0.365117 1.145165 0.3474 1.145424 0.345313 1.13986 0.3474 1.145424 0.365117 1.145165 0.367343 1.150806 0.367343 1.150806 0.349497 1.151065 0.3474 1.145424 0.349497 1.151065 0.367343 1.150806 0.369584 1.156529 0.369584 1.156529 0.351601 1.156787 0.349497 1.151065 0.351601 1.156787 0.369584 1.156529 0.371836 1.162335 0.371836 1.162335 0.353708 1.162592 0.351601 1.156787 0.353708 1.162592 0.371836 1.162335 0.374094 1.16823 0.374094 1.16823 0.355816 1.168485 0.353708 1.162592 0.355816 1.168485 0.374094 1.16823 0.376356 1.174216 0.376356 1.174216 0.35792 1.17447 0.355816 1.168485 0.35792 1.17447 0.376356 1.174216 0.378619 1.180298 0.378619 1.180298 0.360017 1.180549 0.35792 1.17447 0.360017 1.180549 0.378619 1.180298 0.380878 1.186477 0.380878 1.186477 0.362103 1.186726 0.360017 1.180549 0.362103 1.186726 0.380878 1.186477 0.38313 1.192759 0.38313 1.192759 0.364177 1.193005 0.362103 1.186726 0.364177 1.193005 0.38313 1.192759 0.385371 1.199147 0.385371 1.199147 0.366233 1.199389 0.364177 1.193005 0.366233 1.199389 0.385371 1.199147 0.3876 1.205645 0.3876 1.205645 0.36827 1.205883 0.366233 1.199389 0.36827 1.205883 0.3876 1.205645 0.389812 1.212256 0.389812 1.212256 0.370283 1.21249 0.36827 1.205883 0.370283 1.21249 0.389812 1.212256 0.392004 1.218984 0.392004 1.218984 0.372271 1.219214 0.370283 1.21249 0.372271 1.219214 0.392004 1.218984 0.394173 1.225834 0.394173 1.225834 0.37423 1.226059 0.372271 1.219214 0.37423 1.226059 0.394173 1.225834 0.396316 1.232808 0.396316 1.232808 0.376157 1.233028 0.37423 1.226059 0.376157 1.233028 0.396316 1.232808 0.39843 1.23991 0.39843 1.23991 0.37805 1.240125 0.376157 1.233028 0.37805 1.240125 0.39843 1.23991 0.400513 1.247146 0.400513 1.247146 0.379905 1.247355 0.37805 1.240125 0.379905 1.247355 0.400513 1.247146 0.402561 1.254517 0.402561 1.254517 0.381721 1.254721 0.379905 1.247355 0.381721 1.254721 0.402561 1.254517 0.404572 1.262029 0.404572 1.262029 0.383495 1.262226 0.381721 1.254721 0.383495 1.262226 0.404572 1.262029 0.406543 1.269685 0.406543 1.269685 0.385224 1.269877 0.383495 1.262226 0.385224 1.269877 0.406543 1.269685 0.408473 1.277489 0.408473 1.277489 0.386907 1.277674 0.385224 1.269877 0.386907 1.277674 0.408473 1.277489 0.410358 1.285445 0.410358 1.285445 0.388541 1.285624 0.386907 1.277674 0.388541 1.285624 0.410358 1.285445 0.412197 1.293557 0.412197 1.293557 0.390125 1.293729 0.388541 1.285624 0.390125 1.293729 0.412197 1.293557 0.413986 1.301829 0.413986 1.301829 0.391656 1.301995 0.390125 1.293729 0.391656 1.301995 0.413986 1.301829 0.415725 1.310264 0.415725 1.310264 0.393133 1.310423 0.391656 1.301995 0.393133 1.310423 0.415725 1.310264 0.417411 1.318867 0.417411 1.318867 0.394554 1.31902 0.393133 1.310423 0.394554 1.31902 0.417411 1.318867 0.419043 1.327642 0.419043 1.327642 0.395918 1.327787 0.394554 1.31902 0.395918 1.327787 0.419043 1.327642 0.42062 1.336591 0.42062 1.336591 0.397224 1.33673 0.395918 1.327787 0.397224 1.33673 0.42062 1.336591 0.422139 1.345719 0.422139 1.345719 0.398471 1.345852 0.397224 1.33673 0.398471 1.345852 0.422139 1.345719 0.4236 1.35503 0.4236 1.35503 0.399659 1.355156 0.398471 1.345852 0.399659 1.355156 0.4236 1.35503 0.425003 1.364527 0.425003 1.364527 0.400786 1.364646 0.399659 1.355156 0.400786 1.364646 0.425003 1.364527 0.426345 1.374214 0.426345 1.374214 0.401852 1.374326 0.400786 1.364646 0.401852 1.374326 0.426345 1.374214 0.427626 1.384094 0.427626 1.384094 0.402857 1.384199 0.401852 1.374326 0.402857 1.384199 0.427626 1.384094 0.428845 1.39417 0.428845 1.39417 0.403801 1.394268 0.402857 1.384199 0.403801 1.394268 0.428845 1.39417 0.430003 1.404446 0.430003 1.404446 0.404684 1.404537 0.403801 1.394268 0.404684 1.404537 0.430003 1.404446 0.431098 1.414924 0.431098 1.414924 0.405505 1.415009 0.404684 1.404537 0.405505 1.415009 0.431098 1.414924 0.432131 1.425608 0.432131 1.425608 0.406266 1.425687 0.405505 1.415009 0.406266 1.425687 0.432131 1.425608 0.433101 1.4365 0.433101 1.4365 0.406966 1.436573 0.406266 1.425687 0.406966 1.436573 0.433101 1.4365 0.434009 1.447603 0.434009 1.447603 0.407607 1.44767 0.406966 1.436573 0.407607 1.44767 0.434009 1.447603 0.434855 1.45892 0.434855 1.45892 0.40819 1.458981 0.407607 1.44767 0.40819 1.458981 0.434855 1.45892 0.435639 1.470452 0.435639 1.470452 0.408716 1.470507 0.40819 1.458981 0.408716 1.470507 0.435639 1.470452 0.436363 1.482202 0.436363 1.482202 0.409186 1.482251 0.408716 1.470507 0.409186 1.482251 0.436363 1.482202 0.437028 1.494171 0.437028 1.494171 0.409602 1.494216 0.409186 1.482251 0.409602 1.494216 0.437028 1.494171 0.437634 1.506362 0.437634 1.506362 0.409966 1.506401 0.409602 1.494216 0.409966 1.506401 0.437634 1.506362 0.438184 1.518774 0.438184 1.518774 0.410281 1.518808 0.409966 1.506401 0.410281 1.518808 0.438184 1.518774 0.43868 1.531409 0.43868 1.531409 0.41055 1.531439 0.410281 1.518808 0.41055 1.531439 0.43868 1.531409 0.439124 1.544268 0.439124 1.544268 0.410775 1.544294 0.41055 1.531439 0.410775 1.544294 0.439124 1.544268 0.439517 1.557351 0.439517 1.557351 0.41096 1.557372 0.410775 1.544294 0.41096 1.557372 0.439517 1.557351 0.439864 1.570656 0.439864 1.570656 0.411106 1.570675 0.41096 1.557372 0.411106 1.570675 0.439864 1.570656 0.440164 1.584184 0.440164 1.584184 0.41122 1.584199 0.411106 1.570675 0.41122 1.584199 0.440164 1.584184 0.44042 1.597934 0.44042 1.597934 0.411303 1.597946 0.41122 1.584199 0.411303 1.597946 0.44042 1.597934 0.440634 1.611903 0.440634 1.611903 0.411356 1.611912 0.411303 1.597946 0.411356 1.611912 0.440634 1.611903 0.440806 1.62609 0.440806 1.62609 0.411383 1.626096 0.411356 1.611912 0.411383 1.626096 0.440806 1.62609 0.440936 1.64049 0.440936 1.64049 0.411384 1.640493 0.411383 1.626096 0.411384 1.640493 0.440936 1.64049 0.441025 1.655099 0.441025 1.655099 0.411363 1.6551 0.411384 1.640493 0.411363 1.6551 0.441025 1.655099 0.441071 1.669914 0.441071 1.669914 0.411318 1.669913 0.411363 1.6551 0.411318 1.669913 0.441071 1.669914 0.441075 1.684928 0.441075 1.684928 0.411254 1.684924 0.411318 1.669913 0.411254 1.684924 0.441075 1.684928 0.441035 1.700132 0.441035 1.700132 0.41117 1.700126 0.411254 1.684924 0.41117 1.700126 0.441035 1.700132 0.44095 1.715517 0.44095 1.715517 0.411072 1.715509 0.41117 1.700126 0.411072 1.715509 0.44095 1.715517 0.440821 1.73107 0.440821 1.73107 0.410962 1.731061 0.411072 1.715509 0.410962 1.731061 0.440821 1.73107 0.440648 1.746777 0.440648 1.746777 0.410848 1.746766 0.410962 1.731061 0.410848 1.746766 0.440648 1.746777 0.440432 1.762616 0.440432 1.762616 0.410738 1.762604 0.410848 1.746766 0.410738 1.762604 0.440432 1.762616 0.440176 1.778564 0.440176 1.778564 0.410646 1.778552 0.410738 1.762604 0.410646 1.778552 0.440176 1.778564 0.439885 1.794587 0.439885 1.794587 0.41059 1.794577 0.410646 1.778552 0.41059 1.794577 0.439885 1.794587 0.439571 1.810645 0.439571 1.810645 0.410595 1.810636 0.41059 1.794577 0.410595 1.810636 0.439571 1.810645 0.439248 1.826682 0.439248 1.826682 0.410701 1.826679 0.410595 1.810636 0.410701 1.826679 0.439248 1.826682 0.438945 1.84263 0.438945 1.84263 0.410961 1.842635 0.410701 1.826679 0.410961 1.842635 0.438945 1.84263 0.438705 1.858399 0.438705 1.858399 0.411453 1.858417 0.410961 1.842635 0.411453 1.858417 0.438705 1.858399 0.438592 1.873872 0.438592 1.873872 0.412282 1.873909 0.411453 1.858417 0.412282 1.873909 0.438592 1.873872 0.438696 1.888905 0.438696 1.888905 0.413591 1.888969 0.412282 1.873909 0.413591 1.888969 0.438696 1.888905 0.439142 1.903313 0.439142 1.903313 0.415554 1.903414 0.413591 1.888969 0.415554 1.903414 0.439142 1.903313 0.440076 1.916877 0.440076 1.916877 0.418371 1.917026 0.415554 1.903414 0.418371 1.917026 0.440076 1.916877 0.441656 1.929344 0.441656 1.929344 0.422227 1.929547 0.418371 1.917026 0.422227 1.929547 0.441656 1.929344 0.443993 1.940455 0.443993 1.940455 0.427215 1.940709 0.422227 1.929547 0.219982 1.017418 0.237289 1.01726 0.238395 1.021916 0.238395 1.021916 0.221181 1.022082 0.219982 1.017418 0.221181 1.022082 0.238395 1.021916 0.2395589 1.026576 0.2395589 1.026576 0.222428 1.026748 0.221181 1.022082 0.222428 1.026748 0.2395589 1.026576 0.240778 1.031241 0.240778 1.031241 0.223722 1.031419 0.222428 1.026748 0.223722 1.031419 0.240778 1.031241 0.242047 1.035915 0.242047 1.035915 0.2250559 1.036098 0.223722 1.031419 0.2250559 1.036098 0.242047 1.035915 0.243363 1.0406 0.243363 1.0406 0.226429 1.040787 0.2250559 1.036098 0.226429 1.040787 0.243363 1.0406 0.244724 1.045298 0.244724 1.045298 0.227836 1.045489 0.226429 1.040787 0.227836 1.045489 0.244724 1.045298 0.246124 1.050013 0.246124 1.050013 0.229276 1.050207 0.227836 1.045489 0.229276 1.050207 0.246124 1.050013 0.247563 1.054745 0.247563 1.054745 0.230745 1.054943 0.229276 1.050207 0.230745 1.054943 0.247563 1.054745 0.249037 1.0595 0.249037 1.0595 0.232241 1.0597 0.230745 1.054943 0.232241 1.0597 0.249037 1.0595 0.250544 1.064278 0.250544 1.064278 0.2337599 1.064481 0.232241 1.0597 0.2337599 1.064481 0.250544 1.064278 0.252079 1.069082 0.252079 1.069082 0.235301 1.069287 0.2337599 1.064481 0.235301 1.069287 0.252079 1.069082 0.25364 1.073917 0.25364 1.073917 0.236859 1.074123 0.235301 1.069287 0.236859 1.074123 0.25364 1.073917 0.255226 1.078783 0.255226 1.078783 0.238433 1.07899 0.236859 1.074123 0.238433 1.07899 0.255226 1.078783 0.256831 1.083684 0.256831 1.083684 0.240018 1.083892 0.238433 1.07899 0.240018 1.083892 0.256831 1.083684 0.258454 1.088623 0.258454 1.088623 0.241613 1.088831 0.240018 1.083892 0.241613 1.088831 0.258454 1.088623 0.26009 1.093603 0.26009 1.093603 0.2432129 1.093811 0.241613 1.088831 0.2432129 1.093811 0.26009 1.093603 0.261738 1.098626 0.261738 1.098626 0.244816 1.098833 0.2432129 1.093811 0.244816 1.098833 0.261738 1.098626 0.263394 1.103696 0.263394 1.103696 0.246419 1.103902 0.244816 1.098833 0.246419 1.103902 0.263394 1.103696 0.265055 1.108816 0.265055 1.108816 0.248019 1.109021 0.246419 1.103902 0.248019 1.109021 0.265055 1.108816 0.266719 1.113988 0.266719 1.113988 0.249613 1.114192 0.248019 1.109021 0.249613 1.114192 0.266719 1.113988 0.268381 1.119217 0.268381 1.119217 0.251199 1.119418 0.249613 1.114192 0.251199 1.119418 0.268381 1.119217 0.270039 1.124505 0.270039 1.124505 0.252772 1.124703 0.251199 1.119418 0.252772 1.124703 0.270039 1.124505 0.27169 1.129854 0.27169 1.129854 0.25433 1.13005 0.252772 1.124703 0.25433 1.13005 0.27169 1.129854 0.273331 1.13527 0.273331 1.13527 0.255871 1.135463 0.25433 1.13005 0.255871 1.135463 0.273331 1.13527 0.274959 1.140754 0.274959 1.140754 0.25739 1.140944 0.255871 1.135463 0.25739 1.140944 0.274959 1.140754 0.27657 1.146311 0.27657 1.146311 0.258885 1.146496 0.25739 1.140944 0.258885 1.146496 0.27657 1.146311 0.278162 1.151943 0.278162 1.151943 0.260353 1.152124 0.258885 1.146496 0.260353 1.152124 0.278162 1.151943 0.279731 1.157654 0.279731 1.157654 0.261791 1.157831 0.260353 1.152124 0.261791 1.157831 0.279731 1.157654 0.281274 1.163448 0.281274 1.163448 0.263195 1.163619 0.261791 1.157831 0.263195 1.163619 0.281274 1.163448 0.282788 1.169328 0.282788 1.169328 0.264563 1.169494 0.263195 1.163619 0.264563 1.169494 0.282788 1.169328 0.284269 1.175297 0.284269 1.175297 0.265892 1.175458 0.264563 1.169494 0.265892 1.175458 0.284269 1.175297 0.285715 1.18136 0.285715 1.18136 0.267177 1.181515 0.265892 1.175458 0.267177 1.181515 0.285715 1.18136 0.287123 1.18752 0.287123 1.18752 0.268417 1.187669 0.267177 1.181515 0.268417 1.187669 0.287123 1.18752 0.28849 1.19378 0.28849 1.19378 0.269609 1.193923 0.268417 1.187669 0.269609 1.193923 0.28849 1.19378 0.289813 1.200145 0.289813 1.200145 0.270751 1.200281 0.269609 1.193923 0.270751 1.200281 0.289813 1.200145 0.29109 1.206618 0.29109 1.206618 0.271839 1.206747 0.270751 1.200281 0.271839 1.206747 0.29109 1.206618 0.292318 1.213203 0.292318 1.213203 0.272872 1.213326 0.271839 1.206747 0.272872 1.213326 0.292318 1.213203 0.293495 1.219904 0.293495 1.219904 0.273847 1.22002 0.272872 1.213326 0.273847 1.22002 0.293495 1.219904 0.294618 1.226725 0.294618 1.226725 0.274762 1.226833 0.273847 1.22002 0.274762 1.226833 0.294618 1.226725 0.295686 1.233669 0.295686 1.233669 0.275616 1.233771 0.274762 1.226833 0.275616 1.233771 0.295686 1.233669 0.296697 1.240742 0.296697 1.240742 0.276407 1.240836 0.275616 1.233771 0.276407 1.240836 0.296697 1.240742 0.297648 1.247946 0.297648 1.247946 0.277132 1.248032 0.276407 1.240836 0.277132 1.248032 0.297648 1.247946 0.298537 1.255285 0.298537 1.255285 0.27779 1.255364 0.277132 1.248032 0.27779 1.255364 0.298537 1.255285 0.299365 1.262764 0.299365 1.262764 0.278381 1.262836 0.27779 1.255364 0.278381 1.262836 0.299365 1.262764 0.300128 1.270387 0.300128 1.270387 0.278903 1.270451 0.278381 1.262836 0.278903 1.270451 0.300128 1.270387 0.300826 1.278158 0.300826 1.278158 0.279355 1.278214 0.278903 1.270451 0.279355 1.278214 0.300826 1.278158 0.301458 1.28608 0.301458 1.28608 0.279736 1.286128 0.279355 1.278214 0.279736 1.286128 0.301458 1.28608 0.302022 1.294157 0.302022 1.294157 0.280045 1.294198 0.279736 1.286128 0.280045 1.294198 0.302022 1.294157 0.302519 1.302394 0.302519 1.302394 0.280282 1.302428 0.280045 1.294198 0.280282 1.302428 0.302519 1.302394 0.302947 1.310795 0.302947 1.310795 0.280447 1.310821 0.280282 1.302428 0.280447 1.310821 0.302947 1.310795 0.303305 1.319363 0.303305 1.319363 0.28054 1.319382 0.280447 1.310821 0.28054 1.319382 0.303305 1.319363 0.303596 1.328103 0.303596 1.328103 0.28056 1.328115 0.28054 1.319382 0.28056 1.328115 0.303596 1.328103 0.303818 1.337018 0.303818 1.337018 0.28051 1.337023 0.28056 1.328115 0.28051 1.337023 0.303818 1.337018 0.303973 1.346113 0.303973 1.346113 0.280391 1.346111 0.28051 1.337023 0.280391 1.346111 0.303973 1.346113 0.304062 1.355391 0.304062 1.355391 0.280204 1.355383 0.280391 1.346111 0.280204 1.355383 0.304062 1.355391 0.304085 1.364855 0.304085 1.364855 0.27995 1.364841 0.280204 1.355383 0.27995 1.364841 0.304085 1.364855 0.304044 1.37451 0.304044 1.37451 0.279631 1.374489 0.27995 1.364841 0.279631 1.374489 0.304044 1.37451 0.303942 1.384358 0.303942 1.384358 0.279249 1.384332 0.279631 1.374489 0.279249 1.384332 0.303942 1.384358 0.303777 1.394403 0.303777 1.394403 0.278806 1.394372 0.279249 1.384332 0.278806 1.394372 0.303777 1.394403 0.303554 1.404649 0.303554 1.404649 0.278305 1.404612 0.278806 1.394372 0.278305 1.404612 0.303554 1.404649 0.303275 1.415098 0.303275 1.415098 0.277748 1.415056 0.278305 1.404612 0.277748 1.415056 0.303275 1.415098 0.302941 1.425754 0.302941 1.425754 0.277138 1.425708 0.277748 1.415056 0.277138 1.425708 0.302941 1.425754 0.302556 1.43662 0.302556 1.43662 0.27648 1.43657 0.277138 1.425708 0.27648 1.43657 0.302556 1.43662 0.302123 1.447698 0.302123 1.447698 0.275777 1.447645 0.27648 1.43657 0.275777 1.447645 0.302123 1.447698 0.301646 1.458991 0.301646 1.458991 0.275032 1.458935 0.275777 1.447645 0.275032 1.458935 0.301646 1.458991 0.301129 1.470501 0.301129 1.470501 0.274252 1.470442 0.275032 1.458935 0.274252 1.470442 0.301129 1.470501 0.300575 1.48223 0.300575 1.48223 0.273439 1.482169 0.274252 1.470442 0.273439 1.482169 0.300575 1.48223 0.299989 1.49418 0.299989 1.49418 0.2726 1.494118 0.273439 1.482169 0.2726 1.494118 0.299989 1.49418 0.299376 1.506353 0.299376 1.506353 0.27174 1.506289 0.2726 1.494118 0.27174 1.506289 0.299376 1.506353 0.298742 1.518749 0.298742 1.518749 0.270866 1.518685 0.27174 1.506289 0.270866 1.518685 0.298742 1.518749 0.298092 1.531371 0.298092 1.531371 0.269984 1.531306 0.270866 1.518685 0.269984 1.531306 0.298092 1.531371 0.297434 1.544218 0.297434 1.544218 0.269102 1.544153 0.269984 1.531306 0.269102 1.544153 0.297434 1.544218 0.296774 1.557291 0.296774 1.557291 0.268228 1.557228 0.269102 1.544153 0.268228 1.557228 0.296774 1.557291 0.29612 1.570589 0.29612 1.570589 0.267371 1.570528 0.268228 1.557228 0.267371 1.570528 0.29612 1.570589 0.295478 1.584113 0.295478 1.584113 0.266538 1.584054 0.267371 1.570528 0.266538 1.584054 0.295478 1.584113 0.294857 1.597859 0.294857 1.597859 0.265738 1.597804 0.266538 1.584054 0.265738 1.597804 0.294857 1.597859 0.294263 1.611827 0.294263 1.611827 0.26498 1.611775 0.265738 1.597804 0.26498 1.611775 0.294263 1.611827 0.293702 1.626013 0.293702 1.626013 0.26427 1.625965 0.26498 1.611775 0.26427 1.625965 0.293702 1.626013 0.293183 1.640415 0.293183 1.640415 0.263619 1.640372 0.26427 1.625965 0.263619 1.640372 0.293183 1.640415 0.292714 1.655028 0.292714 1.655028 0.263035 1.65499 0.263619 1.640372 0.263035 1.65499 0.292714 1.655028 0.292301 1.669848 0.292301 1.669848 0.262528 1.669815 0.263035 1.65499 0.262528 1.669815 0.292301 1.669848 0.291956 1.684868 0.291956 1.684868 0.26211 1.684843 0.262528 1.669815 0.26211 1.684843 0.291956 1.684868 0.291692 1.700082 0.291692 1.700082 0.261797 1.700064 0.26211 1.684843 0.261797 1.700064 0.291692 1.700082 0.291525 1.715479 0.291525 1.715479 0.261608 1.715471 0.261797 1.700064 0.261608 1.715471 0.291525 1.715479 0.291478 1.73105 0.291478 1.73105 0.261569 1.731053 0.261608 1.715471 0.261569 1.731053 0.291478 1.73105 0.29158 1.746779 0.29158 1.746779 0.261715 1.746795 0.261569 1.731053 0.261715 1.746795 0.29158 1.746779 0.291869 1.76265 0.291869 1.76265 0.262092 1.762683 0.261715 1.746795 0.262092 1.762683 0.291869 1.76265 0.292396 1.77864 0.292396 1.77864 0.262758 1.778693 0.262092 1.762683 0.262758 1.778693 0.292396 1.77864 0.293226 1.79472 0.293226 1.79472 0.263789 1.7948 0.262758 1.778693 0.263789 1.7948 0.293226 1.79472 0.294447 1.810853 0.294447 1.810853 0.265287 1.810966 0.263789 1.7948 0.265287 1.810966 0.294447 1.810853 0.296176 1.826991 0.296176 1.826991 0.267388 1.827146 0.265287 1.810966 0.267388 1.827146 0.296176 1.826991 0.298571 1.843075 0.298571 1.843075 0.27027 1.843285 0.267388 1.827146 0.27027 1.843285 0.298571 1.843075 0.301838 1.859026 0.301838 1.859026 0.274173 1.859306 0.27027 1.843285 0.274173 1.859306 0.301838 1.859026 0.306249 1.874741 0.306249 1.874741 0.279406 1.875112 0.274173 1.859306 0.279406 1.875112 0.306249 1.874741 0.312147 1.890085 0.312147 1.890085 0.286367 1.890571 0.279406 1.875112 0.286367 1.890571 0.312147 1.890085 0.319941 1.90489 0.319941 1.90489 0.295532 1.905519 0.286367 1.890571 0.295532 1.905519 0.319941 1.90489 0.330086 1.918929 0.330086 1.918929 0.307438 1.919729 0.295532 1.905519 0.307438 1.919729 0.330086 1.918929 0.342991 1.931921 0.342991 1.931921 0.322587 1.932912 0.307438 1.919729 0.322587 1.932912 0.342991 1.931921 0.358854 1.943537 0.358854 1.943537 0.341233 1.944707 0.322587 1.932912 0.13317 1.018429 0.150553 1.018195 0.152155 1.022873 0.152155 1.022873 0.1348839 1.023106 0.13317 1.018429 0.1348839 1.023106 0.152155 1.022873 0.153764 1.02755 0.153764 1.02755 0.13659 1.027781 0.1348839 1.023106 0.13659 1.027781 0.153764 1.02755 0.155376 1.03223 0.155376 1.03223 0.1382859 1.032459 0.13659 1.027781 0.1382859 1.032459 0.155376 1.03223 0.156989 1.036916 0.156989 1.036916 0.139972 1.037143 0.1382859 1.032459 0.139972 1.037143 0.156989 1.036916 0.158603 1.04161 0.158603 1.04161 0.1416479 1.041835 0.139972 1.037143 0.1416479 1.041835 0.158603 1.04161 0.160215 1.046316 0.160215 1.046316 0.143314 1.046539 0.1416479 1.041835 0.143314 1.046539 0.160215 1.046316 0.161825 1.051036 0.161825 1.051036 0.144969 1.051257 0.143314 1.046539 0.144969 1.051257 0.161825 1.051036 0.163429 1.055773 0.163429 1.055773 0.14661 1.055991 0.144969 1.051257 0.14661 1.055991 0.163429 1.055773 0.165026 1.06053 0.165026 1.06053 0.148236 1.060744 0.14661 1.055991 0.148236 1.060744 0.165026 1.06053 0.166613 1.065308 0.166613 1.065308 0.149843 1.065519 0.148236 1.060744 0.149843 1.065519 0.166613 1.065308 0.168188 1.070111 0.168188 1.070111 0.1514289 1.070319 0.149843 1.065519 0.1514289 1.070319 0.168188 1.070111 0.169748 1.074941 0.169748 1.074941 0.152992 1.075145 0.1514289 1.070319 0.152992 1.075145 0.169748 1.074941 0.171289 1.079802 0.171289 1.079802 0.154528 1.080001 0.152992 1.075145 0.154528 1.080001 0.171289 1.079802 0.172808 1.084695 0.172808 1.084695 0.1560339 1.08489 0.154528 1.080001 0.1560339 1.08489 0.172808 1.084695 0.174302 1.089625 0.174302 1.089625 0.157506 1.089814 0.1560339 1.08489 0.157506 1.089814 0.174302 1.089625 0.175769 1.094593 0.175769 1.094593 0.158942 1.094777 0.157506 1.089814 0.158942 1.094777 0.175769 1.094593 0.177205 1.099603 0.177205 1.099603 0.1603389 1.099781 0.158942 1.094777 0.1603389 1.099781 0.177205 1.099603 0.178608 1.104658 0.178608 1.104658 0.161694 1.10483 0.1603389 1.099781 0.161694 1.10483 0.178608 1.104658 0.179975 1.109761 0.179975 1.109761 0.1630049 1.109927 0.161694 1.10483 0.1630049 1.109927 0.179975 1.109761 0.181303 1.114916 0.181303 1.114916 0.164269 1.115075 0.1630049 1.109927 0.164269 1.115075 0.181303 1.114916 0.18259 1.120124 0.18259 1.120124 0.1654829 1.120277 0.164269 1.115075 0.1654829 1.120277 0.18259 1.120124 0.183834 1.12539 0.183834 1.12539 0.166646 1.125536 0.1654829 1.120277 0.166646 1.125536 0.183834 1.12539 0.1850309 1.130717 0.1850309 1.130717 0.167755 1.130855 0.166646 1.125536 0.167755 1.130855 0.1850309 1.130717 0.186178 1.136108 0.186178 1.136108 0.168806 1.136238 0.167755 1.130855 0.168806 1.136238 0.186178 1.136108 0.187274 1.141566 0.187274 1.141566 0.169798 1.141689 0.168806 1.136238 0.169798 1.141689 0.187274 1.141566 0.188314 1.147095 0.188314 1.147095 0.170726 1.147209 0.169798 1.141689 0.170726 1.147209 0.188314 1.147095 0.189296 1.152698 0.189296 1.152698 0.171588 1.152804 0.170726 1.147209 0.171588 1.152804 0.189296 1.152698 0.190217 1.158378 0.190217 1.158378 0.172381 1.158476 0.171588 1.152804 0.172381 1.158476 0.190217 1.158378 0.191074 1.164139 0.191074 1.164139 0.173104 1.164228 0.172381 1.158476 0.173104 1.164228 0.191074 1.164139 0.191865 1.169986 0.191865 1.169986 0.1737509 1.170065 0.173104 1.164228 0.1737509 1.170065 0.191865 1.169986 0.192586 1.17592 0.192586 1.17592 0.174322 1.175991 0.1737509 1.170065 0.174322 1.175991 0.192586 1.17592 0.193235 1.181947 0.193235 1.181947 0.174813 1.182008 0.174322 1.175991 0.174813 1.182008 0.193235 1.181947 0.193808 1.188069 0.193808 1.188069 0.17522 1.188121 0.174813 1.182008 0.17522 1.188121 0.193808 1.188069 0.194305 1.194292 0.194305 1.194292 0.175544 1.194334 0.17522 1.188121 0.175544 1.194334 0.194305 1.194292 0.194723 1.200618 0.194723 1.200618 0.175781 1.20065 0.175544 1.194334 0.175781 1.20065 0.194723 1.200618 0.19506 1.207051 0.19506 1.207051 0.17593 1.207074 0.175781 1.20065 0.17593 1.207074 0.19506 1.207051 0.195314 1.213596 0.195314 1.213596 0.17599 1.213609 0.17593 1.207074 0.17599 1.213609 0.195314 1.213596 0.195484 1.220256 0.195484 1.220256 0.175959 1.220259 0.17599 1.213609 0.175959 1.220259 0.195484 1.220256 0.195569 1.227036 0.195569 1.227036 0.175836 1.227029 0.175959 1.220259 0.175836 1.227029 0.195569 1.227036 0.1955659 1.233939 0.1955659 1.233939 0.175619 1.233922 0.175836 1.227029 0.175619 1.233922 0.1955659 1.233939 0.1954759 1.24097 0.1954759 1.24097 0.175307 1.240943 0.175619 1.233922 0.175307 1.240943 0.1954759 1.24097 0.195297 1.248132 0.195297 1.248132 0.174901 1.248096 0.175307 1.240943 0.174901 1.248096 0.195297 1.248132 0.195029 1.255431 0.195029 1.255431 0.1744 1.255385 0.174901 1.248096 0.1744 1.255385 0.195029 1.255431 0.194672 1.262868 0.194672 1.262868 0.1738049 1.262813 0.1744 1.255385 0.1738049 1.262813 0.194672 1.262868 0.194226 1.27045 0.194226 1.27045 0.173116 1.270386 0.1738049 1.262813 0.173116 1.270386 0.194226 1.27045 0.19369 1.27818 0.19369 1.27818 0.172332 1.278106 0.173116 1.270386 0.172332 1.278106 0.19369 1.27818 0.193064 1.286061 0.193064 1.286061 0.1714529 1.285978 0.172332 1.278106 0.1714529 1.285978 0.193064 1.286061 0.192349 1.294098 0.192349 1.294098 0.170481 1.294007 0.1714529 1.285978 0.170481 1.294007 0.192349 1.294098 0.1915439 1.302296 0.1915439 1.302296 0.169413 1.302196 0.170481 1.294007 0.169413 1.302196 0.1915439 1.302296 0.19065 1.310658 0.19065 1.310658 0.168252 1.310549 0.169413 1.302196 0.168252 1.310549 0.19065 1.310658 0.189669 1.319188 0.189669 1.319188 0.1669999 1.319072 0.168252 1.310549 0.1669999 1.319072 0.189669 1.319188 0.188602 1.327892 0.188602 1.327892 0.165659 1.327769 0.1669999 1.319072 0.165659 1.327769 0.188602 1.327892 0.1874549 1.336773 0.1874549 1.336773 0.164234 1.336643 0.165659 1.327769 0.164234 1.336643 0.1874549 1.336773 0.186229 1.345835 0.186229 1.345835 0.162729 1.345698 0.164234 1.336643 0.162729 1.345698 0.186229 1.345835 0.1849279 1.355081 0.1849279 1.355081 0.1611469 1.354938 0.162729 1.345698 0.1611469 1.354938 0.1849279 1.355081 0.183556 1.364516 0.183556 1.364516 0.159493 1.364367 0.1611469 1.354938 0.159493 1.364367 0.183556 1.364516 0.182115 1.374142 0.182115 1.374142 0.157768 1.373988 0.159493 1.364367 0.157768 1.373988 0.182115 1.374142 0.180609 1.383964 0.180609 1.383964 0.155978 1.383805 0.157768 1.373988 0.155978 1.383805 0.180609 1.383964 0.179041 1.393984 0.179041 1.393984 0.154126 1.393821 0.155978 1.383805 0.154126 1.393821 0.179041 1.393984 0.177415 1.404208 0.177415 1.404208 0.152216 1.404041 0.154126 1.393821 0.152216 1.404041 0.177415 1.404208 0.175738 1.414636 0.175738 1.414636 0.150255 1.414467 0.152216 1.404041 0.150255 1.414467 0.175738 1.414636 0.174012 1.425275 0.174012 1.425275 0.148247 1.425103 0.150255 1.414467 0.148247 1.425103 0.174012 1.425275 0.1722469 1.436126 0.1722469 1.436126 0.146201 1.435952 0.148247 1.425103 0.146201 1.435952 0.1722469 1.436126 0.170449 1.447191 0.170449 1.447191 0.1441259 1.447016 0.146201 1.435952 0.1441259 1.447016 0.170449 1.447191 0.168624 1.458474 0.168624 1.458474 0.142027 1.458299 0.1441259 1.447016 0.142027 1.458299 0.168624 1.458474 0.166778 1.469976 0.166778 1.469976 0.1399109 1.469802 0.142027 1.458299 0.1399109 1.469802 0.166778 1.469976 0.164919 1.481701 0.164919 1.481701 0.137787 1.481527 0.1399109 1.469802 0.137787 1.481527 0.164919 1.481701 0.163054 1.493649 0.163054 1.493649 0.135662 1.493477 0.137787 1.481527 0.135662 1.493477 0.163054 1.493649 0.161193 1.505823 0.161193 1.505823 0.133545 1.505654 0.135662 1.493477 0.133545 1.505654 0.161193 1.505823 0.159343 1.518225 0.159343 1.518225 0.131448 1.518058 0.133545 1.505654 0.131448 1.518058 0.159343 1.518225 0.157515 1.530854 0.157515 1.530854 0.129379 1.530692 0.131448 1.518058 0.129379 1.530692 0.157515 1.530854 0.155722 1.543714 0.155722 1.543714 0.127353 1.543558 0.129379 1.530692 0.127353 1.543558 0.155722 1.543714 0.153976 1.556804 0.153976 1.556804 0.125384 1.556653 0.127353 1.543558 0.125384 1.556653 0.153976 1.556804 0.1522909 1.570122 0.1522909 1.570122 0.123488 1.56998 0.125384 1.556653 0.123488 1.56998 0.1522909 1.570122 0.150679 1.58367 0.150679 1.58367 0.121677 1.583535 0.123488 1.56998 0.121677 1.583535 0.150679 1.58367 0.1491529 1.597444 0.1491529 1.597444 0.119966 1.597318 0.121677 1.583535 0.119966 1.597318 0.1491529 1.597444 0.1477259 1.611442 0.1477259 1.611442 0.118369 1.611327 0.119966 1.597318 0.118369 1.611327 0.1477259 1.611442 0.14641 1.625663 0.14641 1.625663 0.116897 1.625558 0.118369 1.611327 0.116897 1.625558 0.14641 1.625663 0.145217 1.640102 0.145217 1.640102 0.115565 1.64001 0.116897 1.625558 0.115565 1.64001 0.145217 1.640102 0.1441619 1.654757 0.1441619 1.654757 0.114389 1.654677 0.115565 1.64001 0.114389 1.654677 0.1441619 1.654757 0.14326 1.669622 0.14326 1.669622 0.113383 1.669557 0.114389 1.654677 0.113383 1.669557 0.14326 1.669622 0.14253 1.684693 0.14253 1.684693 0.112569 1.684643 0.113383 1.669557 0.112569 1.684643 0.14253 1.684693 0.1419939 1.699964 0.1419939 1.699964 0.111969 1.699931 0.112569 1.684643 0.111969 1.699931 0.1419939 1.699964 0.14168 1.715428 0.14168 1.715428 0.111614 1.715413 0.111969 1.699931 0.111614 1.715413 0.14168 1.715428 0.141629 1.731077 0.141629 1.731077 0.111545 1.731085 0.111614 1.715413 0.111545 1.731085 0.141629 1.731077 0.141894 1.746901 0.141894 1.746901 0.111822 1.746935 0.111545 1.731085 0.111822 1.746935 0.141894 1.746901 0.1425459 1.762887 0.1425459 1.762887 0.11252 1.762952 0.111822 1.746935 0.11252 1.762952 0.1425459 1.762887 0.143672 1.779016 0.143672 1.779016 0.113733 1.77912 0.11252 1.762952 0.113733 1.77912 0.143672 1.779016 0.145385 1.795269 0.145385 1.795269 0.115578 1.795419 0.113733 1.77912 0.115578 1.795419 0.145385 1.795269 0.1478289 1.811618 0.1478289 1.811618 0.118211 1.811826 0.115578 1.795419 0.118211 1.811826 0.1478289 1.811618 0.1511999 1.828031 0.1511999 1.828031 0.121837 1.82831 0.118211 1.811826 0.121837 1.82831 0.1511999 1.828031 0.155757 1.844466 0.155757 1.844466 0.126729 1.844836 0.121837 1.82831 0.126729 1.844836 0.155757 1.844466 0.1618469 1.860868 0.1618469 1.860868 0.1332589 1.861355 0.126729 1.844836 0.1332589 1.861355 0.1618469 1.860868 0.169933 1.877162 0.169933 1.877162 0.1419219 1.877799 0.1332589 1.861355 0.1419219 1.877799 0.169933 1.877162 0.180617 1.893246 0.180617 1.893246 0.1533679 1.894077 0.1419219 1.877799 0.1533679 1.894077 0.180617 1.893246 0.1946769 1.90898 0.1946769 1.90898 0.168455 1.91006 0.1533679 1.894077 0.168455 1.91006 0.1946769 1.90898 0.213078 1.924158 0.213078 1.924158 0.188271 1.925554 0.168455 1.91006 0.188271 1.925554 0.213078 1.924158 0.2369289 1.938468 0.2369289 1.938468 0.214134 1.940253 0.188271 1.925554 0.214134 1.940253 0.2369289 1.938468 0.267274 1.95144 0.267274 1.95144 0.247386 1.953668 0.214134 1.940253 0.587121 1.01643 0.602736 1.016478 0.602518 1.020677 0.602518 1.020677 0.586918 1.020664 0.587121 1.01643 0.586918 1.020664 0.602518 1.020677 0.602538 1.024895 0.602538 1.024895 0.586951 1.024915 0.586918 1.020664 0.586951 1.024915 0.602538 1.024895 0.602793 1.029135 0.602793 1.029135 0.587213 1.029187 0.586951 1.024915 0.587213 1.029187 0.602793 1.029135 0.603276 1.0334 0.603276 1.0334 0.587697 1.033481 0.587213 1.029187 0.587697 1.033481 0.603276 1.0334 0.603982 1.03769 0.603982 1.03769 0.588397 1.037801 0.587697 1.033481 0.588397 1.037801 0.603982 1.03769 0.604907 1.04201 0.604907 1.04201 0.589309 1.042149 0.588397 1.037801 0.589309 1.042149 0.604907 1.04201 0.606045 1.04636 0.606045 1.04636 0.590428 1.046526 0.589309 1.042149 0.590428 1.046526 0.606045 1.04636 0.607394 1.050742 0.607394 1.050742 0.591751 1.050936 0.590428 1.046526 0.591751 1.050936 0.607394 1.050742 0.608949 1.05516 0.608949 1.05516 0.593274 1.055379 0.591751 1.050936 0.593274 1.055379 0.608949 1.05516 0.61071 1.059615 0.61071 1.059615 0.594995 1.05986 0.593274 1.055379 0.594995 1.05986 0.61071 1.059615 0.612673 1.06411 0.612673 1.06411 0.59691 1.064379 0.594995 1.05986 0.59691 1.064379 0.612673 1.06411 0.614834 1.068647 0.614834 1.068647 0.599017 1.068941 0.59691 1.064379 0.599017 1.068941 0.614834 1.068647 0.617191 1.07323 0.617191 1.07323 0.601313 1.073546 0.599017 1.068941 0.601313 1.073546 0.617191 1.07323 0.619741 1.07786 0.619741 1.07786 0.603795 1.078199 0.601313 1.073546 0.603795 1.078199 0.619741 1.07786 0.622483 1.082541 0.622483 1.082541 0.606459 1.082902 0.603795 1.078199 0.606459 1.082902 0.622483 1.082541 0.625412 1.087276 0.625412 1.087276 0.609305 1.087658 0.606459 1.082902 0.609305 1.087658 0.625412 1.087276 0.628527 1.092067 0.628527 1.092067 0.612327 1.092469 0.609305 1.087658 0.612327 1.092469 0.628527 1.092067 0.631823 1.096917 0.631823 1.096917 0.615522 1.097339 0.612327 1.092469 0.615522 1.097339 0.631823 1.096917 0.635296 1.101831 0.635296 1.101831 0.618887 1.102272 0.615522 1.097339 0.618887 1.102272 0.635296 1.101831 0.638943 1.106811 0.638943 1.106811 0.622418 1.10727 0.618887 1.102272 0.622418 1.10727 0.638943 1.106811 0.642758 1.11186 0.642758 1.11186 0.626109 1.112336 0.622418 1.10727 0.626109 1.112336 0.642758 1.11186 0.646736 1.116981 0.646736 1.116981 0.629956 1.117474 0.626109 1.112336 0.629956 1.117474 0.646736 1.116981 0.650873 1.122179 0.650873 1.122179 0.633955 1.122687 0.629956 1.117474 0.633955 1.122687 0.650873 1.122179 0.655163 1.127455 0.655163 1.127455 0.638099 1.127977 0.633955 1.122687 0.638099 1.127977 0.655163 1.127455 0.659601 1.132814 0.659601 1.132814 0.642384 1.13335 0.638099 1.127977 0.642384 1.13335 0.659601 1.132814 0.664181 1.138257 0.664181 1.138257 0.646805 1.138806 0.642384 1.13335 0.646805 1.138806 0.664181 1.138257 0.668899 1.14379 0.668899 1.14379 0.651357 1.144351 0.646805 1.138806 0.651357 1.144351 0.668899 1.14379 0.673749 1.149415 0.673749 1.149415 0.656035 1.149987 0.651357 1.144351 0.656035 1.149987 0.673749 1.149415 0.678726 1.155134 0.678726 1.155134 0.660833 1.155717 0.656035 1.149987 0.660833 1.155717 0.678726 1.155134 0.683823 1.160953 0.683823 1.160953 0.665746 1.161545 0.660833 1.155717 0.665746 1.161545 0.683823 1.160953 0.689036 1.166874 0.689036 1.166874 0.670767 1.167475 0.665746 1.161545 0.670767 1.167475 0.689036 1.166874 0.694359 1.1729 0.694359 1.1729 0.675892 1.173509 0.670767 1.167475 0.675892 1.173509 0.694359 1.1729 0.699785 1.179036 0.699785 1.179036 0.681116 1.179651 0.675892 1.173509 0.681116 1.179651 0.699785 1.179036 0.70531 1.185283 0.70531 1.185283 0.686431 1.185905 0.681116 1.179651 0.686431 1.185905 0.70531 1.185283 0.710927 1.191647 0.710927 1.191647 0.691834 1.192274 0.686431 1.185905 0.691834 1.192274 0.710927 1.191647 0.71663 1.198129 0.71663 1.198129 0.697318 1.198761 0.691834 1.192274 0.697318 1.198761 0.71663 1.198129 0.722415 1.204735 0.722415 1.204735 0.702878 1.20537 0.697318 1.198761 0.702878 1.20537 0.722415 1.204735 0.728275 1.211467 0.728275 1.211467 0.708509 1.212105 0.702878 1.20537 0.708509 1.212105 0.728275 1.211467 0.734205 1.218328 0.734205 1.218328 0.714204 1.218969 0.708509 1.212105 0.714204 1.218969 0.734205 1.218328 0.7402 1.225324 0.7402 1.225324 0.719959 1.225966 0.714204 1.218969 0.719959 1.225966 0.7402 1.225324 0.746253 1.232456 0.746253 1.232456 0.725767 1.2331 0.719959 1.225966 0.725767 1.2331 0.746253 1.232456 0.75236 1.239729 0.75236 1.239729 0.731625 1.240373 0.725767 1.2331 0.731625 1.240373 0.75236 1.239729 0.758515 1.247147 0.758515 1.247147 0.737526 1.247791 0.731625 1.240373 0.737526 1.247791 0.758515 1.247147 0.764711 1.254714 0.764711 1.254714 0.743464 1.255356 0.737526 1.247791 0.743464 1.255356 0.764711 1.254714 0.77094 1.262433 0.77094 1.262433 0.74943 1.263074 0.743464 1.255356 0.74943 1.263074 0.77094 1.262433 0.777195 1.270308 0.777195 1.270308 0.75542 1.270947 0.74943 1.263074 0.75542 1.270947 0.777195 1.270308 0.783471 1.278343 0.783471 1.278343 0.761426 1.278978 0.75542 1.270947 0.761426 1.278978 0.783471 1.278343 0.78976 1.286542 0.78976 1.286542 0.767442 1.287172 0.761426 1.278978 0.767442 1.287172 0.78976 1.286542 0.796056 1.294907 0.796056 1.294907 0.773463 1.295533 0.767442 1.287172 0.773463 1.295533 0.796056 1.294907 0.80235 1.303444 0.80235 1.303444 0.77948 1.304064 0.773463 1.295533 0.77948 1.304064 0.80235 1.303444 0.808637 1.312155 0.808637 1.312155 0.785486 1.312769 0.77948 1.304064 0.785486 1.312769 0.808637 1.312155 0.814907 1.321044 0.814907 1.321044 0.791474 1.321651 0.785486 1.312769 0.791474 1.321651 0.814907 1.321044 0.821153 1.330115 0.821153 1.330115 0.797438 1.330714 0.791474 1.321651 0.797438 1.330714 0.821153 1.330115 0.827369 1.33937 0.827369 1.33937 0.803371 1.339961 0.797438 1.330714 0.803371 1.339961 0.827369 1.33937 0.83355 1.348813 0.83355 1.348813 0.809266 1.349396 0.803371 1.339961 0.809266 1.349396 0.83355 1.348813 0.839689 1.358449 0.839689 1.358449 0.815118 1.359022 0.809266 1.349396 0.815118 1.359022 0.839689 1.358449 0.845775 1.36828 0.845775 1.36828 0.820917 1.368843 0.815118 1.359022 0.820917 1.368843 0.845775 1.36828 0.851801 1.378311 0.851801 1.378311 0.826655 1.378863 0.820917 1.368843 0.826655 1.378863 0.851801 1.378311 0.857755 1.388544 0.857755 1.388544 0.832324 1.389084 0.826655 1.378863 0.832324 1.389084 0.857755 1.388544 0.863628 1.398982 0.863628 1.398982 0.837913 1.39951 0.832324 1.389084 0.837913 1.39951 0.863628 1.398982 0.869413 1.409629 0.869413 1.409629 0.843416 1.410143 0.837913 1.39951 0.843416 1.410143 0.869413 1.409629 0.8751 1.420486 0.8751 1.420486 0.848823 1.420987 0.843416 1.410143 0.848823 1.420987 0.8751 1.420486 0.88068 1.431556 0.88068 1.431556 0.854126 1.432043 0.848823 1.420987 0.854126 1.432043 0.88068 1.431556 0.886146 1.442843 0.886146 1.442843 0.859317 1.443314 0.854126 1.432043 0.859317 1.443314 0.886146 1.442843 0.891486 1.454348 0.891486 1.454348 0.864386 1.454804 0.859317 1.443314 0.864386 1.454804 0.891486 1.454348 0.896688 1.466075 0.896688 1.466075 0.86932 1.466514 0.864386 1.454804 0.86932 1.466514 0.896688 1.466075 0.901734 1.478026 0.901734 1.478026 0.874106 1.478447 0.86932 1.466514 0.874106 1.478447 0.901734 1.478026 0.906609 1.490201 0.906609 1.490201 0.878729 1.490603 0.874106 1.478447 0.878729 1.490603 0.906609 1.490201 0.911302 1.502599 0.911302 1.502599 0.883181 1.502982 0.878729 1.490603 0.883181 1.502982 0.911302 1.502599 0.915808 1.51522 0.915808 1.51522 0.887455 1.515584 0.883181 1.502982 0.887455 1.515584 0.915808 1.51522 0.920125 1.528065 0.920125 1.528065 0.891547 1.52841 0.887455 1.515584 0.891547 1.52841 0.920125 1.528065 0.924246 1.541134 0.924246 1.541134 0.895451 1.541459 0.891547 1.52841 0.895451 1.541459 0.924246 1.541134 0.928167 1.554429 0.928167 1.554429 0.899162 1.554734 0.895451 1.541459 0.899162 1.554734 0.928167 1.554429 0.931875 1.56795 0.931875 1.56795 0.90267 1.568235 0.899162 1.554734 0.90267 1.568235 0.931875 1.56795 0.935362 1.581699 0.935362 1.581699 0.905964 1.581963 0.90267 1.568235 0.905964 1.581963 0.935362 1.581699 0.938611 1.595675 0.938611 1.595675 0.90903 1.595917 0.905964 1.581963 0.90903 1.595917 0.938611 1.595675 0.941606 1.609878 0.941606 1.609878 0.911853 1.610098 0.90903 1.595917 0.911853 1.610098 0.941606 1.609878 0.944327 1.624308 0.944327 1.624308 0.914414 1.624503 0.911853 1.610098 0.914414 1.624503 0.944327 1.624308 0.946755 1.638962 0.946755 1.638962 0.916695 1.639133 0.914414 1.624503 0.916695 1.639133 0.946755 1.638962 0.948872 1.65384 0.948872 1.65384 0.918676 1.653984 0.916695 1.639133 0.918676 1.653984 0.948872 1.65384 0.950644 1.668941 0.950644 1.668941 0.920327 1.669057 0.918676 1.653984 0.920327 1.669057 0.950644 1.668941 0.952035 1.684262 0.952035 1.684262 0.921613 1.684347 0.920327 1.669057 0.921613 1.684347 0.952035 1.684262 0.953007 1.699798 0.953007 1.699798 0.922499 1.69985 0.921613 1.684347 0.922499 1.69985 0.953007 1.699798 0.95352 1.715544 0.95352 1.715544 0.922942 1.715561 0.922499 1.69985 0.922942 1.715561 0.95352 1.715544 0.953523 1.731499 0.953523 1.731499 0.92289 1.731477 0.922942 1.715561 0.92289 1.731477 0.953523 1.731499 0.952946 1.747658 0.952946 1.747658 0.922275 1.747591 0.92289 1.731477 0.922275 1.747591 0.952946 1.747658 0.951694 1.764019 0.951694 1.764019 0.921002 1.763902 0.922275 1.747591 0.921002 1.763902 0.951694 1.764019 0.949636 1.780578 0.949636 1.780578 0.918944 1.7804 0.921002 1.763902 0.918944 1.7804 0.949636 1.780578 0.946603 1.797325 0.946603 1.797325 0.915937 1.797075 0.918944 1.7804 0.915937 1.797075 0.946603 1.797325 0.942378 1.814255 0.942378 1.814255 0.911766 1.813917 0.915937 1.797075 0.911766 1.813917 0.942378 1.814255 0.936663 1.831353 0.936663 1.831353 0.906143 1.830906 0.911766 1.813917 0.906143 1.830906 0.936663 1.831353 0.929062 1.848605 0.929062 1.848605 0.898682 1.84802 0.906143 1.830906 0.898682 1.84802 0.929062 1.848605 0.919027 1.865984 0.919027 1.865984 0.88886 1.865224 0.898682 1.84802 0.88886 1.865224 0.919027 1.865984 0.905812 1.883448 0.905812 1.883448 0.875973 1.882462 0.88886 1.865224 0.875973 1.882462 0.905812 1.883448 0.888414 1.900922 0.888414 1.900922 0.859086 1.899641 0.875973 1.882462 0.859086 1.899641 0.888414 1.900922 0.865488 1.918276 0.865488 1.918276 0.836976 1.916613 0.859086 1.899641 0.836976 1.916613 0.865488 1.918276 0.835266 1.935278 0.835266 1.935278 0.80809 1.933123 0.836976 1.916613 0.80809 1.933123 0.835266 1.935278 0.795519 1.951513 0.795519 1.951513 0.770587 1.948738 0.80809 1.933123 0.770587 1.948738 0.795519 1.951513 0.743689 1.966214 0.743689 1.966214 0.722653 1.962707 0.770587 1.948738 0.507174 1.016276 0.523386 1.016294 0.523336 1.02065 0.523336 1.02065 0.507173 1.02066 0.507174 1.016276 0.507173 1.02066 0.523336 1.02065 0.523483 1.025021 0.523483 1.025021 0.507358 1.025057 0.507173 1.02066 0.507358 1.025057 0.523483 1.025021 0.523824 1.029408 0.523824 1.029408 0.507729 1.02947 0.507358 1.025057 0.507729 1.02947 0.523824 1.029408 0.524354 1.033814 0.524354 1.033814 0.50828 1.033901 0.507729 1.02947 0.50828 1.033901 0.524354 1.033814 0.52507 1.038241 0.52507 1.038241 0.50901 1.038352 0.50828 1.033901 0.50901 1.038352 0.52507 1.038241 0.525969 1.042693 0.525969 1.042693 0.509913 1.042827 0.50901 1.038352 0.509913 1.042827 0.525969 1.042693 0.527045 1.04717 0.527045 1.04717 0.510988 1.047328 0.509913 1.042827 0.510988 1.047328 0.527045 1.04717 0.528297 1.051677 0.528297 1.051677 0.51223 1.051856 0.510988 1.047328 0.51223 1.051856 0.528297 1.051677 0.52972 1.056215 0.52972 1.056215 0.513636 1.056416 0.51223 1.051856 0.513636 1.056416 0.52972 1.056215 0.531312 1.060787 0.531312 1.060787 0.515202 1.061008 0.513636 1.056416 0.515202 1.061008 0.531312 1.060787 0.533069 1.065396 0.533069 1.065396 0.516927 1.065636 0.515202 1.061008 0.516927 1.065636 0.533069 1.065396 0.534988 1.070043 0.534988 1.070043 0.518805 1.070303 0.516927 1.065636 0.518805 1.070303 0.534988 1.070043 0.537065 1.074732 0.537065 1.074732 0.520835 1.07501 0.518805 1.070303 0.520835 1.07501 0.537065 1.074732 0.539298 1.079466 0.539298 1.079466 0.523013 1.079762 0.520835 1.07501 0.523013 1.079762 0.539298 1.079466 0.541684 1.084246 0.541684 1.084246 0.525336 1.08456 0.523013 1.079762 0.525336 1.08456 0.541684 1.084246 0.544219 1.089077 0.544219 1.089077 0.5278 1.089407 0.525336 1.08456 0.5278 1.089407 0.544219 1.089077 0.5469 1.093961 0.5469 1.093961 0.530402 1.094307 0.5278 1.089407 0.530402 1.094307 0.5469 1.093961 0.549723 1.098901 0.549723 1.098901 0.533139 1.099262 0.530402 1.094307 0.533139 1.099262 0.549723 1.098901 0.552684 1.1039 0.552684 1.1039 0.536006 1.104275 0.533139 1.099262 0.536006 1.104275 0.552684 1.1039 0.55578 1.108961 0.55578 1.108961 0.539 1.10935 0.536006 1.104275 0.539 1.10935 0.55578 1.108961 0.559006 1.114088 0.559006 1.114088 0.542117 1.11449 0.539 1.10935 0.542117 1.11449 0.559006 1.114088 0.562359 1.119283 0.562359 1.119283 0.545353 1.119697 0.542117 1.11449 0.545353 1.119697 0.562359 1.119283 0.565833 1.12455 0.565833 1.12455 0.548704 1.124975 0.545353 1.119697 0.548704 1.124975 0.565833 1.12455 0.569425 1.129892 0.569425 1.129892 0.552164 1.130328 0.548704 1.124975 0.552164 1.130328 0.569425 1.129892 0.57313 1.135311 0.57313 1.135311 0.55573 1.135758 0.552164 1.130328 0.55573 1.135758 0.57313 1.135311 0.576943 1.140813 0.576943 1.140813 0.559398 1.141268 0.55573 1.135758 0.559398 1.141268 0.576943 1.140813 0.580859 1.146398 0.580859 1.146398 0.563162 1.146863 0.559398 1.141268 0.563162 1.146863 0.580859 1.146398 0.584874 1.152072 0.584874 1.152072 0.567018 1.152544 0.563162 1.146863 0.567018 1.152544 0.584874 1.152072 0.588984 1.157838 0.588984 1.157838 0.570961 1.158317 0.567018 1.152544 0.570961 1.158317 0.588984 1.157838 0.593182 1.163698 0.593182 1.163698 0.574987 1.164183 0.570961 1.158317 0.574987 1.164183 0.593182 1.163698 0.597464 1.169656 0.597464 1.169656 0.579091 1.170147 0.574987 1.164183 0.579091 1.170147 0.597464 1.169656 0.601826 1.175716 0.601826 1.175716 0.583267 1.176212 0.579091 1.170147 0.583267 1.176212 0.601826 1.175716 0.606261 1.181881 0.606261 1.181881 0.587511 1.182382 0.583267 1.176212 0.587511 1.182382 0.606261 1.181881 0.610766 1.188155 0.610766 1.188155 0.591819 1.188659 0.587511 1.182382 0.591819 1.188659 0.610766 1.188155 0.615335 1.194541 0.615335 1.194541 0.596184 1.195048 0.591819 1.188659 0.596184 1.195048 0.615335 1.194541 0.619963 1.201042 0.619963 1.201042 0.600604 1.201552 0.596184 1.195048 0.600604 1.201552 0.619963 1.201042 0.624645 1.207663 0.624645 1.207663 0.605072 1.208175 0.600604 1.201552 0.605072 1.208175 0.624645 1.207663 0.629377 1.214407 0.629377 1.214407 0.609584 1.21492 0.605072 1.208175 0.609584 1.21492 0.629377 1.214407 0.634153 1.221277 0.634153 1.221277 0.614135 1.221791 0.609584 1.21492 0.614135 1.221791 0.634153 1.221277 0.638969 1.228277 0.638969 1.228277 0.61872 1.228791 0.614135 1.221791 0.61872 1.228791 0.638969 1.228277 0.643819 1.235412 0.643819 1.235412 0.623335 1.235925 0.61872 1.228791 0.623335 1.235925 0.643819 1.235412 0.648698 1.242684 0.648698 1.242684 0.627974 1.243195 0.623335 1.235925 0.627974 1.243195 0.648698 1.242684 0.653602 1.250097 0.653602 1.250097 0.632633 1.250607 0.627974 1.243195 0.632633 1.250607 0.653602 1.250097 0.658525 1.257655 0.658525 1.257655 0.637307 1.258163 0.632633 1.250607 0.637307 1.258163 0.658525 1.257655 0.663461 1.265363 0.663461 1.265363 0.64199 1.265868 0.637307 1.258163 0.64199 1.265868 0.663461 1.265363 0.668406 1.273223 0.668406 1.273223 0.646676 1.273725 0.64199 1.265868 0.646676 1.273725 0.668406 1.273223 0.673353 1.28124 0.673353 1.28124 0.651362 1.281737 0.646676 1.273725 0.651362 1.281737 0.673353 1.28124 0.678297 1.289417 0.678297 1.289417 0.656042 1.28991 0.651362 1.281737 0.656042 1.28991 0.678297 1.289417 0.683232 1.297758 0.683232 1.297758 0.660711 1.298245 0.656042 1.28991 0.660711 1.298245 0.683232 1.297758 0.688154 1.306266 0.688154 1.306266 0.665362 1.306748 0.660711 1.298245 0.665362 1.306748 0.688154 1.306266 0.693056 1.314946 0.693056 1.314946 0.669992 1.315422 0.665362 1.306748 0.669992 1.315422 0.693056 1.314946 0.697933 1.323801 0.697933 1.323801 0.674594 1.32427 0.669992 1.315422 0.674594 1.32427 0.697933 1.323801 0.702779 1.332834 0.702779 1.332834 0.679163 1.333296 0.674594 1.32427 0.679163 1.333296 0.702779 1.332834 0.707588 1.34205 0.707588 1.34205 0.683694 1.342503 0.679163 1.333296 0.683694 1.342503 0.707588 1.34205 0.712355 1.351451 0.712355 1.351451 0.688183 1.351896 0.683694 1.342503 0.688183 1.351896 0.712355 1.351451 0.717075 1.361041 0.717075 1.361041 0.692622 1.361478 0.688183 1.351896 0.692622 1.361478 0.717075 1.361041 0.72174 1.370823 0.72174 1.370823 0.697007 1.371251 0.692622 1.361478 0.697007 1.371251 0.72174 1.370823 0.726346 1.380802 0.726346 1.380802 0.701332 1.38122 0.697007 1.371251 0.701332 1.38122 0.726346 1.380802 0.730884 1.39098 0.730884 1.39098 0.705591 1.391388 0.701332 1.38122 0.705591 1.391388 0.730884 1.39098 0.735349 1.40136 0.735349 1.40136 0.709778 1.401757 0.705591 1.391388 0.709778 1.401757 0.735349 1.40136 0.739735 1.411945 0.739735 1.411945 0.713886 1.412332 0.709778 1.401757 0.713886 1.412332 0.739735 1.411945 0.744034 1.422738 0.744034 1.422738 0.717911 1.423113 0.713886 1.412332 0.717911 1.423113 0.744034 1.422738 0.748239 1.433741 0.748239 1.433741 0.721844 1.434105 0.717911 1.423113 0.721844 1.434105 0.748239 1.433741 0.752345 1.444958 0.752345 1.444958 0.725681 1.445309 0.721844 1.434105 0.725681 1.445309 0.752345 1.444958 0.756343 1.45639 0.756343 1.45639 0.729414 1.456728 0.725681 1.445309 0.729414 1.456728 0.756343 1.45639 0.760225 1.46804 0.760225 1.46804 0.733037 1.468365 0.729414 1.456728 0.733037 1.468365 0.760225 1.46804 0.763983 1.47991 0.763983 1.47991 0.73654 1.48022 0.733037 1.468365 0.73654 1.48022 0.763983 1.47991 0.76761 1.492 0.76761 1.492 0.739919 1.492296 0.73654 1.48022 0.739919 1.492296 0.76761 1.492 0.771098 1.504312 0.771098 1.504312 0.743167 1.504593 0.739919 1.492296 0.743167 1.504593 0.771098 1.504312 0.774441 1.516846 0.774441 1.516846 0.746277 1.517113 0.743167 1.504593 0.746277 1.517113 0.774441 1.516846 0.777634 1.529603 0.777634 1.529603 0.749247 1.529855 0.746277 1.517113 0.749247 1.529855 0.777634 1.529603 0.780673 1.542584 0.780673 1.542584 0.752069 1.54282 0.749247 1.529855 0.752069 1.54282 0.780673 1.542584 0.78355 1.555788 0.78355 1.555788 0.754739 1.556009 0.752069 1.54282 0.754739 1.556009 0.78355 1.555788 0.78626 1.569217 0.78626 1.569217 0.757251 1.569422 0.754739 1.556009 0.757251 1.569422 0.78626 1.569217 0.788794 1.58287 0.788794 1.58287 0.759597 1.583059 0.757251 1.569422 0.759597 1.583059 0.788794 1.58287 0.791142 1.596747 0.791142 1.596747 0.761768 1.596919 0.759597 1.583059 0.761768 1.596919 0.791142 1.596747 0.793292 1.610846 0.793292 1.610846 0.763754 1.611002 0.761768 1.596919 0.763754 1.611002 0.793292 1.610846 0.795231 1.625168 0.795231 1.625168 0.76554 1.625305 0.763754 1.611002 0.76554 1.625305 0.795231 1.625168 0.796943 1.639709 0.796943 1.639709 0.767114 1.639827 0.76554 1.625305 0.767114 1.639827 0.796943 1.639709 0.798409 1.654466 0.798409 1.654466 0.768457 1.654564 0.767114 1.639827 0.768457 1.654564 0.798409 1.654466 0.799607 1.669439 0.799607 1.669439 0.76955 1.669515 0.768457 1.654564 0.76955 1.669515 0.799607 1.669439 0.800511 1.684621 0.800511 1.684621 0.770367 1.684673 0.76955 1.669515 0.770367 1.684673 0.800511 1.684621 0.80109 1.700007 0.80109 1.700007 0.770879 1.700034 0.770367 1.684673 0.770879 1.700034 0.80109 1.700007 0.801304 1.71559 0.801304 1.71559 0.771049 1.71559 0.770879 1.700034 0.771049 1.71559 0.801304 1.71559 0.801107 1.731363 0.801107 1.731363 0.770833 1.731332 0.771049 1.71559 0.770833 1.731332 0.801107 1.731363 0.800437 1.747317 0.800437 1.747317 0.770171 1.74725 0.770833 1.731332 0.770171 1.74725 0.800437 1.747317 0.799212 1.76344 0.799212 1.76344 0.768988 1.763333 0.770171 1.74725 0.768988 1.763333 0.799212 1.76344 0.797326 1.779718 0.797326 1.779718 0.767186 1.779562 0.768988 1.763333 0.767186 1.779562 0.797326 1.779718 0.794643 1.79613 0.794643 1.79613 0.764634 1.795917 0.767186 1.779562 0.764634 1.795917 0.794643 1.79613 0.790983 1.812651 0.790983 1.812651 0.761167 1.812367 0.764634 1.795917 0.761167 1.812367 0.790983 1.812651 0.78611 1.829244 0.78611 1.829244 0.756566 1.828873 0.761167 1.812367 0.756566 1.828873 0.78611 1.829244 0.779718 1.845861 0.779718 1.845861 0.750551 1.845385 0.756566 1.828873 0.750551 1.845385 0.779718 1.845861 0.771408 1.862438 0.771408 1.862438 0.742759 1.861829 0.750551 1.845385 0.742759 1.861829 0.771408 1.862438 0.760675 1.878882 0.760675 1.878882 0.732736 1.878107 0.742759 1.861829 0.732736 1.878107 0.760675 1.878882 0.746886 1.895056 0.746886 1.895056 0.719926 1.894078 0.732736 1.878107 0.719926 1.894078 0.746886 1.895056 0.729298 1.910767 0.729298 1.910767 0.703689 1.909545 0.719926 1.894078 0.703689 1.909545 0.729298 1.910767 0.707105 1.925738 0.707105 1.925738 0.683368 1.924232 0.703689 1.909545 0.683368 1.924232 0.707105 1.925738 0.679621 1.939566 0.679621 1.939566 0.658464 1.93776 0.683368 1.924232 0.658464 1.93776 0.679621 1.939566 0.646659 1.951712 0.646659 1.951712 0.628992 1.949639 0.658464 1.93776 0.424703 1.011805 0.441434 1.011803 0.441382 1.016286 0.441382 1.016286 0.424719 1.01631 0.424703 1.011805 0.424719 1.01631 0.441382 1.016286 0.441597 1.020766 0.441597 1.020766 0.424995 1.020811 0.424719 1.01631 0.424995 1.020811 0.441597 1.020766 0.441966 1.025256 0.441966 1.025256 0.425416 1.025322 0.424995 1.020811 0.425416 1.025322 0.441966 1.025256 0.442485 1.02976 0.442485 1.02976 0.42598 1.029846 0.425416 1.025322 0.42598 1.029846 0.442485 1.02976 0.443154 1.03428 0.443154 1.03428 0.426685 1.034384 0.42598 1.029846 0.426685 1.034384 0.443154 1.03428 0.443967 1.038817 0.443967 1.038817 0.427527 1.03894 0.426685 1.034384 0.427527 1.03894 0.443967 1.038817 0.444923 1.043375 0.444923 1.043375 0.428503 1.043516 0.427527 1.03894 0.428503 1.043516 0.444923 1.043375 0.446019 1.047955 0.446019 1.047955 0.429611 1.048113 0.428503 1.043516 0.429611 1.048113 0.446019 1.047955 0.447251 1.052561 0.447251 1.052561 0.430847 1.052736 0.429611 1.048113 0.430847 1.052736 0.447251 1.052561 0.448616 1.057195 0.448616 1.057195 0.432209 1.057386 0.430847 1.052736 0.432209 1.057386 0.448616 1.057195 0.450111 1.061859 0.450111 1.061859 0.433692 1.062065 0.432209 1.057386 0.433692 1.062065 0.450111 1.061859 0.451732 1.066556 0.451732 1.066556 0.435294 1.066778 0.433692 1.062065 0.435294 1.066778 0.451732 1.066556 0.453477 1.07129 0.453477 1.07129 0.437012 1.071525 0.435294 1.066778 0.437012 1.071525 0.453477 1.07129 0.455342 1.076061 0.455342 1.076061 0.438843 1.07631 0.437012 1.071525 0.438843 1.07631 0.455342 1.076061 0.457325 1.080874 0.457325 1.080874 0.440782 1.081136 0.438843 1.07631 0.440782 1.081136 0.457325 1.080874 0.45942 1.085731 0.45942 1.085731 0.442827 1.086005 0.440782 1.081136 0.442827 1.086005 0.45942 1.085731 0.461626 1.090635 0.461626 1.090635 0.444975 1.09092 0.442827 1.086005 0.444975 1.09092 0.461626 1.090635 0.46394 1.095588 0.46394 1.095588 0.447222 1.095885 0.444975 1.09092 0.447222 1.095885 0.46394 1.095588 0.466356 1.100594 0.466356 1.100594 0.449564 1.100902 0.447222 1.095885 0.449564 1.100902 0.466356 1.100594 0.468873 1.105657 0.468873 1.105657 0.451999 1.105974 0.449564 1.100902 0.451999 1.105974 0.468873 1.105657 0.471485 1.110778 0.471485 1.110778 0.454522 1.111104 0.451999 1.105974 0.454522 1.111104 0.471485 1.110778 0.474191 1.115961 0.474191 1.115961 0.45713 1.116296 0.454522 1.111104 0.45713 1.116296 0.474191 1.115961 0.476985 1.121209 0.476985 1.121209 0.459819 1.121552 0.45713 1.116296 0.459819 1.121552 0.476985 1.121209 0.479863 1.126525 0.479863 1.126525 0.462586 1.126876 0.459819 1.121552 0.462586 1.126876 0.479863 1.126525 0.482823 1.131913 0.482823 1.131913 0.465425 1.13227 0.462586 1.126876 0.465425 1.13227 0.482823 1.131913 0.485859 1.137375 0.485859 1.137375 0.468335 1.137739 0.465425 1.13227 0.468335 1.137739 0.485859 1.137375 0.488968 1.142916 0.488968 1.142916 0.47131 1.143285 0.468335 1.137739 0.47131 1.143285 0.488968 1.142916 0.492146 1.148537 0.492146 1.148537 0.474347 1.148912 0.47131 1.143285 0.474347 1.148912 0.492146 1.148537 0.495388 1.154244 0.495388 1.154244 0.47744 1.154623 0.474347 1.148912 0.47744 1.154623 0.495388 1.154244 0.49869 1.160039 0.49869 1.160039 0.480587 1.160421 0.47744 1.154623 0.480587 1.160421 0.49869 1.160039 0.502048 1.165925 0.502048 1.165925 0.483783 1.166311 0.480587 1.160421 0.483783 1.166311 0.502048 1.165925 0.505457 1.171906 0.505457 1.171906 0.487024 1.172295 0.483783 1.166311 0.487024 1.172295 0.505457 1.171906 0.508914 1.177985 0.508914 1.177985 0.490305 1.178376 0.487024 1.172295 0.490305 1.178376 0.508914 1.177985 0.512413 1.184167 0.512413 1.184167 0.493623 1.184559 0.490305 1.178376 0.493623 1.184559 0.512413 1.184167 0.515951 1.190454 0.515951 1.190454 0.496973 1.190847 0.493623 1.184559 0.496973 1.190847 0.515951 1.190454 0.519524 1.19685 0.519524 1.19685 0.500351 1.197244 0.496973 1.190847 0.500351 1.197244 0.519524 1.19685 0.523126 1.203359 0.523126 1.203359 0.503753 1.203753 0.500351 1.197244 0.503753 1.203753 0.523126 1.203359 0.526754 1.209984 0.526754 1.209984 0.507175 1.210377 0.503753 1.203753 0.507175 1.210377 0.526754 1.209984 0.530403 1.216729 0.530403 1.216729 0.510612 1.217122 0.507175 1.210377 0.510612 1.217122 0.530403 1.216729 0.53407 1.223598 0.53407 1.223598 0.514062 1.223989 0.510612 1.217122 0.514062 1.223989 0.53407 1.223598 0.53775 1.230595 0.53775 1.230595 0.517519 1.230984 0.514062 1.223989 0.517519 1.230984 0.53775 1.230595 0.541439 1.237723 0.541439 1.237723 0.52098 1.238109 0.517519 1.230984 0.52098 1.238109 0.541439 1.237723 0.545132 1.244985 0.545132 1.244985 0.52444 1.245369 0.52098 1.238109 0.52444 1.245369 0.545132 1.244985 0.548827 1.252387 0.548827 1.252387 0.527896 1.252767 0.52444 1.245369 0.527896 1.252767 0.548827 1.252387 0.552517 1.259931 0.552517 1.259931 0.531345 1.260307 0.527896 1.252767 0.531345 1.260307 0.552517 1.259931 0.5562 1.267621 0.5562 1.267621 0.534781 1.267994 0.531345 1.260307 0.534781 1.267994 0.5562 1.267621 0.559872 1.275462 0.559872 1.275462 0.538201 1.27583 0.534781 1.267994 0.538201 1.27583 0.559872 1.275462 0.563526 1.283457 0.563526 1.283457 0.5416 1.28382 0.538201 1.27583 0.5416 1.28382 0.563526 1.283457 0.567161 1.291609 0.567161 1.291609 0.544976 1.291967 0.5416 1.28382 0.544976 1.291967 0.567161 1.291609 0.570772 1.299923 0.570772 1.299923 0.548325 1.300275 0.544976 1.291967 0.548325 1.300275 0.570772 1.299923 0.574354 1.308403 0.574354 1.308403 0.551642 1.308749 0.548325 1.300275 0.551642 1.308749 0.574354 1.308403 0.577904 1.317051 0.577904 1.317051 0.554924 1.317391 0.551642 1.308749 0.554924 1.317391 0.577904 1.317051 0.581417 1.325872 0.581417 1.325872 0.558168 1.326205 0.554924 1.317391 0.558168 1.326205 0.581417 1.325872 0.58489 1.33487 0.58489 1.33487 0.561368 1.335196 0.558168 1.326205 0.561368 1.335196 0.58489 1.33487 0.588319 1.344048 0.588319 1.344048 0.564523 1.344367 0.561368 1.335196 0.564523 1.344367 0.588319 1.344048 0.591699 1.353409 0.591699 1.353409 0.567628 1.353721 0.564523 1.344367 0.567628 1.353721 0.591699 1.353409 0.595027 1.362958 0.595027 1.362958 0.570681 1.363262 0.567628 1.353721 0.570681 1.363262 0.595027 1.362958 0.5983 1.372697 0.5983 1.372697 0.573677 1.372993 0.570681 1.363262 0.573677 1.372993 0.5983 1.372697 0.601512 1.38263 0.601512 1.38263 0.576613 1.382917 0.573677 1.372993 0.576613 1.382917 0.601512 1.38263 0.604661 1.392761 0.604661 1.392761 0.579485 1.393039 0.576613 1.382917 0.579485 1.393039 0.604661 1.392761 0.607741 1.403092 0.607741 1.403092 0.58229 1.403361 0.579485 1.393039 0.58229 1.403361 0.607741 1.403092 0.61075 1.413626 0.61075 1.413626 0.585025 1.413886 0.58229 1.403361 0.585025 1.413886 0.61075 1.413626 0.613683 1.424366 0.613683 1.424366 0.587686 1.424617 0.585025 1.413886 0.587686 1.424617 0.613683 1.424366 0.616535 1.435314 0.616535 1.435314 0.59027 1.435556 0.587686 1.424617 0.59027 1.435556 0.616535 1.435314 0.619304 1.446474 0.619304 1.446474 0.592772 1.446707 0.59027 1.435556 0.592772 1.446707 0.619304 1.446474 0.621984 1.457848 0.621984 1.457848 0.595191 1.45807 0.592772 1.446707 0.595191 1.45807 0.621984 1.457848 0.624573 1.469438 0.624573 1.469438 0.597521 1.46965 0.595191 1.45807 0.597521 1.46965 0.624573 1.469438 0.627065 1.481245 0.627065 1.481245 0.599761 1.481447 0.597521 1.46965 0.599761 1.481447 0.627065 1.481245 0.629457 1.493271 0.629457 1.493271 0.601907 1.493463 0.599761 1.481447 0.601907 1.493463 0.629457 1.493271 0.631745 1.505519 0.631745 1.505519 0.603956 1.5057 0.601907 1.493463 0.603956 1.5057 0.631745 1.505519 0.633927 1.517988 0.633927 1.517988 0.605905 1.518158 0.603956 1.5057 0.605905 1.518158 0.633927 1.517988 0.635999 1.530679 0.635999 1.530679 0.607753 1.530839 0.605905 1.518158 0.607753 1.530839 0.635999 1.530679 0.637958 1.543593 0.637958 1.543593 0.609497 1.543742 0.607753 1.530839 0.609497 1.543742 0.637958 1.543593 0.639802 1.55673 0.639802 1.55673 0.611134 1.556868 0.609497 1.543742 0.611134 1.556868 0.639802 1.55673 0.641526 1.570089 0.641526 1.570089 0.612662 1.570217 0.611134 1.556868 0.612662 1.570217 0.641526 1.570089 0.643126 1.583672 0.643126 1.583672 0.614076 1.583788 0.612662 1.570217 0.614076 1.583788 0.643126 1.583672 0.644597 1.597476 0.644597 1.597476 0.615373 1.597581 0.614076 1.583788 0.615373 1.597581 0.644597 1.597476 0.645931 1.6115 0.645931 1.6115 0.616546 1.611594 0.615373 1.597581 0.616546 1.611594 0.645931 1.6115 0.647122 1.625742 0.647122 1.625742 0.61759 1.625824 0.616546 1.611594 0.61759 1.625824 0.647122 1.625742 0.648159 1.640201 0.648159 1.640201 0.618496 1.64027 0.61759 1.625824 0.618496 1.64027 0.648159 1.640201 0.649031 1.654872 0.649031 1.654872 0.619254 1.654928 0.618496 1.64027 0.619254 1.654928 0.649031 1.654872 0.649723 1.66975 0.649723 1.66975 0.619851 1.669792 0.619254 1.654928 0.619851 1.669792 0.649723 1.66975 0.650219 1.684832 0.650219 1.684832 0.620273 1.684859 0.619851 1.669792 0.620273 1.684859 0.650219 1.684832 0.650499 1.700108 0.650499 1.700108 0.620502 1.700119 0.620273 1.684859 0.620502 1.700119 0.650499 1.700108 0.650537 1.715571 0.650537 1.715571 0.620516 1.715564 0.620502 1.700119 0.620516 1.715564 0.650537 1.715571 0.650302 1.73121 0.650302 1.73121 0.620288 1.731184 0.620516 1.715564 0.620288 1.731184 0.650302 1.73121 0.649752 1.747012 0.649752 1.747012 0.619782 1.746963 0.620288 1.731184 0.619782 1.746963 0.649752 1.747012 0.648838 1.76296 0.648838 1.76296 0.618954 1.762884 0.619782 1.746963 0.618954 1.762884 0.648838 1.76296 0.647491 1.77903 0.647491 1.77903 0.617748 1.778925 0.618954 1.762884 0.617748 1.778925 0.647491 1.77903 0.645629 1.795195 0.645629 1.795195 0.616091 1.795053 0.617748 1.778925 0.616091 1.795053 0.645629 1.795195 0.643143 1.811416 0.643143 1.811416 0.613891 1.811232 0.616091 1.795053 0.613891 1.811232 0.643143 1.811416 0.639896 1.827644 0.639896 1.827644 0.611033 1.827409 0.613891 1.811232 0.611033 1.827409 0.639896 1.827644 0.635716 1.843815 0.635716 1.843815 0.607375 1.843518 0.611033 1.827409 0.607375 1.843518 0.635716 1.843815 0.630393 1.859842 0.630393 1.859842 0.602742 1.859471 0.607375 1.843518 0.602742 1.859471 0.630393 1.859842 0.623675 1.87561 0.623675 1.87561 0.596933 1.87515 0.602742 1.859471 0.596933 1.87515 0.623675 1.87561 0.615278 1.890968 0.615278 1.890968 0.589722 1.890405 0.596933 1.87515 0.589722 1.890405 0.615278 1.890968 0.604913 1.90572 0.604913 1.90572 0.58089 1.90504 0.589722 1.890405 0.58089 1.90504 0.604913 1.90572 0.59234 1.919615 0.59234 1.919615 0.570272 1.918814 0.58089 1.90504 0.570272 1.918814 0.59234 1.919615 0.577484 1.932354 0.577484 1.932354 0.557846 1.931439 0.570272 1.918814 0.557846 1.931439 0.577484 1.932354 0.560581 1.94361 0.560581 1.94361 0.543858 1.942609 0.557846 1.931439 0.323279 1.01666 0.340339 1.016575 0.340954 1.021164 0.340954 1.021164 0.323969 1.021262 0.323279 1.01666 0.323969 1.021262 0.340954 1.021164 0.341675 1.02576 0.341675 1.02576 0.324757 1.025872 0.323969 1.021262 0.324757 1.025872 0.341675 1.02576 0.3425 1.030365 0.3425 1.030365 0.325642 1.030491 0.324757 1.025872 0.325642 1.030491 0.3425 1.030365 0.343425 1.034983 0.343425 1.034983 0.326618 1.03512 0.325642 1.030491 0.326618 1.03512 0.343425 1.034983 0.344447 1.039615 0.344447 1.039615 0.327684 1.039764 0.326618 1.03512 0.327684 1.039764 0.344447 1.039615 0.345563 1.044263 0.345563 1.044263 0.328835 1.044424 0.327684 1.039764 0.328835 1.044424 0.345563 1.044263 0.346771 1.048931 0.346771 1.048931 0.33007 1.049102 0.328835 1.044424 0.33007 1.049102 0.346771 1.048931 0.348066 1.053621 0.348066 1.053621 0.331384 1.053802 0.33007 1.049102 0.331384 1.053802 0.348066 1.053621 0.349447 1.058335 0.349447 1.058335 0.332776 1.058525 0.331384 1.053802 0.332776 1.058525 0.349447 1.058335 0.35091 1.063075 0.35091 1.063075 0.334241 1.063275 0.332776 1.058525 0.334241 1.063275 0.35091 1.063075 0.352451 1.067846 0.352451 1.067846 0.335776 1.068054 0.334241 1.063275 0.335776 1.068054 0.352451 1.067846 0.354068 1.072648 0.354068 1.072648 0.337379 1.072864 0.335776 1.068054 0.337379 1.072864 0.354068 1.072648 0.355757 1.077486 0.355757 1.077486 0.339047 1.077709 0.337379 1.072864 0.339047 1.077709 0.355757 1.077486 0.357515 1.082361 0.357515 1.082361 0.340775 1.082592 0.339047 1.077709 0.340775 1.082592 0.357515 1.082361 0.35934 1.087277 0.35934 1.087277 0.342562 1.087514 0.340775 1.082592 0.342562 1.087514 0.35934 1.087277 0.361228 1.092237 0.361228 1.092237 0.344404 1.092479 0.342562 1.087514 0.344404 1.092479 0.361228 1.092237 0.363175 1.097243 0.363175 1.097243 0.346297 1.097491 0.344404 1.092479 0.346297 1.097491 0.363175 1.097243 0.365179 1.102298 0.365179 1.102298 0.348239 1.102551 0.346297 1.097491 0.348239 1.102551 0.365179 1.102298 0.367236 1.107406 0.367236 1.107406 0.350226 1.107663 0.348239 1.102551 0.350226 1.107663 0.367236 1.107406 0.369342 1.112569 0.369342 1.112569 0.352254 1.11283 0.350226 1.107663 0.352254 1.11283 0.369342 1.112569 0.371495 1.117791 0.371495 1.117791 0.354321 1.118056 0.352254 1.11283 0.354321 1.118056 0.371495 1.117791 0.373691 1.123075 0.373691 1.123075 0.356424 1.123342 0.354321 1.118056 0.356424 1.123342 0.373691 1.123075 0.375926 1.128423 0.375926 1.128423 0.358558 1.128693 0.356424 1.123342 0.358558 1.128693 0.375926 1.128423 0.378197 1.13384 0.378197 1.13384 0.36072 1.134112 0.358558 1.128693 0.36072 1.134112 0.378197 1.13384 0.3805 1.139328 0.3805 1.139328 0.362908 1.139601 0.36072 1.134112 0.362908 1.139601 0.3805 1.139328 0.382833 1.144891 0.382833 1.144891 0.365117 1.145165 0.362908 1.139601 0.365117 1.145165 0.382833 1.144891 0.38519 1.150532 0.38519 1.150532 0.367343 1.150806 0.365117 1.145165 0.367343 1.150806 0.38519 1.150532 0.38757 1.156254 0.38757 1.156254 0.369584 1.156529 0.367343 1.150806 0.369584 1.156529 0.38757 1.156254 0.389966 1.162061 0.389966 1.162061 0.371836 1.162335 0.369584 1.156529 0.371836 1.162335 0.389966 1.162061 0.392377 1.167957 0.392377 1.167957 0.374094 1.16823 0.371836 1.162335 0.374094 1.16823 0.392377 1.167957 0.394799 1.173945 0.394799 1.173945 0.376356 1.174216 0.374094 1.16823 0.376356 1.174216 0.394799 1.173945 0.397228 1.180027 0.397228 1.180027 0.378619 1.180298 0.376356 1.174216 0.378619 1.180298 0.397228 1.180027 0.39966 1.186209 0.39966 1.186209 0.380878 1.186477 0.378619 1.180298 0.380878 1.186477 0.39966 1.186209 0.402092 1.192494 0.402092 1.192494 0.38313 1.192759 0.380878 1.186477 0.38313 1.192759 0.402092 1.192494 0.40452 1.198885 0.40452 1.198885 0.385371 1.199147 0.38313 1.192759 0.385371 1.199147 0.40452 1.198885 0.406941 1.205386 0.406941 1.205386 0.3876 1.205645 0.385371 1.199147 0.3876 1.205645 0.406941 1.205386 0.409352 1.212 0.409352 1.212 0.389812 1.212256 0.3876 1.205645 0.389812 1.212256 0.409352 1.212 0.411749 1.218732 0.411749 1.218732 0.392004 1.218984 0.389812 1.212256 0.392004 1.218984 0.411749 1.218732 0.414129 1.225586 0.414129 1.225586 0.394173 1.225834 0.392004 1.218984 0.394173 1.225834 0.414129 1.225586 0.416489 1.232564 0.416489 1.232564 0.396316 1.232808 0.394173 1.225834 0.396316 1.232808 0.416489 1.232564 0.418825 1.239672 0.418825 1.239672 0.39843 1.23991 0.396316 1.232808 0.39843 1.23991 0.418825 1.239672 0.421136 1.246912 0.421136 1.246912 0.400513 1.247146 0.39843 1.23991 0.400513 1.247146 0.421136 1.246912 0.423417 1.254289 0.423417 1.254289 0.402561 1.254517 0.400513 1.247146 0.402561 1.254517 0.423417 1.254289 0.425665 1.261806 0.425665 1.261806 0.404572 1.262029 0.402561 1.254517 0.404572 1.262029 0.425665 1.261806 0.427879 1.269468 0.427879 1.269468 0.406543 1.269685 0.404572 1.262029 0.406543 1.269685 0.427879 1.269468 0.430056 1.277278 0.430056 1.277278 0.408473 1.277489 0.406543 1.269685 0.408473 1.277489 0.430056 1.277278 0.432192 1.28524 0.432192 1.28524 0.410358 1.285445 0.408473 1.277489 0.410358 1.285445 0.432192 1.28524 0.434286 1.293358 0.434286 1.293358 0.412197 1.293557 0.410358 1.285445 0.412197 1.293557 0.434286 1.293358 0.436334 1.301637 0.436334 1.301637 0.413986 1.301829 0.412197 1.293557 0.413986 1.301829 0.436334 1.301637 0.438335 1.310079 0.438335 1.310079 0.415725 1.310264 0.413986 1.301829 0.415725 1.310264 0.438335 1.310079 0.440287 1.318689 0.440287 1.318689 0.417411 1.318867 0.415725 1.310264 0.417411 1.318867 0.440287 1.318689 0.442187 1.32747 0.442187 1.32747 0.419043 1.327642 0.417411 1.318867 0.419043 1.327642 0.442187 1.32747 0.444033 1.336426 0.444033 1.336426 0.42062 1.336591 0.419043 1.327642 0.42062 1.336591 0.444033 1.336426 0.445825 1.345561 0.445825 1.345561 0.422139 1.345719 0.42062 1.336591 0.422139 1.345719 0.445825 1.345561 0.44756 1.354879 0.44756 1.354879 0.4236 1.35503 0.422139 1.345719 0.4236 1.35503 0.44756 1.354879 0.449237 1.364383 0.449237 1.364383 0.425003 1.364527 0.4236 1.35503 0.425003 1.364527 0.449237 1.364383 0.450854 1.374077 0.450854 1.374077 0.426345 1.374214 0.425003 1.364527 0.426345 1.374214 0.450854 1.374077 0.452411 1.383963 0.452411 1.383963 0.427626 1.384094 0.426345 1.374214 0.427626 1.384094 0.452411 1.383963 0.453906 1.394047 0.453906 1.394047 0.428845 1.39417 0.427626 1.384094 0.428845 1.39417 0.453906 1.394047 0.455339 1.404329 0.455339 1.404329 0.430003 1.404446 0.428845 1.39417 0.430003 1.404446 0.455339 1.404329 0.456707 1.414815 0.456707 1.414815 0.431098 1.414924 0.430003 1.404446 0.431098 1.414924 0.456707 1.414815 0.458012 1.425505 0.458012 1.425505 0.432131 1.425608 0.431098 1.414924 0.432131 1.425608 0.458012 1.425505 0.459251 1.436404 0.459251 1.436404 0.433101 1.4365 0.432131 1.425608 0.433101 1.4365 0.459251 1.436404 0.460426 1.447514 0.460426 1.447514 0.434009 1.447603 0.433101 1.4365 0.434009 1.447603 0.460426 1.447514 0.461534 1.458837 0.461534 1.458837 0.434855 1.45892 0.434009 1.447603 0.434855 1.45892 0.461534 1.458837 0.462577 1.470375 0.462577 1.470375 0.435639 1.470452 0.434855 1.45892 0.435639 1.470452 0.462577 1.470375 0.463554 1.482131 0.463554 1.482131 0.436363 1.482202 0.435639 1.470452 0.436363 1.482202 0.463554 1.482131 0.464466 1.494107 0.464466 1.494107 0.437028 1.494171 0.436363 1.482202 0.437028 1.494171 0.464466 1.494107 0.465314 1.506303 0.465314 1.506303 0.437634 1.506362 0.437028 1.494171 0.437634 1.506362 0.465314 1.506303 0.466099 1.518721 0.466099 1.518721 0.438184 1.518774 0.437634 1.506362 0.438184 1.518774 0.466099 1.518721 0.466821 1.531361 0.466821 1.531361 0.43868 1.531409 0.438184 1.518774 0.43868 1.531409 0.466821 1.531361 0.467482 1.544226 0.467482 1.544226 0.439124 1.544268 0.43868 1.531409 0.439124 1.544268 0.467482 1.544226 0.468084 1.557313 0.468084 1.557313 0.439517 1.557351 0.439124 1.544268 0.439517 1.557351 0.468084 1.557313 0.468628 1.570623 0.468628 1.570623 0.439864 1.570656 0.439517 1.557351 0.439864 1.570656 0.468628 1.570623 0.469115 1.584156 0.469115 1.584156 0.440164 1.584184 0.439864 1.570656 0.440164 1.584184 0.469115 1.584156 0.469545 1.59791 0.469545 1.59791 0.44042 1.597934 0.440164 1.584184 0.44042 1.597934 0.469545 1.59791 0.469919 1.611883 0.469919 1.611883 0.440634 1.611903 0.44042 1.597934 0.440634 1.611903 0.469919 1.611883 0.470236 1.626073 0.470236 1.626073 0.440806 1.62609 0.440634 1.611903 0.440806 1.62609 0.470236 1.626073 0.470495 1.640477 0.470495 1.640477 0.440936 1.64049 0.440806 1.62609 0.440936 1.64049 0.470495 1.640477 0.470694 1.655091 0.470694 1.655091 0.441025 1.655099 0.440936 1.64049 0.441025 1.655099 0.470694 1.655091 0.470831 1.66991 0.470831 1.66991 0.441071 1.669914 0.441025 1.655099 0.441071 1.669914 0.470831 1.66991 0.470903 1.684927 0.470903 1.684927 0.441075 1.684928 0.441071 1.669914 0.441075 1.684928 0.470903 1.684927 0.470906 1.700136 0.470906 1.700136 0.441035 1.700132 0.441075 1.684928 0.441035 1.700132 0.470906 1.700136 0.470835 1.715525 0.470835 1.715525 0.44095 1.715517 0.441035 1.700132 0.44095 1.715517 0.470835 1.715525 0.470686 1.731083 0.470686 1.731083 0.440821 1.73107 0.44095 1.715517 0.440821 1.73107 0.470686 1.731083 0.470453 1.746794 0.470453 1.746794 0.440648 1.746777 0.440821 1.73107 0.440648 1.746777 0.470453 1.746794 0.47013 1.762638 0.47013 1.762638 0.440432 1.762616 0.440648 1.746777 0.440432 1.762616 0.47013 1.762638 0.469709 1.778591 0.469709 1.778591 0.440176 1.778564 0.440432 1.762616 0.440176 1.778564 0.469709 1.778591 0.469184 1.794618 0.469184 1.794618 0.439885 1.794587 0.440176 1.778564 0.439885 1.794587 0.469184 1.794618 0.468547 1.810679 0.468547 1.810679 0.439571 1.810645 0.439885 1.794587 0.439571 1.810645 0.468547 1.810679 0.467793 1.82672 0.467793 1.82672 0.439248 1.826682 0.439571 1.810645 0.439248 1.826682 0.467793 1.82672 0.466923 1.84267 0.466923 1.84267 0.438945 1.84263 0.439248 1.826682 0.438945 1.84263 0.466923 1.84267 0.465943 1.858437 0.465943 1.858437 0.438705 1.858399 0.438945 1.84263 0.438705 1.858399 0.465943 1.858437 0.464876 1.873906 0.464876 1.873906 0.438592 1.873872 0.438705 1.858399 0.438592 1.873872 0.464876 1.873906 0.463765 1.888929 0.463765 1.888929 0.438696 1.888905 0.438592 1.873872 0.438696 1.888905 0.463765 1.888929 0.462678 1.903321 0.462678 1.903321 0.439142 1.903313 0.438696 1.888905 0.439142 1.903313 0.462678 1.903321 0.461716 1.916861 0.461716 1.916861 0.440076 1.916877 0.439142 1.903313 0.440076 1.916877 0.461716 1.916861 0.461008 1.929297 0.461008 1.929297 0.441656 1.929344 0.440076 1.916877 0.441656 1.929344 0.461008 1.929297 0.460691 1.940377 0.460691 1.940377 0.443993 1.940455 0.441656 1.929344 0.237289 1.01726 0.254564 1.017115 0.255582 1.021763 0.255582 1.021763 0.238395 1.021916 0.237289 1.01726 0.238395 1.021916 0.255582 1.021763 0.256666 1.026415 0.256666 1.026415 0.2395589 1.026576 0.238395 1.021916 0.2395589 1.026576 0.256666 1.026415 0.257813 1.031074 0.257813 1.031074 0.240778 1.031241 0.2395589 1.026576 0.240778 1.031241 0.257813 1.031074 0.259019 1.035741 0.259019 1.035741 0.242047 1.035915 0.240778 1.031241 0.242047 1.035915 0.259019 1.035741 0.260281 1.04042 0.260281 1.04042 0.243363 1.0406 0.242047 1.035915 0.243363 1.0406 0.260281 1.04042 0.261595 1.045113 0.261595 1.045113 0.244724 1.045298 0.243363 1.0406 0.244724 1.045298 0.261595 1.045113 0.262959 1.049822 0.262959 1.049822 0.246124 1.050013 0.244724 1.045298 0.246124 1.050013 0.262959 1.049822 0.264369 1.054551 0.264369 1.054551 0.247563 1.054745 0.246124 1.050013 0.247563 1.054745 0.264369 1.054551 0.265823 1.059301 0.265823 1.059301 0.249037 1.0595 0.247563 1.054745 0.249037 1.0595 0.265823 1.059301 0.267317 1.064076 0.267317 1.064076 0.250544 1.064278 0.249037 1.0595 0.250544 1.064278 0.267317 1.064076 0.268849 1.068878 0.268849 1.068878 0.252079 1.069082 0.250544 1.064278 0.252079 1.069082 0.268849 1.068878 0.270416 1.073709 0.270416 1.073709 0.25364 1.073917 0.252079 1.069082 0.25364 1.073917 0.270416 1.073709 0.272014 1.078573 0.272014 1.078573 0.255226 1.078783 0.25364 1.073917 0.255226 1.078783 0.272014 1.078573 0.273641 1.083473 0.273641 1.083473 0.256831 1.083684 0.255226 1.078783 0.256831 1.083684 0.273641 1.083473 0.275293 1.088411 0.275293 1.088411 0.258454 1.088623 0.256831 1.083684 0.258454 1.088623 0.275293 1.088411 0.276967 1.093389 0.276967 1.093389 0.26009 1.093603 0.258454 1.088623 0.26009 1.093603 0.276967 1.093389 0.278661 1.098412 0.278661 1.098412 0.261738 1.098626 0.26009 1.093603 0.261738 1.098626 0.278661 1.098412 0.280371 1.103482 0.280371 1.103482 0.263394 1.103696 0.261738 1.098626 0.263394 1.103696 0.280371 1.103482 0.282095 1.108603 0.282095 1.108603 0.265055 1.108816 0.263394 1.103696 0.265055 1.108816 0.282095 1.108603 0.283828 1.113776 0.283828 1.113776 0.266719 1.113988 0.265055 1.108816 0.266719 1.113988 0.283828 1.113776 0.285569 1.119006 0.285569 1.119006 0.268381 1.119217 0.266719 1.113988 0.268381 1.119217 0.285569 1.119006 0.287313 1.124295 0.287313 1.124295 0.270039 1.124505 0.268381 1.119217 0.270039 1.124505 0.287313 1.124295 0.289058 1.129647 0.289058 1.129647 0.27169 1.129854 0.270039 1.124505 0.27169 1.129854 0.289058 1.129647 0.290801 1.135065 0.290801 1.135065 0.273331 1.13527 0.27169 1.129854 0.273331 1.13527 0.290801 1.135065 0.292538 1.140552 0.292538 1.140552 0.274959 1.140754 0.273331 1.13527 0.274959 1.140754 0.292538 1.140552 0.294267 1.146111 0.294267 1.146111 0.27657 1.146311 0.274959 1.140754 0.27657 1.146311 0.294267 1.146111 0.295983 1.151747 0.295983 1.151747 0.278162 1.151943 0.27657 1.146311 0.278162 1.151943 0.295983 1.151747 0.297684 1.157462 0.297684 1.157462 0.279731 1.157654 0.278162 1.151943 0.279731 1.157654 0.297684 1.157462 0.299366 1.16326 0.299366 1.16326 0.281274 1.163448 0.279731 1.157654 0.281274 1.163448 0.299366 1.16326 0.301027 1.169144 0.301027 1.169144 0.282788 1.169328 0.281274 1.163448 0.282788 1.169328 0.301027 1.169144 0.302663 1.175118 0.302663 1.175118 0.284269 1.175297 0.282788 1.169328 0.284269 1.175297 0.302663 1.175118 0.304271 1.181186 0.304271 1.181186 0.285715 1.18136 0.284269 1.175297 0.285715 1.18136 0.304271 1.181186 0.305847 1.187351 0.305847 1.187351 0.287123 1.18752 0.285715 1.18136 0.287123 1.18752 0.305847 1.187351 0.307389 1.193617 0.307389 1.193617 0.28849 1.19378 0.287123 1.18752 0.28849 1.19378 0.307389 1.193617 0.308895 1.199988 0.308895 1.199988 0.289813 1.200145 0.28849 1.19378 0.289813 1.200145 0.308895 1.199988 0.310361 1.206467 0.310361 1.206467 0.29109 1.206618 0.289813 1.200145 0.29109 1.206618 0.310361 1.206467 0.311784 1.213058 0.311784 1.213058 0.292318 1.213203 0.29109 1.206618 0.292318 1.213203 0.311784 1.213058 0.313163 1.219766 0.313163 1.219766 0.293495 1.219904 0.292318 1.213203 0.293495 1.219904 0.313163 1.219766 0.314495 1.226594 0.314495 1.226594 0.294618 1.226725 0.293495 1.219904 0.294618 1.226725 0.314495 1.226594 0.315777 1.233545 0.315777 1.233545 0.295686 1.233669 0.294618 1.226725 0.295686 1.233669 0.315777 1.233545 0.317007 1.240624 0.317007 1.240624 0.296697 1.240742 0.295686 1.233669 0.296697 1.240742 0.317007 1.240624 0.318184 1.247835 0.318184 1.247835 0.297648 1.247946 0.296697 1.240742 0.297648 1.247946 0.318184 1.247835 0.319305 1.255182 0.319305 1.255182 0.298537 1.255285 0.297648 1.247946 0.298537 1.255285 0.319305 1.255182 0.320369 1.262668 0.320369 1.262668 0.299365 1.262764 0.298537 1.255285 0.299365 1.262764 0.320369 1.262668 0.321373 1.270299 0.321373 1.270299 0.300128 1.270387 0.299365 1.262764 0.300128 1.270387 0.321373 1.270299 0.322318 1.278076 0.322318 1.278076 0.300826 1.278158 0.300128 1.270387 0.300826 1.278158 0.322318 1.278076 0.3232 1.286006 0.3232 1.286006 0.301458 1.28608 0.300826 1.278158 0.301458 1.28608 0.3232 1.286006 0.32402 1.29409 0.32402 1.29409 0.302022 1.294157 0.301458 1.28608 0.302022 1.294157 0.32402 1.29409 0.324775 1.302335 0.324775 1.302335 0.302519 1.302394 0.302022 1.294157 0.302519 1.302394 0.324775 1.302335 0.325465 1.310743 0.325465 1.310743 0.302947 1.310795 0.302519 1.302394 0.302947 1.310795 0.325465 1.310743 0.32609 1.319318 0.32609 1.319318 0.303305 1.319363 0.302947 1.310795 0.303305 1.319363 0.32609 1.319318 0.326649 1.328065 0.326649 1.328065 0.303596 1.328103 0.303305 1.319363 0.303596 1.328103 0.326649 1.328065 0.327143 1.336987 0.327143 1.336987 0.303818 1.337018 0.303596 1.328103 0.303818 1.337018 0.327143 1.336987 0.327572 1.346089 0.327572 1.346089 0.303973 1.346113 0.303818 1.337018 0.303973 1.346113 0.327572 1.346089 0.327936 1.355373 0.327936 1.355373 0.304062 1.355391 0.303973 1.346113 0.304062 1.355391 0.327936 1.355373 0.328236 1.364843 0.328236 1.364843 0.304085 1.364855 0.304062 1.355391 0.304085 1.364855 0.328236 1.364843 0.328473 1.374504 0.328473 1.374504 0.304044 1.37451 0.304085 1.364855 0.304044 1.37451 0.328473 1.374504 0.328648 1.384358 0.328648 1.384358 0.303942 1.384358 0.304044 1.37451 0.303942 1.384358 0.328648 1.384358 0.328762 1.394409 0.328762 1.394409 0.303777 1.394403 0.303942 1.384358 0.303777 1.394403 0.328762 1.394409 0.328816 1.40466 0.328816 1.40466 0.303554 1.404649 0.303777 1.394403 0.303554 1.404649 0.328816 1.40466 0.328813 1.415114 0.328813 1.415114 0.303275 1.415098 0.303554 1.404649 0.303275 1.415098 0.328813 1.415114 0.328754 1.425775 0.328754 1.425775 0.302941 1.425754 0.303275 1.415098 0.302941 1.425754 0.328754 1.425775 0.328641 1.436646 0.328641 1.436646 0.302556 1.43662 0.302941 1.425754 0.302556 1.43662 0.328641 1.436646 0.328478 1.447728 0.328478 1.447728 0.302123 1.447698 0.302556 1.43662 0.302123 1.447698 0.328478 1.447728 0.328267 1.459024 0.328267 1.459024 0.301646 1.458991 0.302123 1.447698 0.301646 1.458991 0.328267 1.459024 0.328012 1.470537 0.328012 1.470537 0.301129 1.470501 0.301646 1.458991 0.301129 1.470501 0.328012 1.470537 0.327716 1.482269 0.327716 1.482269 0.300575 1.48223 0.301129 1.470501 0.300575 1.48223 0.327716 1.482269 0.327382 1.494222 0.327382 1.494222 0.299989 1.49418 0.300575 1.48223 0.299989 1.49418 0.327382 1.494222 0.327015 1.506397 0.327015 1.506397 0.299376 1.506353 0.299989 1.49418 0.299376 1.506353 0.327015 1.506397 0.326619 1.518795 0.326619 1.518795 0.298742 1.518749 0.299376 1.506353 0.298742 1.518749 0.326619 1.518795 0.326201 1.531417 0.326201 1.531417 0.298092 1.531371 0.298742 1.518749 0.298092 1.531371 0.326201 1.531417 0.325765 1.544265 0.325765 1.544265 0.297434 1.544218 0.298092 1.531371 0.297434 1.544218 0.325765 1.544265 0.325318 1.557338 0.325318 1.557338 0.296774 1.557291 0.297434 1.544218 0.296774 1.557291 0.325318 1.557338 0.324865 1.570636 0.324865 1.570636 0.29612 1.570589 0.296774 1.557291 0.29612 1.570589 0.324865 1.570636 0.324414 1.584158 0.324414 1.584158 0.295478 1.584113 0.29612 1.570589 0.295478 1.584113 0.324414 1.584158 0.32397 1.597902 0.32397 1.597902 0.294857 1.597859 0.295478 1.584113 0.294857 1.597859 0.32397 1.597902 0.323539 1.611867 0.323539 1.611867 0.294263 1.611827 0.294857 1.597859 0.294263 1.611827 0.323539 1.611867 0.323126 1.626051 0.323126 1.626051 0.293702 1.626013 0.294263 1.611827 0.293702 1.626013 0.323126 1.626051 0.322739 1.640449 0.322739 1.640449 0.293183 1.640415 0.293702 1.626013 0.293183 1.640415 0.322739 1.640449 0.322382 1.655059 0.322382 1.655059 0.292714 1.655028 0.293183 1.640415 0.292714 1.655028 0.322382 1.655059 0.322063 1.669874 0.322063 1.669874 0.292301 1.669848 0.292714 1.655028 0.292301 1.669848 0.322063 1.669874 0.32179 1.68489 0.32179 1.68489 0.291956 1.684868 0.292301 1.669848 0.291956 1.684868 0.32179 1.68489 0.321573 1.700098 0.321573 1.700098 0.291692 1.700082 0.291956 1.684868 0.291692 1.700082 0.321573 1.700098 0.321426 1.715488 0.321426 1.715488 0.291525 1.715479 0.291692 1.700082 0.291525 1.715479 0.321426 1.715488 0.321367 1.73105 0.321367 1.73105 0.291478 1.73105 0.291525 1.715479 0.291478 1.73105 0.321367 1.73105 0.32142 1.746768 0.32142 1.746768 0.29158 1.746779 0.291478 1.73105 0.29158 1.746779 0.32142 1.746768 0.321615 1.762626 0.321615 1.762626 0.291869 1.76265 0.29158 1.746779 0.291869 1.76265 0.321615 1.762626 0.321996 1.778599 0.321996 1.778599 0.292396 1.77864 0.291869 1.76265 0.292396 1.77864 0.321996 1.778599 0.322614 1.794657 0.322614 1.794657 0.293226 1.79472 0.292396 1.77864 0.293226 1.79472 0.322614 1.794657 0.323546 1.810763 0.323546 1.810763 0.294447 1.810853 0.293226 1.79472 0.294447 1.810853 0.323546 1.810763 0.324888 1.826866 0.324888 1.826866 0.296176 1.826991 0.294447 1.810853 0.296176 1.826991 0.324888 1.826866 0.326773 1.842904 0.326773 1.842904 0.298571 1.843075 0.296176 1.826991 0.298571 1.843075 0.326773 1.842904 0.329378 1.858795 0.329378 1.858795 0.301838 1.859026 0.298571 1.843075 0.301838 1.859026 0.329378 1.858795 0.332932 1.874433 0.332932 1.874433 0.306249 1.874741 0.301838 1.859026 0.306249 1.874741 0.332932 1.874433 0.337726 1.889679 0.337726 1.889679 0.312147 1.890085 0.306249 1.874741 0.312147 1.890085 0.337726 1.889679 0.344109 1.904362 0.344109 1.904362 0.319941 1.90489 0.312147 1.890085 0.319941 1.90489 0.344109 1.904362 0.352459 1.918256 0.352459 1.918256 0.330086 1.918929 0.319941 1.90489 0.330086 1.918929 0.352459 1.918256 0.363109 1.93109 0.363109 1.93109 0.342991 1.931921 0.330086 1.918929 0.342991 1.931921 0.363109 1.93109 0.376232 1.942561 0.376232 1.942561 0.358854 1.943537 0.342991 1.931921 0.150553 1.018195 0.167931 1.017978 0.169426 1.022655 0.169426 1.022655 0.152155 1.022873 0.150553 1.018195 0.152155 1.022873 0.169426 1.022655 0.17094 1.027332 0.17094 1.027332 0.153764 1.02755 0.152155 1.022873 0.153764 1.02755 0.17094 1.027332 0.17247 1.032012 0.17247 1.032012 0.155376 1.03223 0.153764 1.02755 0.155376 1.03223 0.17247 1.032012 0.174011 1.036698 0.174011 1.036698 0.156989 1.036916 0.155376 1.03223 0.156989 1.036916 0.174011 1.036698 0.175563 1.041393 0.175563 1.041393 0.158603 1.04161 0.156989 1.036916 0.158603 1.04161 0.175563 1.041393 0.1771219 1.0461 0.1771219 1.0461 0.160215 1.046316 0.158603 1.04161 0.160215 1.046316 0.1771219 1.0461 0.178687 1.050821 0.178687 1.050821 0.161825 1.051036 0.160215 1.046316 0.161825 1.051036 0.178687 1.050821 0.180256 1.05556 0.180256 1.05556 0.163429 1.055773 0.161825 1.051036 0.163429 1.055773 0.180256 1.05556 0.1818259 1.060318 0.1818259 1.060318 0.165026 1.06053 0.163429 1.055773 0.165026 1.06053 0.1818259 1.060318 0.183395 1.065099 0.183395 1.065099 0.166613 1.065308 0.165026 1.06053 0.166613 1.065308 0.183395 1.065099 0.1849589 1.069904 0.1849589 1.069904 0.168188 1.070111 0.166613 1.065308 0.168188 1.070111 0.1849589 1.069904 0.186516 1.074737 0.186516 1.074737 0.169748 1.074941 0.168188 1.070111 0.169748 1.074941 0.186516 1.074737 0.188063 1.079601 0.188063 1.079601 0.171289 1.079802 0.169748 1.074941 0.171289 1.079802 0.188063 1.079601 0.189597 1.084499 0.189597 1.084499 0.172808 1.084695 0.171289 1.079802 0.172808 1.084695 0.189597 1.084499 0.191115 1.089432 0.191115 1.089432 0.174302 1.089625 0.172808 1.084695 0.174302 1.089625 0.191115 1.089432 0.192613 1.094405 0.192613 1.094405 0.175769 1.094593 0.174302 1.089625 0.175769 1.094593 0.192613 1.094405 0.19409 1.09942 0.19409 1.09942 0.177205 1.099603 0.175769 1.094593 0.177205 1.099603 0.19409 1.09942 0.195541 1.10448 0.195541 1.10448 0.178608 1.104658 0.177205 1.099603 0.178608 1.104658 0.195541 1.10448 0.196965 1.109588 0.196965 1.109588 0.179975 1.109761 0.178608 1.104658 0.179975 1.109761 0.196965 1.109588 0.1983579 1.114748 0.1983579 1.114748 0.181303 1.114916 0.179975 1.109761 0.181303 1.114916 0.1983579 1.114748 0.1997179 1.119962 0.1997179 1.119962 0.18259 1.120124 0.181303 1.114916 0.18259 1.120124 0.1997179 1.119962 0.201043 1.125235 0.201043 1.125235 0.183834 1.12539 0.18259 1.120124 0.183834 1.12539 0.201043 1.125235 0.202329 1.130568 0.202329 1.130568 0.1850309 1.130717 0.183834 1.12539 0.1850309 1.130717 0.202329 1.130568 0.203573 1.135965 0.203573 1.135965 0.186178 1.136108 0.1850309 1.130717 0.186178 1.136108 0.203573 1.135965 0.204774 1.14143 0.204774 1.14143 0.187274 1.141566 0.186178 1.136108 0.187274 1.141566 0.204774 1.14143 0.205926 1.146967 0.205926 1.146967 0.188314 1.147095 0.187274 1.141566 0.188314 1.147095 0.205926 1.146967 0.207028 1.152577 0.207028 1.152577 0.189296 1.152698 0.188314 1.147095 0.189296 1.152698 0.207028 1.152577 0.208078 1.158265 0.208078 1.158265 0.190217 1.158378 0.189296 1.152698 0.190217 1.158378 0.208078 1.158265 0.209071 1.164035 0.209071 1.164035 0.191074 1.164139 0.190217 1.158378 0.191074 1.164139 0.209071 1.164035 0.210005 1.169889 0.210005 1.169889 0.191865 1.169986 0.191074 1.164139 0.191865 1.169986 0.210005 1.169889 0.210877 1.175832 0.210877 1.175832 0.192586 1.17592 0.191865 1.169986 0.192586 1.17592 0.210877 1.175832 0.211685 1.181867 0.211685 1.181867 0.193235 1.181947 0.192586 1.17592 0.193235 1.181947 0.211685 1.181867 0.212424 1.187999 0.212424 1.187999 0.193808 1.188069 0.193235 1.181947 0.193808 1.188069 0.212424 1.187999 0.2130939 1.19423 0.2130939 1.19423 0.194305 1.194292 0.193808 1.188069 0.194305 1.194292 0.2130939 1.19423 0.213692 1.200565 0.213692 1.200565 0.194723 1.200618 0.194305 1.194292 0.194723 1.200618 0.213692 1.200565 0.214217 1.207008 0.214217 1.207008 0.19506 1.207051 0.194723 1.200618 0.19506 1.207051 0.214217 1.207008 0.214666 1.213562 0.214666 1.213562 0.195314 1.213596 0.19506 1.207051 0.195314 1.213596 0.214666 1.213562 0.215037 1.220231 0.215037 1.220231 0.195484 1.220256 0.195314 1.213596 0.195484 1.220256 0.215037 1.220231 0.215329 1.227021 0.215329 1.227021 0.195569 1.227036 0.195484 1.220256 0.195569 1.227036 0.215329 1.227021 0.215541 1.233933 0.215541 1.233933 0.1955659 1.233939 0.195569 1.227036 0.1955659 1.233939 0.215541 1.233933 0.215672 1.240973 0.215672 1.240973 0.1954759 1.24097 0.1955659 1.233939 0.1954759 1.24097 0.215672 1.240973 0.215719 1.248145 0.215719 1.248145 0.195297 1.248132 0.1954759 1.24097 0.195297 1.248132 0.215719 1.248145 0.215683 1.255452 0.215683 1.255452 0.195029 1.255431 0.195297 1.248132 0.195029 1.255431 0.215683 1.255452 0.215564 1.262899 0.215564 1.262899 0.194672 1.262868 0.195029 1.255431 0.194672 1.262868 0.215564 1.262899 0.21536 1.270489 0.21536 1.270489 0.194226 1.27045 0.194672 1.262868 0.194226 1.27045 0.21536 1.270489 0.215072 1.278228 0.215072 1.278228 0.19369 1.27818 0.194226 1.27045 0.19369 1.27818 0.215072 1.278228 0.214698 1.286118 0.214698 1.286118 0.193064 1.286061 0.19369 1.27818 0.193064 1.286061 0.214698 1.286118 0.21424 1.294164 0.21424 1.294164 0.192349 1.294098 0.193064 1.286061 0.192349 1.294098 0.21424 1.294164 0.213696 1.30237 0.213696 1.30237 0.1915439 1.302296 0.192349 1.294098 0.1915439 1.302296 0.213696 1.30237 0.213068 1.310739 0.213068 1.310739 0.19065 1.310658 0.1915439 1.302296 0.19065 1.310658 0.213068 1.310739 0.212357 1.319278 0.212357 1.319278 0.189669 1.319188 0.19065 1.310658 0.189669 1.319188 0.212357 1.319278 0.211564 1.32799 0.211564 1.32799 0.188602 1.327892 0.189669 1.319188 0.188602 1.327892 0.211564 1.32799 0.210692 1.336877 0.210692 1.336877 0.1874549 1.336773 0.188602 1.327892 0.1874549 1.336773 0.210692 1.336877 0.209745 1.345945 0.209745 1.345945 0.186229 1.345835 0.1874549 1.336773 0.186229 1.345835 0.209745 1.345945 0.208724 1.355198 0.208724 1.355198 0.1849279 1.355081 0.186229 1.345835 0.1849279 1.355081 0.208724 1.355198 0.207633 1.364638 0.207633 1.364638 0.183556 1.364516 0.1849279 1.355081 0.183556 1.364516 0.207633 1.364638 0.206474 1.37427 0.206474 1.37427 0.182115 1.374142 0.183556 1.364516 0.182115 1.374142 0.206474 1.37427 0.20525 1.384096 0.20525 1.384096 0.180609 1.383964 0.182115 1.374142 0.180609 1.383964 0.20525 1.384096 0.203966 1.394121 0.203966 1.394121 0.179041 1.393984 0.180609 1.383964 0.179041 1.393984 0.203966 1.394121 0.202623 1.404348 0.202623 1.404348 0.177415 1.404208 0.179041 1.393984 0.177415 1.404208 0.202623 1.404348 0.201227 1.414781 0.201227 1.414781 0.175738 1.414636 0.177415 1.404208 0.175738 1.414636 0.201227 1.414781 0.199783 1.425422 0.199783 1.425422 0.174012 1.425275 0.175738 1.414636 0.174012 1.425275 0.199783 1.425422 0.198297 1.436275 0.198297 1.436275 0.1722469 1.436126 0.174012 1.425275 0.1722469 1.436126 0.198297 1.436275 0.196775 1.447342 0.196775 1.447342 0.170449 1.447191 0.1722469 1.436126 0.170449 1.447191 0.196775 1.447342 0.195221 1.458626 0.195221 1.458626 0.168624 1.458474 0.170449 1.447191 0.168624 1.458474 0.195221 1.458626 0.193644 1.470128 0.193644 1.470128 0.166778 1.469976 0.168624 1.458474 0.166778 1.469976 0.193644 1.470128 0.192049 1.481853 0.192049 1.481853 0.164919 1.481701 0.166778 1.469976 0.164919 1.481701 0.192049 1.481853 0.190443 1.4938 0.190443 1.4938 0.163054 1.493649 0.164919 1.481701 0.163054 1.493649 0.190443 1.4938 0.188834 1.505972 0.188834 1.505972 0.161193 1.505823 0.163054 1.493649 0.161193 1.505823 0.188834 1.505972 0.18723 1.518371 0.18723 1.518371 0.159343 1.518225 0.161193 1.505823 0.159343 1.518225 0.18723 1.518371 0.185642 1.530998 0.185642 1.530998 0.157515 1.530854 0.159343 1.518225 0.157515 1.530854 0.185642 1.530998 0.184079 1.543853 0.184079 1.543853 0.155722 1.543714 0.157515 1.530854 0.155722 1.543714 0.184079 1.543853 0.182554 1.556937 0.182554 1.556937 0.153976 1.556804 0.155722 1.543714 0.153976 1.556804 0.182554 1.556937 0.181078 1.57025 0.181078 1.57025 0.1522909 1.570122 0.153976 1.556804 0.1522909 1.570122 0.181078 1.57025 0.179663 1.58379 0.179663 1.58379 0.150679 1.58367 0.1522909 1.570122 0.150679 1.58367 0.179663 1.58379 0.178321 1.597556 0.178321 1.597556 0.1491529 1.597444 0.150679 1.58367 0.1491529 1.597444 0.178321 1.597556 0.177063 1.611545 0.177063 1.611545 0.1477259 1.611442 0.1491529 1.597444 0.1477259 1.611442 0.177063 1.611545 0.1759009 1.625756 0.1759009 1.625756 0.14641 1.625663 0.1477259 1.611442 0.14641 1.625663 0.1759009 1.625756 0.1748459 1.640185 0.1748459 1.640185 0.145217 1.640102 0.14641 1.625663 0.145217 1.640102 0.1748459 1.640185 0.173911 1.654828 0.173911 1.654828 0.1441619 1.654757 0.145217 1.640102 0.1441619 1.654757 0.173911 1.654828 0.17311 1.669682 0.17311 1.669682 0.14326 1.669622 0.1441619 1.654757 0.14326 1.669622 0.17311 1.669682 0.172461 1.684739 0.172461 1.684739 0.14253 1.684693 0.14326 1.669622 0.14253 1.684693 0.172461 1.684739 0.171985 1.699995 0.171985 1.699995 0.1419939 1.699964 0.14253 1.684693 0.1419939 1.699964 0.171985 1.699995 0.171709 1.715442 0.171709 1.715442 0.14168 1.715428 0.1419939 1.699964 0.14168 1.715428 0.171709 1.715442 0.171669 1.731071 0.171669 1.731071 0.141629 1.731077 0.14168 1.715428 0.141629 1.731077 0.171669 1.731071 0.171914 1.746871 0.171914 1.746871 0.141894 1.746901 0.141629 1.731077 0.141894 1.746901 0.171914 1.746871 0.172511 1.762827 0.172511 1.762827 0.1425459 1.762887 0.141894 1.746901 0.1425459 1.762887 0.172511 1.762827 0.173538 1.778922 0.173538 1.778922 0.143672 1.779016 0.1425459 1.762887 0.143672 1.779016 0.173538 1.778922 0.175101 1.795132 0.175101 1.795132 0.145385 1.795269 0.143672 1.779016 0.145385 1.795269 0.175101 1.795132 0.177337 1.811428 0.177337 1.811428 0.1478289 1.811618 0.145385 1.795269 0.1478289 1.811618 0.177337 1.811428 0.180427 1.827774 0.180427 1.827774 0.1511999 1.828031 0.1478289 1.811618 0.1511999 1.828031 0.180427 1.827774 0.184612 1.844124 0.184612 1.844124 0.155757 1.844466 0.1511999 1.828031 0.155757 1.844466 0.184612 1.844124 0.190216 1.860417 0.190216 1.860417 0.1618469 1.860868 0.155757 1.844466 0.1618469 1.860868 0.190216 1.860417 0.197665 1.876571 0.197665 1.876571 0.169933 1.877162 0.1618469 1.860868 0.169933 1.877162 0.197665 1.876571 0.207511 1.892475 0.207511 1.892475 0.180617 1.893246 0.169933 1.877162 0.180617 1.893246 0.207511 1.892475 0.220455 1.90798 0.220455 1.90798 0.1946769 1.90898 0.180617 1.893246 0.1946769 1.90898 0.220455 1.90798 0.23734 1.922871 0.23734 1.922871 0.213078 1.924158 0.1946769 1.90898 0.213078 1.924158 0.23734 1.922871 0.259088 1.936838 0.259088 1.936838 0.2369289 1.938468 0.213078 1.924158 0.2369289 1.938468 0.259088 1.936838 0.286518 1.949438 0.286518 1.949438 0.267274 1.95144 0.2369289 1.938468 0.602736 1.016478 0.618242 1.01653 0.617996 1.020693 0.617996 1.020693 0.602518 1.020677 0.602736 1.016478 0.602518 1.020677 0.617996 1.020693 0.618005 1.024877 0.618005 1.024877 0.602538 1.024895 0.602518 1.020677 0.602538 1.024895 0.618005 1.024877 0.618258 1.029084 0.618258 1.029084 0.602793 1.029135 0.602538 1.024895 0.602793 1.029135 0.618258 1.029084 0.618745 1.033317 0.618745 1.033317 0.603276 1.0334 0.602793 1.029135 0.603276 1.0334 0.618745 1.033317 0.619461 1.037578 0.619461 1.037578 0.603982 1.03769 0.603276 1.0334 0.603982 1.03769 0.619461 1.037578 0.620402 1.041868 0.620402 1.041868 0.604907 1.04201 0.603982 1.03769 0.604907 1.04201 0.620402 1.041868 0.621564 1.046189 0.621564 1.046189 0.606045 1.04636 0.604907 1.04201 0.606045 1.04636 0.621564 1.046189 0.622941 1.050544 0.622941 1.050544 0.607394 1.050742 0.606045 1.04636 0.607394 1.050742 0.622941 1.050544 0.624533 1.054935 0.624533 1.054935 0.608949 1.05516 0.607394 1.050742 0.608949 1.05516 0.624533 1.054935 0.626337 1.059364 0.626337 1.059364 0.61071 1.059615 0.608949 1.05516 0.61071 1.059615 0.626337 1.059364 0.628349 1.063834 0.628349 1.063834 0.612673 1.06411 0.61071 1.059615 0.612673 1.06411 0.628349 1.063834 0.630567 1.068346 0.630567 1.068346 0.614834 1.068647 0.612673 1.06411 0.614834 1.068647 0.630567 1.068346 0.632988 1.072905 0.632988 1.072905 0.617191 1.07323 0.614834 1.068647 0.617191 1.07323 0.632988 1.072905 0.635611 1.077512 0.635611 1.077512 0.619741 1.07786 0.617191 1.07323 0.619741 1.07786 0.635611 1.077512 0.638432 1.08217 0.638432 1.08217 0.622483 1.082541 0.619741 1.07786 0.622483 1.082541 0.638432 1.08217 0.641448 1.086882 0.641448 1.086882 0.625412 1.087276 0.622483 1.082541 0.625412 1.087276 0.641448 1.086882 0.644658 1.091652 0.644658 1.091652 0.628527 1.092067 0.625412 1.087276 0.628527 1.092067 0.644658 1.091652 0.648058 1.096482 0.648058 1.096482 0.631823 1.096917 0.628527 1.092067 0.631823 1.096917 0.648058 1.096482 0.651643 1.101376 0.651643 1.101376 0.635296 1.101831 0.631823 1.096917 0.635296 1.101831 0.651643 1.101376 0.655409 1.106337 0.655409 1.106337 0.638943 1.106811 0.635296 1.101831 0.638943 1.106811 0.655409 1.106337 0.659351 1.111368 0.659351 1.111368 0.642758 1.11186 0.638943 1.106811 0.642758 1.11186 0.659351 1.111368 0.663464 1.116472 0.663464 1.116472 0.646736 1.116981 0.642758 1.11186 0.646736 1.116981 0.663464 1.116472 0.667742 1.121653 0.667742 1.121653 0.650873 1.122179 0.646736 1.116981 0.650873 1.122179 0.667742 1.121653 0.672181 1.126914 0.672181 1.126914 0.655163 1.127455 0.650873 1.122179 0.655163 1.127455 0.672181 1.126914 0.676774 1.132259 0.676774 1.132259 0.659601 1.132814 0.655163 1.127455 0.659601 1.132814 0.676774 1.132259 0.681516 1.137689 0.681516 1.137689 0.664181 1.138257 0.659601 1.132814 0.664181 1.138257 0.681516 1.137689 0.686403 1.143209 0.686403 1.143209 0.668899 1.14379 0.664181 1.138257 0.668899 1.14379 0.686403 1.143209 0.691428 1.148822 0.691428 1.148822 0.673749 1.149415 0.668899 1.14379 0.673749 1.149415 0.691428 1.148822 0.696587 1.154531 0.696587 1.154531 0.678726 1.155134 0.673749 1.149415 0.678726 1.155134 0.696587 1.154531 0.701873 1.160339 0.701873 1.160339 0.683823 1.160953 0.678726 1.155134 0.683823 1.160953 0.701873 1.160339 0.70728 1.166251 0.70728 1.166251 0.689036 1.166874 0.683823 1.160953 0.689036 1.166874 0.70728 1.166251 0.712803 1.172269 0.712803 1.172269 0.694359 1.1729 0.689036 1.166874 0.694359 1.1729 0.712803 1.172269 0.718435 1.178397 0.718435 1.178397 0.699785 1.179036 0.694359 1.1729 0.699785 1.179036 0.718435 1.178397 0.72417 1.184638 0.72417 1.184638 0.70531 1.185283 0.699785 1.179036 0.70531 1.185283 0.72417 1.184638 0.730004 1.190995 0.730004 1.190995 0.710927 1.191647 0.70531 1.185283 0.710927 1.191647 0.730004 1.190995 0.735929 1.197473 0.735929 1.197473 0.71663 1.198129 0.710927 1.191647 0.71663 1.198129 0.735929 1.197473 0.741941 1.204074 0.741941 1.204074 0.722415 1.204735 0.71663 1.198129 0.722415 1.204735 0.741941 1.204074 0.748034 1.210802 0.748034 1.210802 0.728275 1.211467 0.722415 1.204735 0.728275 1.211467 0.748034 1.210802 0.754201 1.217662 0.754201 1.217662 0.734205 1.218328 0.728275 1.211467 0.734205 1.218328 0.754201 1.217662 0.760437 1.224655 0.760437 1.224655 0.7402 1.225324 0.734205 1.218328 0.7402 1.225324 0.760437 1.224655 0.766736 1.231786 0.766736 1.231786 0.746253 1.232456 0.7402 1.225324 0.746253 1.232456 0.766736 1.231786 0.773094 1.239058 0.773094 1.239058 0.75236 1.239729 0.746253 1.232456 0.75236 1.239729 0.773094 1.239058 0.779507 1.246476 0.779507 1.246476 0.758515 1.247147 0.75236 1.239729 0.758515 1.247147 0.779507 1.246476 0.785964 1.254044 0.785964 1.254044 0.764711 1.254714 0.758515 1.247147 0.764711 1.254714 0.785964 1.254044 0.792457 1.261765 0.792457 1.261765 0.77094 1.262433 0.764711 1.254714 0.77094 1.262433 0.792457 1.261765 0.79898 1.269643 0.79898 1.269643 0.777195 1.270308 0.77094 1.262433 0.777195 1.270308 0.79898 1.269643 0.805526 1.277681 0.805526 1.277681 0.783471 1.278343 0.777195 1.270308 0.783471 1.278343 0.805526 1.277681 0.812089 1.285883 0.812089 1.285883 0.78976 1.286542 0.783471 1.278343 0.78976 1.286542 0.812089 1.285883 0.818662 1.294254 0.818662 1.294254 0.796056 1.294907 0.78976 1.286542 0.796056 1.294907 0.818662 1.294254 0.825238 1.302796 0.825238 1.302796 0.80235 1.303444 0.796056 1.294907 0.80235 1.303444 0.825238 1.302796 0.831806 1.311513 0.831806 1.311513 0.808637 1.312155 0.80235 1.303444 0.808637 1.312155 0.831806 1.311513 0.838359 1.32041 0.838359 1.32041 0.814907 1.321044 0.808637 1.312155 0.814907 1.321044 0.838359 1.32041 0.844889 1.329488 0.844889 1.329488 0.821153 1.330115 0.814907 1.321044 0.821153 1.330115 0.844889 1.329488 0.85139 1.338751 0.85139 1.338751 0.827369 1.33937 0.821153 1.330115 0.827369 1.33937 0.85139 1.338751 0.857859 1.348204 0.857859 1.348204 0.83355 1.348813 0.827369 1.33937 0.83355 1.348813 0.857859 1.348204 0.864285 1.357849 0.864285 1.357849 0.839689 1.358449 0.83355 1.348813 0.839689 1.358449 0.864285 1.357849 0.870661 1.367691 0.870661 1.367691 0.845775 1.36828 0.839689 1.358449 0.845775 1.36828 0.870661 1.367691 0.876975 1.377733 0.876975 1.377733 0.851801 1.378311 0.845775 1.36828 0.851801 1.378311 0.876975 1.377733 0.883216 1.387978 0.883216 1.387978 0.857755 1.388544 0.851801 1.378311 0.857755 1.388544 0.883216 1.387978 0.889376 1.398429 0.889376 1.398429 0.863628 1.398982 0.857755 1.388544 0.863628 1.398982 0.889376 1.398429 0.895444 1.409089 0.895444 1.409089 0.869413 1.409629 0.863628 1.398982 0.869413 1.409629 0.895444 1.409089 0.901411 1.419961 0.901411 1.419961 0.8751 1.420486 0.869413 1.409629 0.8751 1.420486 0.901411 1.419961 0.90727 1.431046 0.90727 1.431046 0.88068 1.431556 0.8751 1.420486 0.88068 1.431556 0.90727 1.431046 0.913011 1.442348 0.913011 1.442348 0.886146 1.442843 0.88068 1.431556 0.886146 1.442843 0.913011 1.442348 0.918625 1.453869 0.918625 1.453869 0.891486 1.454348 0.886146 1.442843 0.891486 1.454348 0.918625 1.453869 0.924097 1.465614 0.924097 1.465614 0.896688 1.466075 0.891486 1.454348 0.896688 1.466075 0.924097 1.465614 0.929406 1.477584 0.929406 1.477584 0.901734 1.478026 0.896688 1.466075 0.901734 1.478026 0.929406 1.477584 0.934533 1.489778 0.934533 1.489778 0.906609 1.490201 0.901734 1.478026 0.906609 1.490201 0.934533 1.489778 0.939468 1.502196 0.939468 1.502196 0.911302 1.502599 0.906609 1.490201 0.911302 1.502599 0.939468 1.502196 0.944207 1.514838 0.944207 1.514838 0.915808 1.51522 0.911302 1.502599 0.915808 1.51522 0.944207 1.514838 0.948746 1.527703 0.948746 1.527703 0.920125 1.528065 0.915808 1.51522 0.920125 1.528065 0.948746 1.527703 0.953085 1.540792 0.953085 1.540792 0.924246 1.541134 0.920125 1.528065 0.924246 1.541134 0.953085 1.540792 0.957216 1.554108 0.957216 1.554108 0.928167 1.554429 0.924246 1.541134 0.928167 1.554429 0.957216 1.554108 0.961127 1.56765 0.961127 1.56765 0.931875 1.56795 0.928167 1.554429 0.931875 1.56795 0.961127 1.56765 0.964806 1.581421 0.964806 1.581421 0.935362 1.581699 0.931875 1.56795 0.935362 1.581699 0.964806 1.581421 0.96824 1.595419 0.96824 1.595419 0.938611 1.595675 0.935362 1.581699 0.938611 1.595675 0.96824 1.595419 0.971409 1.609647 0.971409 1.609647 0.941606 1.609878 0.938611 1.595675 0.941606 1.609878 0.971409 1.609647 0.974291 1.624102 0.974291 1.624102 0.944327 1.624308 0.941606 1.609878 0.944327 1.624308 0.974291 1.624102 0.976868 1.638782 0.976868 1.638782 0.946755 1.638962 0.944327 1.624308 0.946755 1.638962 0.976868 1.638782 0.979124 1.653687 0.979124 1.653687 0.948872 1.65384 0.946755 1.638962 0.948872 1.65384 0.979124 1.653687 0.981021 1.668818 0.981021 1.668818 0.950644 1.668941 0.948872 1.65384 0.950644 1.668941 0.981021 1.668818 0.98252 1.684171 0.98252 1.684171 0.952035 1.684262 0.950644 1.668941 0.952035 1.684262 0.98252 1.684171 0.983582 1.69974 0.983582 1.69974 0.953007 1.699798 0.952035 1.684262 0.953007 1.699798 0.983582 1.69974 0.984171 1.715523 0.984171 1.715523 0.95352 1.715544 0.953007 1.699798 0.95352 1.715544 0.984171 1.715523 0.984236 1.731518 0.984236 1.731518 0.953523 1.731499 0.95352 1.715544 0.953523 1.731499 0.984236 1.731518 0.983708 1.747723 0.983708 1.747723 0.952946 1.747658 0.953523 1.731499 0.952946 1.747658 0.983708 1.747723 0.982491 1.764137 0.982491 1.764137 0.951694 1.764019 0.952946 1.747658 0.951694 1.764019 0.982491 1.764137 0.98045 1.780756 0.98045 1.780756 0.949636 1.780578 0.951694 1.764019 0.949636 1.780578 0.98045 1.780756 0.977415 1.797578 0.977415 1.797578 0.946603 1.797325 0.949636 1.780578 0.946603 1.797325 0.977415 1.797578 0.973166 1.814597 0.973166 1.814597 0.942378 1.814255 0.946603 1.797325 0.942378 1.814255 0.973166 1.814597 0.967402 1.831806 0.967402 1.831806 0.936663 1.831353 0.942378 1.814255 0.936663 1.831353 0.967402 1.831806 0.959715 1.849199 0.959715 1.849199 0.929062 1.848605 0.936663 1.831353 0.929062 1.848605 0.959715 1.849199 0.949542 1.866759 0.949542 1.866759 0.919027 1.865984 0.929062 1.848605 0.919027 1.865984 0.949542 1.866759 0.936099 1.884459 0.936099 1.884459 0.905812 1.883448 0.919027 1.865984 0.905812 1.883448 0.936099 1.884459 0.91832 1.902241 0.91832 1.902241 0.888414 1.900922 0.905812 1.883448 0.888414 1.900922 0.91832 1.902241 0.894745 1.920001 0.894745 1.920001 0.865488 1.918276 0.888414 1.900922 0.865488 1.918276 0.894745 1.920001 0.863391 1.937537 0.863391 1.937537 0.835266 1.935278 0.865488 1.918276 0.835266 1.935278 0.863391 1.937537 0.821626 1.954468 0.821626 1.954468 0.795519 1.951513 0.835266 1.935278 0.795519 1.951513 0.821626 1.954468 0.766056 1.970052 0.766056 1.970052 0.743689 1.966214 0.795519 1.951513 0.523386 1.016294 0.539492 1.016318 0.539398 1.020646 0.539398 1.020646 0.523336 1.02065 0.523386 1.016294 0.523336 1.02065 0.539398 1.020646 0.53951 1.024989 0.53951 1.024989 0.523483 1.025021 0.523336 1.02065 0.523483 1.025021 0.53951 1.024989 0.539824 1.029349 0.539824 1.029349 0.523824 1.029408 0.523483 1.025021 0.523824 1.029408 0.539824 1.029349 0.540337 1.033729 0.540337 1.033729 0.524354 1.033814 0.523824 1.029408 0.524354 1.033814 0.540337 1.033729 0.541043 1.038131 0.541043 1.038131 0.52507 1.038241 0.524354 1.033814 0.52507 1.038241 0.541043 1.038131 0.54194 1.042558 0.54194 1.042558 0.525969 1.042693 0.52507 1.038241 0.525969 1.042693 0.54194 1.042558 0.543022 1.047012 0.543022 1.047012 0.527045 1.04717 0.525969 1.042693 0.527045 1.04717 0.543022 1.047012 0.544286 1.051496 0.544286 1.051496 0.528297 1.051677 0.527045 1.04717 0.528297 1.051677 0.544286 1.051496 0.54573 1.056012 0.54573 1.056012 0.52972 1.056215 0.528297 1.051677 0.52972 1.056215 0.54573 1.056012 0.54735 1.060562 0.54735 1.060562 0.531312 1.060787 0.52972 1.056215 0.531312 1.060787 0.54735 1.060562 0.549142 1.06515 0.549142 1.06515 0.533069 1.065396 0.531312 1.060787 0.533069 1.065396 0.549142 1.06515 0.551103 1.069777 0.551103 1.069777 0.534988 1.070043 0.533069 1.065396 0.534988 1.070043 0.551103 1.069777 0.553231 1.074447 0.553231 1.074447 0.537065 1.074732 0.534988 1.070043 0.537065 1.074732 0.553231 1.074447 0.555523 1.079162 0.555523 1.079162 0.539298 1.079466 0.537065 1.074732 0.539298 1.079466 0.555523 1.079162 0.557974 1.083924 0.557974 1.083924 0.541684 1.084246 0.539298 1.079466 0.541684 1.084246 0.557974 1.083924 0.560582 1.088738 0.560582 1.088738 0.544219 1.089077 0.541684 1.084246 0.544219 1.089077 0.560582 1.088738 0.563344 1.093605 0.563344 1.093605 0.5469 1.093961 0.544219 1.089077 0.5469 1.093961 0.563344 1.093605 0.566256 1.098529 0.566256 1.098529 0.549723 1.098901 0.5469 1.093961 0.549723 1.098901 0.566256 1.098529 0.569314 1.103513 0.569314 1.103513 0.552684 1.1039 0.549723 1.098901 0.552684 1.1039 0.569314 1.103513 0.572515 1.10856 0.572515 1.10856 0.55578 1.108961 0.552684 1.1039 0.55578 1.108961 0.572515 1.10856 0.575853 1.113672 0.575853 1.113672 0.559006 1.114088 0.55578 1.108961 0.559006 1.114088 0.575853 1.113672 0.579325 1.118854 0.579325 1.118854 0.562359 1.119283 0.559006 1.114088 0.562359 1.119283 0.579325 1.118854 0.582926 1.124109 0.582926 1.124109 0.565833 1.12455 0.562359 1.119283 0.565833 1.12455 0.582926 1.124109 0.586652 1.129439 0.586652 1.129439 0.569425 1.129892 0.565833 1.12455 0.569425 1.129892 0.586652 1.129439 0.590497 1.134848 0.590497 1.134848 0.57313 1.135311 0.569425 1.129892 0.57313 1.135311 0.590497 1.134848 0.594458 1.140339 0.594458 1.140339 0.576943 1.140813 0.57313 1.135311 0.576943 1.140813 0.594458 1.140339 0.59853 1.145916 0.59853 1.145916 0.580859 1.146398 0.576943 1.140813 0.580859 1.146398 0.59853 1.145916 0.602707 1.151581 0.602707 1.151581 0.584874 1.152072 0.580859 1.146398 0.584874 1.152072 0.602707 1.151581 0.606984 1.157338 0.606984 1.157338 0.588984 1.157838 0.584874 1.152072 0.588984 1.157838 0.606984 1.157338 0.611357 1.163191 0.611357 1.163191 0.593182 1.163698 0.588984 1.157838 0.593182 1.163698 0.611357 1.163191 0.615821 1.169143 0.615821 1.169143 0.597464 1.169656 0.593182 1.163698 0.597464 1.169656 0.615821 1.169143 0.62037 1.175198 0.62037 1.175198 0.601826 1.175716 0.597464 1.169656 0.601826 1.175716 0.62037 1.175198 0.624999 1.181358 0.624999 1.181358 0.606261 1.181881 0.601826 1.175716 0.606261 1.181881 0.624999 1.181358 0.629703 1.187628 0.629703 1.187628 0.610766 1.188155 0.606261 1.181881 0.610766 1.188155 0.629703 1.187628 0.634477 1.19401 0.634477 1.19401 0.615335 1.194541 0.610766 1.188155 0.615335 1.194541 0.634477 1.19401 0.639316 1.200509 0.639316 1.200509 0.619963 1.201042 0.615335 1.194541 0.619963 1.201042 0.639316 1.200509 0.644214 1.207127 0.644214 1.207127 0.624645 1.207663 0.619963 1.201042 0.624645 1.207663 0.644214 1.207127 0.649168 1.213869 0.649168 1.213869 0.629377 1.214407 0.624645 1.207663 0.629377 1.214407 0.649168 1.213869 0.654171 1.220739 0.654171 1.220739 0.634153 1.221277 0.629377 1.214407 0.634153 1.221277 0.654171 1.220739 0.659219 1.227739 0.659219 1.227739 0.638969 1.228277 0.634153 1.221277 0.638969 1.228277 0.659219 1.227739 0.664306 1.234873 0.664306 1.234873 0.643819 1.235412 0.638969 1.228277 0.643819 1.235412 0.664306 1.234873 0.669427 1.242146 0.669427 1.242146 0.648698 1.242684 0.643819 1.235412 0.648698 1.242684 0.669427 1.242146 0.674577 1.249561 0.674577 1.249561 0.653602 1.250097 0.648698 1.242684 0.653602 1.250097 0.674577 1.249561 0.679751 1.257122 0.679751 1.257122 0.658525 1.257655 0.653602 1.250097 0.658525 1.257655 0.679751 1.257122 0.684942 1.264832 0.684942 1.264832 0.663461 1.265363 0.658525 1.257655 0.663461 1.265363 0.684942 1.264832 0.690146 1.272696 0.690146 1.272696 0.668406 1.273223 0.663461 1.265363 0.668406 1.273223 0.690146 1.272696 0.695355 1.280717 0.695355 1.280717 0.673353 1.28124 0.668406 1.273223 0.673353 1.28124 0.695355 1.280717 0.700565 1.288898 0.700565 1.288898 0.678297 1.289417 0.673353 1.28124 0.678297 1.289417 0.700565 1.288898 0.705769 1.297244 0.705769 1.297244 0.683232 1.297758 0.678297 1.289417 0.683232 1.297758 0.705769 1.297244 0.710963 1.305758 0.710963 1.305758 0.688154 1.306266 0.683232 1.297758 0.688154 1.306266 0.710963 1.305758 0.716138 1.314444 0.716138 1.314444 0.693056 1.314946 0.688154 1.306266 0.693056 1.314946 0.716138 1.314444 0.721291 1.323306 0.721291 1.323306 0.697933 1.323801 0.693056 1.314946 0.697933 1.323801 0.721291 1.323306 0.726414 1.332346 0.726414 1.332346 0.702779 1.332834 0.697933 1.323801 0.702779 1.332834 0.726414 1.332346 0.731503 1.341569 0.731503 1.341569 0.707588 1.34205 0.702779 1.332834 0.707588 1.34205 0.731503 1.341569 0.73655 1.350979 0.73655 1.350979 0.712355 1.351451 0.707588 1.34205 0.712355 1.351451 0.73655 1.350979 0.741551 1.360577 0.741551 1.360577 0.717075 1.361041 0.712355 1.351451 0.717075 1.361041 0.741551 1.360577 0.746498 1.370369 0.746498 1.370369 0.72174 1.370823 0.717075 1.361041 0.72174 1.370823 0.746498 1.370369 0.751385 1.380358 0.751385 1.380358 0.726346 1.380802 0.72174 1.370823 0.726346 1.380802 0.751385 1.380358 0.756204 1.390546 0.756204 1.390546 0.730884 1.39098 0.726346 1.380802 0.730884 1.39098 0.756204 1.390546 0.760948 1.400937 0.760948 1.400937 0.735349 1.40136 0.730884 1.39098 0.735349 1.40136 0.760948 1.400937 0.765611 1.411534 0.765611 1.411534 0.739735 1.411945 0.735349 1.40136 0.739735 1.411945 0.765611 1.411534 0.770186 1.422339 0.770186 1.422339 0.744034 1.422738 0.739735 1.411945 0.744034 1.422738 0.770186 1.422339 0.774664 1.433354 0.774664 1.433354 0.748239 1.433741 0.744034 1.422738 0.748239 1.433741 0.774664 1.433354 0.779039 1.444584 0.779039 1.444584 0.752345 1.444958 0.748239 1.433741 0.752345 1.444958 0.779039 1.444584 0.783303 1.45603 0.783303 1.45603 0.756343 1.45639 0.752345 1.444958 0.756343 1.45639 0.783303 1.45603 0.787447 1.467694 0.787447 1.467694 0.760225 1.46804 0.756343 1.45639 0.760225 1.46804 0.787447 1.467694 0.79146 1.479578 0.79146 1.479578 0.763983 1.47991 0.760225 1.46804 0.763983 1.47991 0.79146 1.479578 0.795335 1.491683 0.795335 1.491683 0.76761 1.492 0.763983 1.47991 0.76761 1.492 0.795335 1.491683 0.799063 1.50401 0.799063 1.50401 0.771098 1.504312 0.76761 1.492 0.771098 1.504312 0.799063 1.50401 0.802639 1.516561 0.802639 1.516561 0.774441 1.516846 0.771098 1.504312 0.774441 1.516846 0.802639 1.516561 0.806056 1.529333 0.806056 1.529333 0.777634 1.529603 0.774441 1.516846 0.777634 1.529603 0.806056 1.529333 0.809311 1.54233 0.809311 1.54233 0.780673 1.542584 0.777634 1.529603 0.780673 1.542584 0.809311 1.54233 0.812396 1.555551 0.812396 1.555551 0.78355 1.555788 0.780673 1.542584 0.78355 1.555788 0.812396 1.555551 0.815305 1.568996 0.815305 1.568996 0.78626 1.569217 0.78355 1.555788 0.78626 1.569217 0.815305 1.568996 0.818027 1.582666 0.818027 1.582666 0.788794 1.58287 0.78626 1.569217 0.788794 1.58287 0.818027 1.582666 0.820553 1.596561 0.820553 1.596561 0.791142 1.596747 0.788794 1.58287 0.791142 1.596747 0.820553 1.596561 0.82287 1.610679 0.82287 1.610679 0.793292 1.610846 0.791142 1.596747 0.793292 1.610846 0.82287 1.610679 0.824961 1.62502 0.824961 1.62502 0.795231 1.625168 0.793292 1.610846 0.795231 1.625168 0.824961 1.62502 0.826813 1.639581 0.826813 1.639581 0.796943 1.639709 0.795231 1.625168 0.796943 1.639709 0.826813 1.639581 0.828403 1.65436 0.828403 1.65436 0.798409 1.654466 0.796943 1.639709 0.798409 1.654466 0.828403 1.65436 0.829711 1.669356 0.829711 1.669356 0.799607 1.669439 0.798409 1.654466 0.799607 1.669439 0.829711 1.669356 0.830705 1.684563 0.830705 1.684563 0.800511 1.684621 0.799607 1.669439 0.800511 1.684621 0.830705 1.684563 0.831354 1.699975 0.831354 1.699975 0.80109 1.700007 0.800511 1.684621 0.80109 1.700007 0.831354 1.699975 0.831618 1.715588 0.831618 1.715588 0.801304 1.71559 0.80109 1.700007 0.801304 1.71559 0.831618 1.715588 0.831447 1.731394 0.831447 1.731394 0.801107 1.731363 0.801304 1.71559 0.801107 1.731363 0.831447 1.731394 0.830776 1.747386 0.830776 1.747386 0.800437 1.747317 0.801107 1.731363 0.800437 1.747317 0.830776 1.747386 0.82952 1.763552 0.82952 1.763552 0.799212 1.76344 0.800437 1.747317 0.799212 1.76344 0.82952 1.763552 0.827567 1.779882 0.827567 1.779882 0.797326 1.779718 0.799212 1.76344 0.797326 1.779718 0.827567 1.779882 0.824772 1.796355 0.824772 1.796355 0.794643 1.79613 0.797326 1.779718 0.794643 1.79613 0.824772 1.796355 0.820942 1.81295 0.820942 1.81295 0.790983 1.812651 0.794643 1.79613 0.790983 1.812651 0.820942 1.81295 0.815829 1.829635 0.815829 1.829635 0.78611 1.829244 0.790983 1.812651 0.78611 1.829244 0.815829 1.829635 0.8091 1.846367 0.8091 1.846367 0.779718 1.845861 0.78611 1.829244 0.779718 1.845861 0.8091 1.846367 0.800324 1.863087 0.800324 1.863087 0.771408 1.862438 0.779718 1.845861 0.771408 1.862438 0.800324 1.863087 0.788941 1.879709 0.788941 1.879709 0.760675 1.878882 0.771408 1.862438 0.760675 1.878882 0.788941 1.879709 0.774244 1.896107 0.774244 1.896107 0.746886 1.895056 0.760675 1.878882 0.746886 1.895056 0.774244 1.896107 0.755376 1.912091 0.755376 1.912091 0.729298 1.910767 0.746886 1.895056 0.729298 1.910767 0.755376 1.912091 0.731367 1.927383 0.731367 1.927383 0.707105 1.925738 0.729298 1.910767 0.707105 1.925738 0.731367 1.927383 0.701306 1.941565 0.701306 1.941565 0.679621 1.939566 0.707105 1.925738 0.679621 1.939566 0.701306 1.941565 0.6647 1.954036 0.6647 1.954036 0.646659 1.951712 0.679621 1.939566 0.441434 1.011803 0.458081 1.01181 0.457963 1.016271 0.457963 1.016271 0.441382 1.016286 0.441434 1.011803 0.441382 1.016286 0.457963 1.016271 0.45812 1.020729 0.45812 1.020729 0.441597 1.020766 0.441382 1.016286 0.441597 1.020766 0.45812 1.020729 0.458439 1.025198 0.458439 1.025198 0.441966 1.025256 0.441597 1.020766 0.441966 1.025256 0.458439 1.025198 0.458917 1.02968 0.458917 1.02968 0.442485 1.02976 0.441966 1.025256 0.442485 1.02976 0.458917 1.02968 0.459552 1.03418 0.459552 1.03418 0.443154 1.03428 0.442485 1.02976 0.443154 1.03428 0.459552 1.03418 0.46034 1.038697 0.46034 1.038697 0.443967 1.038817 0.443154 1.03428 0.443967 1.038817 0.46034 1.038697 0.461278 1.043236 0.461278 1.043236 0.444923 1.043375 0.443967 1.038817 0.444923 1.043375 0.461278 1.043236 0.462364 1.047798 0.462364 1.047798 0.446019 1.047955 0.444923 1.043375 0.446019 1.047955 0.462364 1.047798 0.463594 1.052386 0.463594 1.052386 0.447251 1.052561 0.446019 1.047955 0.447251 1.052561 0.463594 1.052386 0.464966 1.057003 0.464966 1.057003 0.448616 1.057195 0.447251 1.052561 0.448616 1.057195 0.464966 1.057003 0.466474 1.061651 0.466474 1.061651 0.450111 1.061859 0.448616 1.057195 0.450111 1.061859 0.466474 1.061651 0.468118 1.066332 0.468118 1.066332 0.451732 1.066556 0.450111 1.061859 0.451732 1.066556 0.468118 1.066332 0.469892 1.07105 0.469892 1.07105 0.453477 1.07129 0.451732 1.066556 0.453477 1.07129 0.469892 1.07105 0.471795 1.075807 0.471795 1.075807 0.455342 1.076061 0.453477 1.07129 0.455342 1.076061 0.471795 1.075807 0.473822 1.080606 0.473822 1.080606 0.457325 1.080874 0.455342 1.076061 0.457325 1.080874 0.473822 1.080606 0.475971 1.08545 0.475971 1.08545 0.45942 1.085731 0.457325 1.080874 0.45942 1.085731 0.475971 1.08545 0.478238 1.090341 0.478238 1.090341 0.461626 1.090635 0.45942 1.085731 0.461626 1.090635 0.478238 1.090341 0.48062 1.095282 0.48062 1.095282 0.46394 1.095588 0.461626 1.090635 0.46394 1.095588 0.48062 1.095282 0.483113 1.100277 0.483113 1.100277 0.466356 1.100594 0.46394 1.095588 0.466356 1.100594 0.483113 1.100277 0.485714 1.105328 0.485714 1.105328 0.468873 1.105657 0.466356 1.100594 0.468873 1.105657 0.485714 1.105328 0.488418 1.110439 0.488418 1.110439 0.471485 1.110778 0.468873 1.105657 0.471485 1.110778 0.488418 1.110439 0.491223 1.115613 0.491223 1.115613 0.474191 1.115961 0.471485 1.110778 0.474191 1.115961 0.491223 1.115613 0.494123 1.120852 0.494123 1.120852 0.476985 1.121209 0.474191 1.115961 0.476985 1.121209 0.494123 1.120852 0.497116 1.12616 0.497116 1.12616 0.479863 1.126525 0.476985 1.121209 0.479863 1.126525 0.497116 1.12616 0.500198 1.13154 0.500198 1.13154 0.482823 1.131913 0.479863 1.126525 0.482823 1.131913 0.500198 1.13154 0.503363 1.136996 0.503363 1.136996 0.485859 1.137375 0.482823 1.131913 0.485859 1.137375 0.503363 1.136996 0.506608 1.14253 0.506608 1.14253 0.488968 1.142916 0.485859 1.137375 0.488968 1.142916 0.506608 1.14253 0.50993 1.148146 0.50993 1.148146 0.492146 1.148537 0.488968 1.142916 0.492146 1.148537 0.50993 1.148146 0.513322 1.153847 0.513322 1.153847 0.495388 1.154244 0.492146 1.148537 0.495388 1.154244 0.513322 1.153847 0.516781 1.159637 0.516781 1.159637 0.49869 1.160039 0.495388 1.154244 0.49869 1.160039 0.516781 1.159637 0.520303 1.165519 0.520303 1.165519 0.502048 1.165925 0.49869 1.160039 0.502048 1.165925 0.520303 1.165519 0.523883 1.171497 0.523883 1.171497 0.505457 1.171906 0.502048 1.165925 0.505457 1.171906 0.523883 1.171497 0.527517 1.177574 0.527517 1.177574 0.508914 1.177985 0.505457 1.171906 0.508914 1.177985 0.527517 1.177574 0.531199 1.183753 0.531199 1.183753 0.512413 1.184167 0.508914 1.177985 0.512413 1.184167 0.531199 1.183753 0.534927 1.190039 0.534927 1.190039 0.515951 1.190454 0.512413 1.184167 0.515951 1.190454 0.534927 1.190039 0.538695 1.196434 0.538695 1.196434 0.519524 1.19685 0.515951 1.190454 0.519524 1.19685 0.538695 1.196434 0.542499 1.202942 0.542499 1.202942 0.523126 1.203359 0.519524 1.19685 0.523126 1.203359 0.542499 1.202942 0.546334 1.209568 0.546334 1.209568 0.526754 1.209984 0.523126 1.203359 0.526754 1.209984 0.546334 1.209568 0.550197 1.216314 0.550197 1.216314 0.530403 1.216729 0.526754 1.209984 0.530403 1.216729 0.550197 1.216314 0.554083 1.223184 0.554083 1.223184 0.53407 1.223598 0.530403 1.216729 0.53407 1.223598 0.554083 1.223184 0.557987 1.230182 0.557987 1.230182 0.53775 1.230595 0.53407 1.223598 0.53775 1.230595 0.557987 1.230182 0.561905 1.237311 0.561905 1.237311 0.541439 1.237723 0.53775 1.230595 0.541439 1.237723 0.561905 1.237311 0.565833 1.244577 0.565833 1.244577 0.545132 1.244985 0.541439 1.237723 0.545132 1.244985 0.565833 1.244577 0.569766 1.251981 0.569766 1.251981 0.548827 1.252387 0.545132 1.244985 0.548827 1.252387 0.569766 1.251981 0.573701 1.259529 0.573701 1.259529 0.552517 1.259931 0.548827 1.252387 0.552517 1.259931 0.573701 1.259529 0.577632 1.267223 0.577632 1.267223 0.5562 1.267621 0.552517 1.259931 0.5562 1.267621 0.577632 1.267223 0.581555 1.275068 0.581555 1.275068 0.559872 1.275462 0.5562 1.267621 0.559872 1.275462 0.581555 1.275068 0.585466 1.283068 0.585466 1.283068 0.563526 1.283457 0.559872 1.275462 0.563526 1.283457 0.585466 1.283068 0.589361 1.291225 0.589361 1.291225 0.567161 1.291609 0.563526 1.283457 0.567161 1.291609 0.589361 1.291225 0.593234 1.299545 0.593234 1.299545 0.570772 1.299923 0.567161 1.291609 0.570772 1.299923 0.593234 1.299545 0.597082 1.30803 0.597082 1.30803 0.574354 1.308403 0.570772 1.299923 0.574354 1.308403 0.597082 1.30803 0.6009 1.316685 0.6009 1.316685 0.577904 1.317051 0.574354 1.308403 0.577904 1.317051 0.6009 1.316685 0.604685 1.325513 0.604685 1.325513 0.581417 1.325872 0.577904 1.317051 0.581417 1.325872 0.604685 1.325513 0.60843 1.334518 0.60843 1.334518 0.58489 1.33487 0.581417 1.325872 0.58489 1.33487 0.60843 1.334518 0.612134 1.343703 0.612134 1.343703 0.588319 1.344048 0.58489 1.33487 0.588319 1.344048 0.612134 1.343703 0.61579 1.353072 0.61579 1.353072 0.591699 1.353409 0.588319 1.344048 0.591699 1.353409 0.61579 1.353072 0.619395 1.362629 0.619395 1.362629 0.595027 1.362958 0.591699 1.353409 0.595027 1.362958 0.619395 1.362629 0.622944 1.372376 0.622944 1.372376 0.5983 1.372697 0.595027 1.362958 0.5983 1.372697 0.622944 1.372376 0.626434 1.382318 0.626434 1.382318 0.601512 1.38263 0.5983 1.372697 0.601512 1.38263 0.626434 1.382318 0.629859 1.392457 0.629859 1.392457 0.604661 1.392761 0.601512 1.38263 0.604661 1.392761 0.629859 1.392457 0.633215 1.402797 0.633215 1.402797 0.607741 1.403092 0.604661 1.392761 0.607741 1.403092 0.633215 1.402797 0.636498 1.413341 0.636498 1.413341 0.61075 1.413626 0.607741 1.403092 0.61075 1.413626 0.636498 1.413341 0.639702 1.42409 0.639702 1.42409 0.613683 1.424366 0.61075 1.413626 0.613683 1.424366 0.639702 1.42409 0.642825 1.435049 0.642825 1.435049 0.616535 1.435314 0.613683 1.424366 0.616535 1.435314 0.642825 1.435049 0.64586 1.44622 0.64586 1.44622 0.619304 1.446474 0.616535 1.435314 0.619304 1.446474 0.64586 1.44622 0.648802 1.457604 0.648802 1.457604 0.621984 1.457848 0.619304 1.446474 0.621984 1.457848 0.648802 1.457604 0.651648 1.469205 0.651648 1.469205 0.624573 1.469438 0.621984 1.457848 0.624573 1.469438 0.651648 1.469205 0.654393 1.481023 0.654393 1.481023 0.627065 1.481245 0.624573 1.469438 0.627065 1.481245 0.654393 1.481023 0.657031 1.49306 0.657031 1.49306 0.629457 1.493271 0.627065 1.481245 0.629457 1.493271 0.657031 1.49306 0.659559 1.505318 0.659559 1.505318 0.631745 1.505519 0.629457 1.493271 0.631745 1.505519 0.659559 1.505318 0.661973 1.517799 0.661973 1.517799 0.633927 1.517988 0.631745 1.505519 0.633927 1.517988 0.661973 1.517799 0.664269 1.530502 0.664269 1.530502 0.635999 1.530679 0.633927 1.517988 0.635999 1.530679 0.664269 1.530502 0.666444 1.543427 0.666444 1.543427 0.637958 1.543593 0.635999 1.530679 0.637958 1.543593 0.666444 1.543427 0.668495 1.556576 0.668495 1.556576 0.639802 1.55673 0.637958 1.543593 0.639802 1.55673 0.668495 1.556576 0.670415 1.569947 0.670415 1.569947 0.641526 1.570089 0.639802 1.55673 0.641526 1.570089 0.670415 1.569947 0.672201 1.583541 0.672201 1.583541 0.643126 1.583672 0.641526 1.570089 0.643126 1.583672 0.672201 1.583541 0.673846 1.597358 0.673846 1.597358 0.644597 1.597476 0.643126 1.583672 0.644597 1.597476 0.673846 1.597358 0.675342 1.611395 0.675342 1.611395 0.645931 1.6115 0.644597 1.597476 0.645931 1.6115 0.675342 1.611395 0.67668 1.625651 0.67668 1.625651 0.647122 1.625742 0.645931 1.6115 0.647122 1.625742 0.67668 1.625651 0.677849 1.640123 0.677849 1.640123 0.648159 1.640201 0.647122 1.625742 0.648159 1.640201 0.677849 1.640123 0.678836 1.654808 0.678836 1.654808 0.649031 1.654872 0.648159 1.640201 0.649031 1.654872 0.678836 1.654808 0.679626 1.669703 0.679626 1.669703 0.649723 1.66975 0.649031 1.654872 0.649723 1.66975 0.679626 1.669703 0.680199 1.6848 0.680199 1.6848 0.650219 1.684832 0.649723 1.66975 0.650219 1.684832 0.680199 1.6848 0.680532 1.700095 0.680532 1.700095 0.650499 1.700108 0.650219 1.684832 0.650499 1.700108 0.680532 1.700095 0.680597 1.715578 0.680597 1.715578 0.650537 1.715571 0.650499 1.700108 0.650537 1.715571 0.680597 1.715578 0.680358 1.73124 0.680358 1.73124 0.650302 1.73121 0.650537 1.715571 0.650302 1.73121 0.680358 1.73124 0.679771 1.747067 0.679771 1.747067 0.649752 1.747012 0.650302 1.73121 0.649752 1.747012 0.679771 1.747067 0.678776 1.763043 0.678776 1.763043 0.648838 1.76296 0.649752 1.747012 0.648838 1.76296 0.678776 1.763043 0.677299 1.779148 0.677299 1.779148 0.647491 1.77903 0.648838 1.76296 0.647491 1.77903 0.677299 1.779148 0.675243 1.795353 0.675243 1.795353 0.645629 1.795195 0.647491 1.77903 0.645629 1.795195 0.675243 1.795353 0.672485 1.811623 0.672485 1.811623 0.643143 1.811416 0.645629 1.795195 0.643143 1.811416 0.672485 1.811623 0.668866 1.82791 0.668866 1.82791 0.639896 1.827644 0.643143 1.811416 0.639896 1.827644 0.668866 1.82791 0.664186 1.844152 0.664186 1.844152 0.635716 1.843815 0.639896 1.827644 0.635716 1.843815 0.664186 1.844152 0.658197 1.860265 0.658197 1.860265 0.630393 1.859842 0.635716 1.843815 0.630393 1.859842 0.658197 1.860265 0.650597 1.876137 0.650597 1.876137 0.623675 1.87561 0.630393 1.859842 0.623675 1.87561 0.650597 1.876137 0.64104 1.891618 0.64104 1.891618 0.615278 1.890968 0.623675 1.87561 0.615278 1.890968 0.64104 1.891618 0.629158 1.90651 0.629158 1.90651 0.604913 1.90572 0.615278 1.890968 0.604913 1.90572 0.629158 1.90651 0.614632 1.920557 0.614632 1.920557 0.59234 1.919615 0.604913 1.90572 0.59234 1.919615 0.614632 1.920557 0.597312 1.933439 0.597312 1.933439 0.577484 1.932354 0.59234 1.919615 0.577484 1.932354 0.597312 1.933439 0.577391 1.944807 0.577391 1.944807 0.560581 1.94361 0.577484 1.932354 0.405503 1.95138 0.419471 1.950702 0.427128 1.956922 0.427128 1.956922 0.415656 1.957615 0.405503 1.95138 0.334085 1.957922 0.348648 1.956156 0.370045 1.962477 0.370045 1.962477 0.358854 1.964279 0.334085 1.957922 0.25566 1.971284 0.27257 1.967884 0.315178 1.974544 0.315178 1.974544 0.304701 1.978068 0.25566 1.971284 0.636743 1.966813 0.65037 1.970017 0.606947 1.975377 0.606947 1.975377 0.598494 1.972288 0.636743 1.966813 0.569574 1.955692 0.582979 1.957368 0.560174 1.963171 0.560174 1.963171 0.549896 1.96156 0.569574 1.955692 0.502035 1.950564 0.515625 1.95119 0.506652 1.957244 0.506652 1.957244 0.495483 1.956652 0.502035 1.950564 0.419471 1.950702 0.433369 1.950217 0.438599 1.95642 0.438599 1.95642 0.427128 1.956922 0.419471 1.950702 0.348648 1.956156 0.363041 1.954632 0.381308 1.960925 0.381308 1.960925 0.370045 1.962477 0.348648 1.956156 0.27257 1.967884 0.288669 1.964896 0.325881 1.971449 0.325881 1.971449 0.315178 1.974544 0.27257 1.967884 0.65037 1.970017 0.664217 1.973656 0.614742 1.978872 0.614742 1.978872 0.606947 1.975377 0.65037 1.970017 0.582979 1.957368 0.59638 1.959293 0.570293 1.965028 0.570293 1.965028 0.560174 1.963171 0.582979 1.957368 0.515625 1.95119 0.52917 1.952008 0.517705 1.958023 0.517705 1.958023 0.506652 1.957244 0.515625 1.95119 0.433369 1.950217 0.447206 1.94992 0.450058 1.956105 0.450058 1.956105 0.438599 1.95642 0.433369 1.950217 0.363041 1.954632 0.377307 1.953335 0.392743 1.959605 0.392743 1.959605 0.381308 1.960925 0.363041 1.954632 0.288669 1.964896 0.304193 1.962265 0.336749 1.968734 0.336749 1.968734 0.325881 1.971449 0.288669 1.964896 0.664217 1.973656 0.678462 1.977815 0.621686 1.982826 0.621686 1.982826 0.614742 1.978872 0.664217 1.973656 0.59638 1.959293 0.60979 1.96149 0.580088 1.967148 0.580088 1.967148 0.570293 1.965028 0.59638 1.959293 0.52917 1.952008 0.542674 1.953025 0.528618 1.958997 0.528618 1.958997 0.517705 1.958023 0.52917 1.952008 0.447206 1.94992 0.460986 1.949806 0.461491 1.955971 0.461491 1.955971 0.450058 1.956105 0.447206 1.94992 0.377307 1.953335 0.391456 1.952255 0.404193 1.958506 0.404193 1.958506 0.392743 1.959605 0.377307 1.953335 0.304193 1.962265 0.319298 1.95995 0.347749 1.966355 0.347749 1.966355 0.336749 1.968734 0.304193 1.962265 0.678462 1.977815 0.693463 1.982624 0.627447 1.987279 0.627447 1.987279 0.621686 1.982826 0.678462 1.977815 0.60979 1.96149 0.623231 1.963984 0.589511 1.969558 0.589511 1.969558 0.580088 1.967148 0.60979 1.96149 0.542674 1.953025 0.556139 1.954249 0.539361 1.960172 0.539361 1.960172 0.528618 1.958997 0.542674 1.953025 0.474717 1.949875 0.4884 1.950127 0.484221 1.956245 0.484221 1.956245 0.472884 1.956018 0.474717 1.949875 0.460986 1.949806 0.474717 1.949875 0.472884 1.956018 0.472884 1.956018 0.461491 1.955971 0.460986 1.949806 0.391456 1.952255 0.405503 1.95138 0.415656 1.957615 0.415656 1.957615 0.404193 1.958506 0.391456 1.952255 0.319298 1.95995 0.334085 1.957922 0.358854 1.964279 0.358854 1.964279 0.347749 1.966355 0.319298 1.95995 0.237562 1.975182 0.25566 1.971284 0.304701 1.978068 0.304701 1.978068 0.294612 1.982058 0.237562 1.975182 0.623231 1.963984 0.636743 1.966813 0.598494 1.972288 0.598494 1.972288 0.589511 1.969558 0.623231 1.963984 0.556139 1.954249 0.569574 1.955692 0.549896 1.96156 0.549896 1.96156 0.539361 1.960172 0.556139 1.954249 0.4884 1.950127 0.502035 1.950564 0.495483 1.956652 0.495483 1.956652 0.484221 1.956245 0.4884 1.950127 0.606947 1.975377 0.614742 1.978872 0.557381 1.981881 0.557381 1.981881 0.55592 1.979025 0.606947 1.975377 0.560174 1.963171 0.570293 1.965028 0.538604 1.970255 0.538604 1.970255 0.532349 1.968633 0.560174 1.963171 0.506652 1.957244 0.517705 1.958023 0.502686 1.964102 0.502686 1.964102 0.494599 1.963422 0.506652 1.957244 0.438599 1.95642 0.450058 1.956105 0.452651 1.962508 0.452651 1.962508 0.444246 1.962813 0.438599 1.95642 0.381308 1.960925 0.392743 1.959605 0.411913 1.965715 0.411913 1.965715 0.404399 1.966889 0.381308 1.960925 0.325881 1.971449 0.336749 1.968734 0.377818 1.973737 0.377818 1.973737 0.372668 1.976103 0.325881 1.971449 0.614742 1.978872 0.621686 1.982826 0.557143 1.985059 0.557143 1.985059 0.557381 1.981881 0.614742 1.978872 0.570293 1.965028 0.580088 1.967148 0.544241 1.972091 0.544241 1.972091 0.538604 1.970255 0.570293 1.965028 0.517705 1.958023 0.528618 1.958997 0.510562 1.964956 0.510562 1.964956 0.502686 1.964102 0.517705 1.958023 0.450058 1.956105 0.461491 1.955971 0.461103 1.962365 0.461103 1.962365 0.452651 1.962508 0.450058 1.956105 0.392743 1.959605 0.404193 1.958506 0.419711 1.964727 0.419711 1.964727 0.411913 1.965715 0.392743 1.959605 0.336749 1.968734 0.347749 1.966355 0.38369 1.971659 0.38369 1.971659 0.377818 1.973737 0.336749 1.968734 0.621686 1.982826 0.627447 1.987279 0.554803 1.988617 0.554803 1.988617 0.557143 1.985059 0.621686 1.982826 0.580088 1.967148 0.589511 1.969558 0.549122 1.974153 0.549122 1.974153 0.544241 1.972091 0.580088 1.967148 0.528618 1.958997 0.539361 1.960172 0.518174 1.965991 0.518174 1.965991 0.510562 1.964956 0.528618 1.958997 0.472884 1.956018 0.484221 1.956245 0.477993 1.962566 0.477993 1.962566 0.469563 1.962384 0.472884 1.956018 0.461491 1.955971 0.472884 1.956018 0.469563 1.962384 0.469563 1.962384 0.461103 1.962365 0.461491 1.955971 0.404193 1.958506 0.415656 1.957615 0.427733 1.963919 0.427733 1.963919 0.419711 1.964727 0.404193 1.958506 0.347749 1.966355 0.358854 1.964279 0.390146 1.969839 0.390146 1.969839 0.38369 1.971659 0.347749 1.966355 0.294612 1.982058 0.304701 1.978068 0.365303 1.981872 0.365303 1.981872 0.363644 1.985392 0.294612 1.982058 0.589511 1.969558 0.598494 1.972288 0.553082 1.976457 0.553082 1.976457 0.549122 1.974153 0.589511 1.969558 0.539361 1.960172 0.549896 1.96156 0.525458 1.967213 0.525458 1.967213 0.518174 1.965991 0.539361 1.960172 0.484221 1.956245 0.495483 1.956652 0.486353 1.962911 0.486353 1.962911 0.477993 1.962566 0.484221 1.956245 0.415656 1.957615 0.427128 1.956922 0.435926 1.963282 0.435926 1.963282 0.427733 1.963919 0.415656 1.957615 0.358854 1.964279 0.370045 1.962477 0.397079 1.968255 0.397079 1.968255 0.390146 1.969839 0.358854 1.964279 0.304701 1.978068 0.315178 1.974544 0.368418 1.978797 0.368418 1.978797 0.365303 1.981872 0.304701 1.978068 0.598494 1.972288 0.606947 1.975377 0.55592 1.979025 0.55592 1.979025 0.553082 1.976457 0.598494 1.972288 0.549896 1.96156 0.560174 1.963171 0.532349 1.968633 0.532349 1.968633 0.525458 1.967213 0.549896 1.96156 0.495483 1.956652 0.506652 1.957244 0.494599 1.963422 0.494599 1.963422 0.486353 1.962911 0.495483 1.956652 0.427128 1.956922 0.438599 1.95642 0.444246 1.962813 0.444246 1.962813 0.435926 1.963282 0.427128 1.956922 0.370045 1.962477 0.381308 1.960925 0.404399 1.966889 0.404399 1.966889 0.397079 1.968255 0.370045 1.962477 0.315178 1.974544 0.325881 1.971449 0.372668 1.976103 0.372668 1.976103 0.368418 1.978797 0.315178 1.974544 0.363644 1.985392 0.365303 1.981872 0.415817 1.981247 0.415817 1.981247 0.419412 1.983208 0.363644 1.985392 0.549122 1.974153 0.553082 1.976457 0.514365 1.977566 0.514365 1.977566 0.513721 1.976068 0.549122 1.974153 0.518174 1.965991 0.525458 1.967213 0.502934 1.971237 0.502934 1.971237 0.498774 1.97034 0.518174 1.965991 0.477993 1.962566 0.486353 1.962911 0.478868 1.968027 0.478868 1.968027 0.473398 1.967766 0.477993 1.962566 0.427733 1.963919 0.435926 1.963282 0.445777 1.968347 0.445777 1.968347 0.440554 1.968845 0.427733 1.963919 0.390146 1.969839 0.397079 1.968255 0.422617 1.972149 0.422617 1.972149 0.419259 1.973315 0.390146 1.969839 0.365303 1.981872 0.368418 1.978797 0.414049 1.979392 0.414049 1.979392 0.415817 1.981247 0.365303 1.981872 0.553082 1.976457 0.55592 1.979025 0.513882 1.979162 0.513882 1.979162 0.514365 1.977566 0.553082 1.976457 0.525458 1.967213 0.532349 1.968633 0.506611 1.972261 0.506611 1.972261 0.502934 1.971237 0.525458 1.967213 0.486353 1.962911 0.494599 1.963422 0.484199 1.968415 0.484199 1.968415 0.478868 1.968027 0.486353 1.962911 0.435926 1.963282 0.444246 1.962813 0.451169 1.967978 0.451169 1.967978 0.445777 1.968347 0.435926 1.963282 0.397079 1.968255 0.404399 1.966889 0.426517 1.971121 0.426517 1.971121 0.422617 1.972149 0.397079 1.968255 0.368418 1.978797 0.372668 1.976103 0.413759 1.977663 0.413759 1.977663 0.414049 1.979392 0.368418 1.978797 0.55592 1.979025 0.557381 1.981881 0.512066 1.980837 0.512066 1.980837 0.513882 1.979162 0.55592 1.979025 0.532349 1.968633 0.538604 1.970255 0.509709 1.97341 0.509709 1.97341 0.506611 1.972261 0.532349 1.968633 0.494599 1.963422 0.502686 1.964102 0.489335 1.968929 0.489335 1.968929 0.484199 1.968415 0.494599 1.963422 0.444246 1.962813 0.452651 1.962508 0.456678 1.967736 0.456678 1.967736 0.451169 1.967978 0.444246 1.962813 0.404399 1.966889 0.411913 1.965715 0.430858 1.97023 0.430858 1.97023 0.426517 1.971121 0.404399 1.966889 0.557381 1.981881 0.557143 1.985059 0.508677 1.982564 0.508677 1.982564 0.512066 1.980837 0.557381 1.981881 0.538604 1.970255 0.544241 1.972091 0.51212 1.97468 0.51212 1.97468 0.509709 1.97341 0.538604 1.970255 0.502686 1.964102 0.510562 1.964956 0.494216 1.969571 0.494216 1.969571 0.489335 1.968929 0.502686 1.964102 0.452651 1.962508 0.461103 1.962365 0.462253 1.96762 0.462253 1.96762 0.456678 1.967736 0.452651 1.962508 0.411913 1.965715 0.419711 1.964727 0.43556 1.969472 0.43556 1.969472 0.430858 1.97023 0.411913 1.965715 0.557143 1.985059 0.554803 1.988617 0.50347 1.98429 0.50347 1.98429 0.508677 1.982564 0.557143 1.985059 0.544241 1.972091 0.549122 1.974153 0.513721 1.976068 0.513721 1.976068 0.51212 1.97468 0.544241 1.972091 0.510562 1.964956 0.518174 1.965991 0.498774 1.97034 0.498774 1.97034 0.494216 1.969571 0.510562 1.964956 0.469563 1.962384 0.477993 1.962566 0.473398 1.967766 0.473398 1.967766 0.467843 1.96763 0.469563 1.962384 0.461103 1.962365 0.469563 1.962384 0.467843 1.96763 0.467843 1.96763 0.462253 1.96762 0.461103 1.962365 0.419711 1.964727 0.427733 1.963919 0.440554 1.968845 0.440554 1.968845 0.43556 1.969472 0.419711 1.964727 0.38369 1.971659 0.390146 1.969839 0.419259 1.973315 0.419259 1.973315 0.416561 1.974622 0.38369 1.971659 0.440554 1.968845 0.445777 1.968347 0.464828 1.976145 0.419259 1.973315 0.422617 1.972149 0.464828 1.976145 0.415817 1.981247 0.414049 1.979392 0.464828 1.976145 0.514365 1.977566 0.513882 1.979162 0.464828 1.976145 0.502934 1.971237 0.506611 1.972261 0.464828 1.976145 0.478868 1.968027 0.484199 1.968415 0.464828 1.976145 0.445777 1.968347 0.451169 1.967978 0.464828 1.976145 0.422617 1.972149 0.426517 1.971121 0.464828 1.976145 0.414049 1.979392 0.413759 1.977663 0.464828 1.976145 0.513882 1.979162 0.512066 1.980837 0.464828 1.976145 0.506611 1.972261 0.509709 1.97341 0.464828 1.976145 0.484199 1.968415 0.489335 1.968929 0.464828 1.976145 0.451169 1.967978 0.456678 1.967736 0.464828 1.976145 0.426517 1.971121 0.430858 1.97023 0.464828 1.976145 0.512066 1.980837 0.508677 1.982564 0.464828 1.976145 0.509709 1.97341 0.51212 1.97468 0.464828 1.976145 0.489335 1.968929 0.494216 1.969571 0.464828 1.976145 0.456678 1.967736 0.462253 1.96762 0.464828 1.976145 0.430858 1.97023 0.43556 1.969472 0.464828 1.976145 0.508677 1.982564 0.50347 1.98429 0.464828 1.976145 0.51212 1.97468 0.513721 1.976068 0.464828 1.976145 0.494216 1.969571 0.498774 1.97034 0.464828 1.976145 0.467843 1.96763 0.473398 1.967766 0.464828 1.976145 0.462253 1.96762 0.467843 1.96763 0.464828 1.976145 0.43556 1.969472 0.440554 1.968845 0.464828 1.976145 0.416561 1.974622 0.419259 1.973315 0.464828 1.976145 0.419412 1.983208 0.415817 1.981247 0.464828 1.976145 0.513721 1.976068 0.514365 1.977566 0.464828 1.976145 0.498774 1.97034 0.502934 1.971237 0.464828 1.976145 0.473398 1.967766 0.478868 1.968027 0.464828 1.976145 0.946411 1.251253 0.930997 1.265985 0.919475 1.239495 0.919475 1.239495 0.931414 1.228137 0.946411 1.251253 0.857586 1.281785 0.839366 1.274632 0.847806 1.245733 0.847806 1.245733 0.862208 1.25141 0.857586 1.281785 0.959485 1.232932 0.946411 1.251253 0.931414 1.228137 0.931414 1.228137 0.941526 1.214013 0.959485 1.232932 0.876468 1.284606 0.857586 1.281785 0.862208 1.25141 0.862208 1.25141 0.877031 1.25372 0.876468 1.284606 0.799188 1.081376 0.810417 1.061512 0.826965 1.081867 0.826965 1.081867 0.818274 1.09716 0.799188 1.081376 0.969744 1.211655 0.959485 1.232932 0.941526 1.214013 0.941526 1.214013 0.949453 1.197618 0.969744 1.211655 0.895412 1.2829 0.876468 1.284606 0.877031 1.25372 0.877031 1.25372 0.891822 1.252487 0.895412 1.2829 0.790988 1.103651 0.799188 1.081376 0.818274 1.09716 0.818274 1.09716 0.811906 1.114342 0.790988 1.103651 0.976805 1.188176 0.969744 1.211655 0.949453 1.197618 0.949453 1.197618 0.954909 1.179535 0.976805 1.188176 0.913796 1.276643 0.895412 1.2829 0.891822 1.252487 0.891822 1.252487 0.906126 1.2477 0.913796 1.276643 0.786075 1.12751 0.790988 1.103651 0.811906 1.114342 0.811906 1.114342 0.808065 1.132789 0.786075 1.12751 0.980405 1.16334 0.976805 1.188176 0.954909 1.179535 0.954909 1.179535 0.957694 1.160416 0.980405 1.16334 0.930997 1.265985 0.913796 1.276643 0.906126 1.2477 0.906126 1.2477 0.919475 1.239495 0.930997 1.265985 0.823708 1.257948 0.810592 1.241215 0.827272 1.221649 0.827272 1.221649 0.837567 1.234856 0.823708 1.257948 0.784574 1.152084 0.786075 1.12751 0.808065 1.132789 0.808065 1.132789 0.806861 1.151845 0.784574 1.152084 0.941619 1.087538 0.949519 1.103835 0.937983 1.111901 0.937983 1.111901 0.931458 1.09839 0.941619 1.087538 0.954909 1.179535 0.949453 1.197618 0.937818 1.189617 0.937818 1.189617 0.942366 1.174634 0.954909 1.179535 0.906126 1.2477 0.891822 1.252487 0.889776 1.234932 0.889776 1.234932 0.901717 1.231045 0.906126 1.2477 0.827272 1.221649 0.818722 1.206292 0.829692 1.197194 0.829692 1.197194 0.836982 1.210154 0.827272 1.221649 0.808065 1.132789 0.811906 1.114342 0.823928 1.120439 0.823928 1.120439 0.820718 1.135774 0.808065 1.132789 0.850039 1.059128 0.8636 1.05254 0.866874 1.06926 0.866874 1.06926 0.855628 1.074691 0.850039 1.059128 0.931544 1.073569 0.941619 1.087538 0.931458 1.09839 0.931458 1.09839 0.923128 1.086804 0.931544 1.073569 0.957694 1.160416 0.954909 1.179535 0.942366 1.174634 0.942366 1.174634 0.944697 1.158791 0.957694 1.160416 0.919475 1.239495 0.906126 1.2477 0.901717 1.231045 0.901717 1.231045 0.912848 1.224286 0.919475 1.239495 0.837567 1.234856 0.827272 1.221649 0.836982 1.210154 0.836982 1.210154 0.845998 1.221469 0.837567 1.234856 0.806861 1.151845 0.808065 1.132789 0.820718 1.135774 0.820718 1.135774 0.819705 1.151645 0.806861 1.151845 0.837679 1.069029 0.850039 1.059128 0.855628 1.074691 0.855628 1.074691 0.845369 1.082874 0.837679 1.069029 0.906431 1.054555 0.919668 1.06244 0.913305 1.077566 0.913305 1.077566 0.902351 1.071011 0.906431 1.054555 0.919668 1.06244 0.931544 1.073569 0.923128 1.086804 0.923128 1.086804 0.913305 1.077566 0.919668 1.06244 0.957707 1.140954 0.957694 1.160416 0.944697 1.158791 0.944697 1.158791 0.944729 1.142664 0.957707 1.140954 0.931414 1.228137 0.919475 1.239495 0.912848 1.224286 0.912848 1.224286 0.922795 1.214894 0.931414 1.228137 0.862208 1.25141 0.847806 1.245733 0.852703 1.228376 0.852703 1.228376 0.864967 1.233607 0.862208 1.25141 0.808307 1.170856 0.806861 1.151845 0.819705 1.151645 0.819705 1.151645 0.82091 1.16751 0.808307 1.170856 0.826965 1.081867 0.837679 1.069029 0.845369 1.082874 0.845369 1.082874 0.836467 1.093501 0.826965 1.081867 0.892324 1.050199 0.906431 1.054555 0.902351 1.071011 0.902351 1.071011 0.890672 1.067377 0.892324 1.050199 0.954948 1.12186 0.957707 1.140954 0.944729 1.142664 0.944729 1.142664 0.942462 1.126841 0.954948 1.12186 0.941526 1.214013 0.931414 1.228137 0.922795 1.214894 0.922795 1.214894 0.931217 1.203199 0.941526 1.214013 0.877031 1.25372 0.862208 1.25141 0.864967 1.233607 0.864967 1.233607 0.877406 1.235804 0.877031 1.25372 0.812317 1.189195 0.808307 1.170856 0.82091 1.16751 0.82091 1.16751 0.824279 1.18285 0.812317 1.189195 0.818274 1.09716 0.826965 1.081867 0.836467 1.093501 0.836467 1.093501 0.829237 1.106177 0.818274 1.09716 0.877869 1.049523 0.892324 1.050199 0.890672 1.067377 0.890672 1.067377 0.878699 1.066788 0.877869 1.049523 0.949519 1.103835 0.954948 1.12186 0.942462 1.126841 0.942462 1.126841 0.937983 1.111901 0.949519 1.103835 0.949453 1.197618 0.941526 1.214013 0.931217 1.203199 0.931217 1.203199 0.937818 1.189617 0.949453 1.197618 0.891822 1.252487 0.877031 1.25372 0.877406 1.235804 0.877406 1.235804 0.889776 1.234932 0.891822 1.252487 0.818722 1.206292 0.812317 1.189195 0.824279 1.18285 0.824279 1.18285 0.829692 1.197194 0.818722 1.206292 0.811906 1.114342 0.818274 1.09716 0.829237 1.106177 0.829237 1.106177 0.823928 1.120439 0.811906 1.114342 0.8636 1.05254 0.877869 1.049523 0.878699 1.066788 0.878699 1.066788 0.866874 1.06926 0.8636 1.05254 0.890672 1.067377 0.902351 1.071011 0.896591 1.09394 0.896591 1.09394 0.888296 1.091333 0.890672 1.067377 0.942462 1.126841 0.944729 1.142664 0.926604 1.144951 0.926604 1.144951 0.925017 1.133698 0.942462 1.126841 0.931217 1.203199 0.922795 1.214894 0.910817 1.196246 0.910817 1.196246 0.916858 1.187962 0.931217 1.203199 0.877406 1.235804 0.864967 1.233607 0.869438 1.208749 0.869438 1.208749 0.878285 1.210623 0.877406 1.235804 0.824279 1.18285 0.82091 1.16751 0.83868 1.162763 0.83868 1.162763 0.841177 1.173765 0.824279 1.18285 0.829237 1.106177 0.836467 1.093501 0.849712 1.109838 0.849712 1.109838 0.84455 1.118871 0.829237 1.106177 0.878699 1.066788 0.890672 1.067377 0.888296 1.091333 0.888296 1.091333 0.879787 1.090891 0.878699 1.066788 0.937983 1.111901 0.942462 1.126841 0.925017 1.133698 0.925017 1.133698 0.921855 1.12307 0.937983 1.111901 0.937818 1.189617 0.931217 1.203199 0.916858 1.187962 0.916858 1.187962 0.921595 1.178322 0.937818 1.189617 0.889776 1.234932 0.877406 1.235804 0.878285 1.210623 0.878285 1.210623 0.887137 1.210213 0.889776 1.234932 0.829692 1.197194 0.824279 1.18285 0.841177 1.173765 0.841177 1.173765 0.845195 1.184024 0.829692 1.197194 0.823928 1.120439 0.829237 1.106177 0.84455 1.118871 0.84455 1.118871 0.84076 1.129052 0.823928 1.120439 0.866874 1.06926 0.878699 1.066788 0.879787 1.090891 0.879787 1.090891 0.871375 1.092626 0.866874 1.06926 0.931458 1.09839 0.937983 1.111901 0.921855 1.12307 0.921855 1.12307 0.917237 1.113455 0.931458 1.09839 0.942366 1.174634 0.937818 1.189617 0.921595 1.178322 0.921595 1.178322 0.924865 1.167677 0.942366 1.174634 0.901717 1.231045 0.889776 1.234932 0.887137 1.210213 0.887137 1.210213 0.895699 1.207588 0.901717 1.231045 0.836982 1.210154 0.829692 1.197194 0.845195 1.184024 0.845195 1.184024 0.850633 1.193198 0.836982 1.210154 0.820718 1.135774 0.823928 1.120439 0.84076 1.129052 0.84076 1.129052 0.838473 1.140018 0.820718 1.135774 0.855628 1.074691 0.866874 1.06926 0.871375 1.092626 0.871375 1.092626 0.86337 1.09647 0.855628 1.074691 0.923128 1.086804 0.931458 1.09839 0.917237 1.113455 0.917237 1.113455 0.911334 1.105204 0.923128 1.086804 0.944697 1.158791 0.942366 1.174634 0.924865 1.167677 0.924865 1.167677 0.926554 1.156417 0.944697 1.158791 0.912848 1.224286 0.901717 1.231045 0.895699 1.207588 0.895699 1.207588 0.903683 1.202871 0.912848 1.224286 0.845998 1.221469 0.836982 1.210154 0.850633 1.193198 0.850633 1.193198 0.857368 1.200965 0.845998 1.221469 0.819705 1.151645 0.820718 1.135774 0.838473 1.140018 0.838473 1.140018 0.837771 1.151386 0.819705 1.151645 0.845369 1.082874 0.855628 1.074691 0.86337 1.09647 0.86337 1.09647 0.85606 1.102279 0.845369 1.082874 0.902351 1.071011 0.913305 1.077566 0.904366 1.09862 0.904366 1.09862 0.896591 1.09394 0.902351 1.071011 0.913305 1.077566 0.923128 1.086804 0.911334 1.105204 0.911334 1.105204 0.904366 1.09862 0.913305 1.077566 0.944729 1.142664 0.944697 1.158791 0.926554 1.156417 0.926554 1.156417 0.926604 1.144951 0.944729 1.142664 0.922795 1.214894 0.912848 1.224286 0.903683 1.202871 0.903683 1.202871 0.910817 1.196246 0.922795 1.214894 0.864967 1.233607 0.852703 1.228376 0.860927 1.204575 0.860927 1.204575 0.869438 1.208749 0.864967 1.233607 0.82091 1.16751 0.819705 1.151645 0.837771 1.151386 0.837771 1.151386 0.83868 1.162763 0.82091 1.16751 0.836467 1.093501 0.845369 1.082874 0.85606 1.102279 0.85606 1.102279 0.849712 1.109838 0.836467 1.093501 0.86337 1.09647 0.871375 1.092626 0.877396 1.124387 0.877396 1.124387 0.873815 1.126109 0.86337 1.09647 0.911334 1.105204 0.917237 1.113455 0.897866 1.133732 0.897866 1.133732 0.895239 1.130037 0.911334 1.105204 0.926554 1.156417 0.924865 1.167677 0.901174 1.157962 0.901174 1.157962 0.901955 1.15294 0.926554 1.156417 0.903683 1.202871 0.895699 1.207588 0.887999 1.175553 0.887999 1.175553 0.891586 1.173531 0.903683 1.202871 0.857368 1.200965 0.850633 1.193198 0.868533 1.169303 0.868533 1.169303 0.8716 1.172576 0.857368 1.200965 0.837771 1.151386 0.838473 1.140018 0.862739 1.145689 0.862739 1.145689 0.862469 1.150797 0.837771 1.151386 0.85606 1.102279 0.86337 1.09647 0.873815 1.126109 0.873815 1.126109 0.870547 1.128716 0.85606 1.102279 0.896591 1.09394 0.904366 1.09862 0.892133 1.127086 0.892133 1.127086 0.888663 1.124986 0.896591 1.09394 0.904366 1.09862 0.911334 1.105204 0.895239 1.130037 0.895239 1.130037 0.892133 1.127086 0.904366 1.09862 0.926604 1.144951 0.926554 1.156417 0.901955 1.15294 0.901955 1.15294 0.902001 1.147819 0.926604 1.144951 0.910817 1.196246 0.903683 1.202871 0.891586 1.173531 0.891586 1.173531 0.894802 1.170635 0.910817 1.196246 0.869438 1.208749 0.860927 1.204575 0.872677 1.173704 0.872677 1.173704 0.87636 1.17569 0.869438 1.208749 0.83868 1.162763 0.837771 1.151386 0.862469 1.150797 0.862469 1.150797 0.862937 1.155895 0.83868 1.162763 0.849712 1.109838 0.85606 1.102279 0.870547 1.128716 0.870547 1.128716 0.867711 1.132113 0.849712 1.109838 0.888296 1.091333 0.896591 1.09394 0.888663 1.124986 0.888663 1.124986 0.884959 1.123814 0.888296 1.091333 0.925017 1.133698 0.926604 1.144951 0.902001 1.147819 0.902001 1.147819 0.901312 1.142789 0.925017 1.133698 0.916858 1.187962 0.910817 1.196246 0.894802 1.170635 0.894802 1.170635 0.897534 1.166979 0.916858 1.187962 0.878285 1.210623 0.869438 1.208749 0.87636 1.17569 0.87636 1.17569 0.880242 1.176668 0.878285 1.210623 0.841177 1.173765 0.83868 1.162763 0.862937 1.155895 0.862937 1.155895 0.864131 1.160797 0.841177 1.173765 0.84455 1.118871 0.849712 1.109838 0.867711 1.132113 0.867711 1.132113 0.865411 1.136175 0.84455 1.118871 0.879787 1.090891 0.888296 1.091333 0.884959 1.123814 0.884959 1.123814 0.881156 1.123612 0.879787 1.090891 0.921855 1.12307 0.925017 1.133698 0.901312 1.142789 0.901312 1.142789 0.899916 1.138036 0.921855 1.12307 0.921595 1.178322 0.916858 1.187962 0.897534 1.166979 0.897534 1.166979 0.899683 1.162701 0.921595 1.178322 0.887137 1.210213 0.878285 1.210623 0.880242 1.176668 0.880242 1.176668 0.884171 1.176616 0.887137 1.210213 0.845195 1.184024 0.841177 1.173765 0.864131 1.160797 0.864131 1.160797 0.866016 1.165324 0.845195 1.184024 0.84076 1.129052 0.84455 1.118871 0.865411 1.136175 0.865411 1.136175 0.863733 1.140755 0.84076 1.129052 0.871375 1.092626 0.879787 1.090891 0.881156 1.123612 0.881156 1.123612 0.877396 1.124387 0.871375 1.092626 0.917237 1.113455 0.921855 1.12307 0.899916 1.138036 0.899916 1.138036 0.897866 1.133732 0.917237 1.113455 0.924865 1.167677 0.921595 1.178322 0.899683 1.162701 0.899683 1.162701 0.901174 1.157962 0.924865 1.167677 0.895699 1.207588 0.887137 1.210213 0.884171 1.176616 0.884171 1.176616 0.887999 1.175553 0.895699 1.207588 0.850633 1.193198 0.845195 1.184024 0.866016 1.165324 0.866016 1.165324 0.868533 1.169303 0.850633 1.193198 0.838473 1.140018 0.84076 1.129052 0.863733 1.140755 0.863733 1.140755 0.862739 1.145689 0.838473 1.140018 0.865411 1.136175 0.867711 1.132113 0.882253 1.14992 0.881156 1.123612 0.884959 1.123814 0.882253 1.14992 0.899916 1.138036 0.901312 1.142789 0.882253 1.14992 0.899683 1.162701 0.897534 1.166979 0.882253 1.14992 0.884171 1.176616 0.880242 1.176668 0.882253 1.14992 0.866016 1.165324 0.864131 1.160797 0.882253 1.14992 0.863733 1.140755 0.865411 1.136175 0.882253 1.14992 0.877396 1.124387 0.881156 1.123612 0.882253 1.14992 0.897866 1.133732 0.899916 1.138036 0.882253 1.14992 0.901174 1.157962 0.899683 1.162701 0.882253 1.14992 0.887999 1.175553 0.884171 1.176616 0.882253 1.14992 0.868533 1.169303 0.866016 1.165324 0.882253 1.14992 0.862739 1.145689 0.863733 1.140755 0.882253 1.14992 0.873815 1.126109 0.877396 1.124387 0.882253 1.14992 0.895239 1.130037 0.897866 1.133732 0.882253 1.14992 0.901955 1.15294 0.901174 1.157962 0.882253 1.14992 0.891586 1.173531 0.887999 1.175553 0.882253 1.14992 0.8716 1.172576 0.868533 1.169303 0.882253 1.14992 0.862469 1.150797 0.862739 1.145689 0.882253 1.14992 0.870547 1.128716 0.873815 1.126109 0.882253 1.14992 0.888663 1.124986 0.892133 1.127086 0.882253 1.14992 0.892133 1.127086 0.895239 1.130037 0.882253 1.14992 0.902001 1.147819 0.901955 1.15294 0.882253 1.14992 0.894802 1.170635 0.891586 1.173531 0.882253 1.14992 0.87636 1.17569 0.872677 1.173704 0.882253 1.14992 0.862937 1.155895 0.862469 1.150797 0.882253 1.14992 0.867711 1.132113 0.870547 1.128716 0.882253 1.14992 0.884959 1.123814 0.888663 1.124986 0.882253 1.14992 0.901312 1.142789 0.902001 1.147819 0.882253 1.14992 0.897534 1.166979 0.894802 1.170635 0.882253 1.14992 0.880242 1.176668 0.87636 1.17569 0.882253 1.14992 0.864131 1.160797 0.862937 1.155895 0.882253 1.14992 0.357032 1.011921 0.374053 1.011875 0.374287 1.016439 0.374287 1.016439 0.357343 1.016501 0.357032 1.011921 0.339948 1.011979 0.357032 1.011921 0.357343 1.016501 0.357343 1.016501 0.340339 1.016575 0.339948 1.011979 0.253733 1.012455 0.271068 1.012333 0.271806 1.016983 0.271806 1.016983 0.254564 1.017115 0.253733 1.012455 0.1665779 1.013284 0.184059 1.013087 0.185299 1.017777 0.185299 1.017777 0.167931 1.017978 0.1665779 1.013284 0.07898199 1.014577 0.09646999 1.014268 0.09842801 1.018952 0.09842801 1.018952 0.08115196 1.019241 0.07898199 1.014577 0.539906 1.01199 0.555956 1.012053 0.555489 1.016349 0.555489 1.016349 0.539492 1.016318 0.539906 1.01199 0.458081 1.01181 0.47464 1.011828 0.474459 1.016265 0.474459 1.016265 0.457963 1.016271 0.458081 1.01181 0.184059 1.013087 0.2015179 1.012906 0.202651 1.01759 0.202651 1.01759 0.185299 1.017777 0.184059 1.013087 0.09646999 1.014268 0.114044 1.013983 0.11579 1.018681 0.11579 1.018681 0.09842801 1.018952 0.09646999 1.014268 0.555956 1.012053 0.571887 1.012123 0.571368 1.016387 0.571368 1.016387 0.555489 1.016349 0.555956 1.012053 0.47464 1.011828 0.491106 1.011855 0.490864 1.016267 0.490864 1.016267 0.474459 1.016265 0.47464 1.011828 0.391008 1.011841 0.407892 1.011817 0.407979 1.016343 0.407979 1.016343 0.391167 1.016386 0.391008 1.011841 0.2015179 1.012906 0.218954 1.012741 0.219982 1.017418 0.219982 1.017418 0.202651 1.01759 0.2015179 1.012906 0.114044 1.013983 0.13157 1.013729 0.13317 1.018429 0.13317 1.018429 0.11579 1.018681 0.114044 1.013983 0.571887 1.012123 0.58769 1.012203 0.587121 1.01643 0.587121 1.01643 0.571368 1.016387 0.571887 1.012123 0.491106 1.011855 0.507475 1.011891 0.507174 1.016276 0.507174 1.016276 0.490864 1.016267 0.491106 1.011855 0.407892 1.011817 0.424703 1.011805 0.424719 1.01631 0.424719 1.01631 0.407979 1.016343 0.407892 1.011817 0.305608 1.01213 0.322805 1.012048 0.323279 1.01666 0.323279 1.01666 0.306167 1.016755 0.305608 1.01213 0.218954 1.012741 0.23636 1.012591 0.237289 1.01726 0.237289 1.01726 0.219982 1.017418 0.218954 1.012741 0.13157 1.013729 0.149081 1.013498 0.150553 1.018195 0.150553 1.018195 0.13317 1.018429 0.13157 1.013729 0.58769 1.012203 0.603343 1.01229 0.602736 1.016478 0.602736 1.016478 0.587121 1.01643 0.58769 1.012203 0.507475 1.011891 0.523744 1.011937 0.523386 1.016294 0.523386 1.016294 0.507174 1.016276 0.507475 1.011891 0.322805 1.012048 0.339948 1.011979 0.340339 1.016575 0.340339 1.016575 0.323279 1.01666 0.322805 1.012048 0.23636 1.012591 0.253733 1.012455 0.254564 1.017115 0.254564 1.017115 0.237289 1.01726 0.23636 1.012591 0.149081 1.013498 0.1665779 1.013284 0.167931 1.017978 0.167931 1.017978 0.150553 1.018195 0.149081 1.013498 0.603343 1.01229 0.618762 1.012384 0.618242 1.01653 0.618242 1.01653 0.602736 1.016478 0.603343 1.01229 0.523744 1.011937 0.539906 1.01199 0.539492 1.016318 0.539492 1.016318 0.523386 1.016294 0.523744 1.011937 0.372668 1.976103 0.377818 1.973737 0.413759 1.977663 0.377818 1.973737 0.38369 1.971659 0.416561 1.974622 0.416561 1.974622 0.414669 1.976072 0.377818 1.973737 0.414669 1.976072 0.416561 1.974622 0.464828 1.976145 0.980405 1.138051 0.980405 1.16334 0.957694 1.160416 0.957694 1.160416 0.957707 1.140954 0.980405 1.138051 0.786474 1.176511 0.784574 1.152084 0.806861 1.151845 0.806861 1.151845 0.808307 1.170856 0.786474 1.176511 0.810417 1.061512 0.824291 1.044807 0.837679 1.069029 0.837679 1.069029 0.826965 1.081867 0.810417 1.061512 0.895272 1.020166 0.913625 1.025796 0.906431 1.054555 0.906431 1.054555 0.892324 1.050199 0.895272 1.020166 0.976801 1.113234 0.980405 1.138051 0.957707 1.140954 0.957707 1.140954 0.954948 1.12186 0.976801 1.113234 0.791633 1.199971 0.786474 1.176511 0.808307 1.170856 0.808307 1.170856 0.812317 1.189195 0.791633 1.199971 0.876475 1.019328 0.895272 1.020166 0.892324 1.050199 0.892324 1.050199 0.877869 1.049523 0.876475 1.019328 0.969724 1.089804 0.976801 1.113234 0.954948 1.12186 0.954948 1.12186 0.949519 1.103835 0.969724 1.089804 0.799788 1.221738 0.791633 1.199971 0.812317 1.189195 0.812317 1.189195 0.818722 1.206292 0.799788 1.221738 0.857931 1.023295 0.876475 1.019328 0.877869 1.049523 0.877869 1.049523 0.8636 1.05254 0.857931 1.023295 0.959434 1.068624 0.969724 1.089804 0.949519 1.103835 0.949519 1.103835 0.941619 1.087538 0.959434 1.068624 0.810592 1.241215 0.799788 1.221738 0.818722 1.206292 0.818722 1.206292 0.827272 1.221649 0.810592 1.241215 0.840321 1.031902 0.857931 1.023295 0.8636 1.05254 0.8636 1.05254 0.850039 1.059128 0.840321 1.031902 0.946315 1.050473 0.959434 1.068624 0.941619 1.087538 0.941619 1.087538 0.931544 1.073569 0.946315 1.050473 0.824291 1.044807 0.840321 1.031902 0.850039 1.059128 0.850039 1.059128 0.837679 1.069029 0.824291 1.044807 0.913625 1.025796 0.930853 1.036021 0.919668 1.06244 0.919668 1.06244 0.906431 1.054555 0.913625 1.025796 0.930853 1.036021 0.946315 1.050473 0.931544 1.073569 0.931544 1.073569 0.919668 1.06244 0.930853 1.036021</float_array>
          <technique_common>
            <accessor source="#_35tentacle-mesh-map-0-array" count="20922" stride="2">
              <param name="S" type="float"/>
              <param name="T" type="float"/>
            </accessor>
          </technique_common>
        </source>
        <vertices id="_35tentacle-mesh-vertices">
          <input semantic="POSITION" source="#_35tentacle-mesh-positions"/>
        </vertices>
        <triangles material="null_bmp-material" count="6974">
          <input semantic="VERTEX" source="#_35tentacle-mesh-vertices" offset="0"/>
          <input semantic="NORMAL" source="#_35tentacle-mesh-normals" offset="1"/>
          <input semantic="TEXCOORD" source="#_35tentacle-mesh-map-0" offset="2" set="0"/>
          <p>0 0 0 1 1 1 2 2 2 2 2 3 3 3 4 0 0 5 4 4 6 0 0 7 3 3 8 3 3 9 5 5 10 4 4 11 6 6 12 7 7 13 8 8 14 8 8 15 9 9 16 6 6 17 10 10 18 11 11 19 12 12 20 12 12 21 13 13 22 10 10 23 14 14 24 15 15 25 16 16 26 16 16 27 17 17 28 14 14 29 18 18 30 19 19 31 20 20 32 20 20 33 21 21 34 18 18 35 22 22 36 23 23 37 24 24 38 24 24 39 25 25 40 22 22 41 1 1 42 26 26 43 27 27 44 27 27 45 2 2 46 1 1 47 7 7 48 28 28 49 29 29 50 29 29 51 8 8 52 7 7 53 11 11 54 30 30 55 31 31 56 31 31 57 12 12 58 11 11 59 15 15 60 32 32 61 33 33 62 33 33 63 16 16 64 15 15 65 19 19 66 34 34 67 35 35 68 35 35 69 20 20 70 19 19 71 23 23 72 36 36 73 37 37 74 37 37 75 24 24 76 23 23 77 26 26 78 38 38 79 39 39 80 39 39 81 27 27 82 26 26 83 28 28 84 40 40 85 41 41 86 41 41 87 29 29 88 28 28 89 30 30 90 42 42 91 43 43 92 43 43 93 31 31 94 30 30 95 32 32 96 44 44 97 45 45 98 45 45 99 33 33 100 32 32 101 34 34 102 46 46 103 47 47 104 47 47 105 35 35 106 34 34 107 36 36 108 48 48 109 49 49 110 49 49 111 37 37 112 36 36 113 38 38 114 50 50 115 51 51 116 51 51 117 39 39 118 38 38 119 40 40 120 52 52 121 53 53 122 53 53 123 41 41 124 40 40 125 42 42 126 54 54 127 55 55 128 55 55 129 43 43 130 42 42 131 44 44 132 56 56 133 57 57 134 57 57 135 45 45 136 44 44 137 46 46 138 58 58 139 59 59 140 59 59 141 47 47 142 46 46 143 48 48 144 60 60 145 61 61 146 61 61 147 49 49 148 48 48 149 50 50 150 62 62 151 63 63 152 63 63 153 51 51 154 50 50 155 52 52 156 4 4 157 5 5 158 5 5 159 53 53 160 52 52 161 54 54 162 6 6 163 9 9 164 9 9 165 55 55 166 54 54 167 56 56 168 10 10 169 13 13 170 13 13 171 57 57 172 56 56 173 58 58 174 14 14 175 17 17 176 17 17 177 59 59 178 58 58 179 60 60 180 18 18 181 21 21 182 21 21 183 61 61 184 60 60 185 62 62 186 22 22 187 25 25 188 25 25 189 63 63 190 62 62 191 64 64 192 65 65 193 66 66 194 66 66 195 67 67 196 64 64 197 67 67 198 66 66 199 68 68 200 68 68 201 69 69 202 67 67 203 69 69 204 68 68 205 70 70 206 70 70 207 71 71 208 69 69 209 71 71 210 70 70 211 72 72 212 72 72 213 73 73 214 71 71 215 73 73 216 72 72 217 74 74 218 74 74 219 75 75 220 73 73 221 75 75 222 74 74 223 76 76 224 76 76 225 77 77 226 75 75 227 77 77 228 76 76 229 78 78 230 78 78 231 79 79 232 77 77 233 79 79 234 78 78 235 80 80 236 80 80 237 81 81 238 79 79 239 81 81 240 80 80 241 82 82 242 82 82 243 83 83 244 81 81 245 83 83 246 82 82 247 84 84 248 84 84 249 85 85 250 83 83 251 85 85 252 84 84 253 86 86 254 86 86 255 87 87 256 85 85 257 87 87 258 86 86 259 88 88 260 88 88 261 89 89 262 87 87 263 89 89 264 88 88 265 90 90 266 90 90 267 91 91 268 89 89 269 91 91 270 90 90 271 92 92 272 92 92 273 93 93 274 91 91 275 93 93 276 92 92 277 94 94 278 94 94 279 95 95 280 93 93 281 95 95 282 94 94 283 96 96 284 96 96 285 97 97 286 95 95 287 97 97 288 96 96 289 98 98 290 98 98 291 99 99 292 97 97 293 99 99 294 98 98 295 100 100 296 100 100 297 101 101 298 99 99 299 101 101 300 100 100 301 102 102 302 102 102 303 103 103 304 101 101 305 103 103 306 102 102 307 104 104 308 104 104 309 105 105 310 103 103 311 105 105 312 104 104 313 106 106 314 106 106 315 107 107 316 105 105 317 107 107 318 106 106 319 108 108 320 108 108 321 109 109 322 107 107 323 109 109 324 108 108 325 110 110 326 110 110 327 111 111 328 109 109 329 111 111 330 110 110 331 112 112 332 112 112 333 113 113 334 111 111 335 113 113 336 112 112 337 114 114 338 114 114 339 115 115 340 113 113 341 115 115 342 114 114 343 116 116 344 116 116 345 117 117 346 115 115 347 117 117 348 116 116 349 118 118 350 118 118 351 119 119 352 117 117 353 119 119 354 118 118 355 120 120 356 120 120 357 121 121 358 119 119 359 121 121 360 120 120 361 122 122 362 122 122 363 123 123 364 121 121 365 123 123 366 122 122 367 124 124 368 124 124 369 125 125 370 123 123 371 125 125 372 124 124 373 126 126 374 126 126 375 127 127 376 125 125 377 127 127 378 126 126 379 128 128 380 128 128 381 129 129 382 127 127 383 129 129 384 128 128 385 130 130 386 130 130 387 131 131 388 129 129 389 131 131 390 130 130 391 132 132 392 132 132 393 133 133 394 131 131 395 133 133 396 132 132 397 134 134 398 134 134 399 135 135 400 133 133 401 135 135 402 134 134 403 136 136 404 136 136 405 137 137 406 135 135 407 137 137 408 136 136 409 138 138 410 138 138 411 139 139 412 137 137 413 139 139 414 138 138 415 140 140 416 140 140 417 141 141 418 139 139 419 141 141 420 140 140 421 142 142 422 142 142 423 143 143 424 141 141 425 143 143 426 142 142 427 144 144 428 144 144 429 145 145 430 143 143 431 145 145 432 144 144 433 146 146 434 146 146 435 147 147 436 145 145 437 147 147 438 146 146 439 148 148 440 148 148 441 149 149 442 147 147 443 149 149 444 148 148 445 150 150 446 150 150 447 151 151 448 149 149 449 151 151 450 150 150 451 152 152 452 152 152 453 153 153 454 151 151 455 153 153 456 152 152 457 154 154 458 154 154 459 155 155 460 153 153 461 155 155 462 154 154 463 156 156 464 156 156 465 157 157 466 155 155 467 157 157 468 156 156 469 158 158 470 158 158 471 159 159 472 157 157 473 159 159 474 158 158 475 160 160 476 160 160 477 161 161 478 159 159 479 161 161 480 160 160 481 162 162 482 162 162 483 163 163 484 161 161 485 163 163 486 162 162 487 164 164 488 164 164 489 165 165 490 163 163 491 165 165 492 164 164 493 166 166 494 166 166 495 167 167 496 165 165 497 167 167 498 166 166 499 168 168 500 168 168 501 169 169 502 167 167 503 169 169 504 168 168 505 170 170 506 170 170 507 171 171 508 169 169 509 171 171 510 170 170 511 172 172 512 172 172 513 173 173 514 171 171 515 173 173 516 172 172 517 174 174 518 174 174 519 175 175 520 173 173 521 175 175 522 174 174 523 176 176 524 176 176 525 177 177 526 175 175 527 177 177 528 176 176 529 178 178 530 178 178 531 179 179 532 177 177 533 179 179 534 178 178 535 180 180 536 180 180 537 181 181 538 179 179 539 181 181 540 180 180 541 182 182 542 182 182 543 183 183 544 181 181 545 183 183 546 182 182 547 184 184 548 184 184 549 185 185 550 183 183 551 185 185 552 184 184 553 186 186 554 186 186 555 187 187 556 185 185 557 187 187 558 186 186 559 188 188 560 188 188 561 189 189 562 187 187 563 189 189 564 188 188 565 190 190 566 190 190 567 191 191 568 189 189 569 191 191 570 190 190 571 192 192 572 192 192 573 193 193 574 191 191 575 193 193 576 192 192 577 194 194 578 194 194 579 195 195 580 193 193 581 195 195 582 194 194 583 196 196 584 196 196 585 197 197 586 195 195 587 197 197 588 196 196 589 198 198 590 198 198 591 199 199 592 197 197 593 199 199 594 198 198 595 200 200 596 200 200 597 201 201 598 199 199 599 201 201 600 200 200 601 202 202 602 202 202 603 203 203 604 201 201 605 203 203 606 202 202 607 204 204 608 204 204 609 205 205 610 203 203 611 205 205 612 204 204 613 206 206 614 206 206 615 207 207 616 205 205 617 207 207 618 206 206 619 208 208 620 208 208 621 209 209 622 207 207 623 209 209 624 208 208 625 210 210 626 210 210 627 211 211 628 209 209 629 211 211 630 210 210 631 212 212 632 212 212 633 213 213 634 211 211 635 213 213 636 212 212 637 214 214 638 214 214 639 215 215 640 213 213 641 215 215 642 214 214 643 216 216 644 216 216 645 217 217 646 215 215 647 217 217 648 216 216 649 218 218 650 218 218 651 219 219 652 217 217 653 219 219 654 218 218 655 220 220 656 220 220 657 221 221 658 219 219 659 221 221 660 220 220 661 222 222 662 222 222 663 223 223 664 221 221 665 223 223 666 222 222 667 224 224 668 224 224 669 225 225 670 223 223 671 225 225 672 224 224 673 226 226 674 226 226 675 227 227 676 225 225 677 227 227 678 226 226 679 228 228 680 228 228 681 229 229 682 227 227 683 229 229 684 228 228 685 230 230 686 230 230 687 231 231 688 229 229 689 231 231 690 230 230 691 232 232 692 232 232 693 233 233 694 231 231 695 233 233 696 232 232 697 234 234 698 234 234 699 235 235 700 233 233 701 235 235 702 234 234 703 236 236 704 236 236 705 237 237 706 235 235 707 237 237 708 236 236 709 238 238 710 238 238 711 239 239 712 237 237 713 239 239 714 238 238 715 240 240 716 240 240 717 241 241 718 239 239 719 241 241 720 240 240 721 242 242 722 242 242 723 243 243 724 241 241 725 243 243 726 242 242 727 244 244 728 244 244 729 245 245 730 243 243 731 245 245 732 244 244 733 246 246 734 246 246 735 247 247 736 245 245 737 247 247 738 246 246 739 248 248 740 248 248 741 249 249 742 247 247 743 249 249 744 248 248 745 250 250 746 250 250 747 251 251 748 249 249 749 251 251 750 250 250 751 252 252 752 252 252 753 253 253 754 251 251 755 253 253 756 252 252 757 254 254 758 254 254 759 255 255 760 253 253 761 255 255 762 254 254 763 256 256 764 256 256 765 257 257 766 255 255 767 257 257 768 256 256 769 258 258 770 258 258 771 259 259 772 257 257 773 259 259 774 258 258 775 260 260 776 260 260 777 261 261 778 259 259 779 261 261 780 260 260 781 1 1 782 1 1 783 0 0 784 261 261 785 262 262 786 64 64 787 67 67 788 67 67 789 263 263 790 262 262 791 263 263 792 67 67 793 69 69 794 69 69 795 264 264 796 263 263 797 264 264 798 69 69 799 71 71 800 71 71 801 265 265 802 264 264 803 265 265 804 71 71 805 73 73 806 73 73 807 266 266 808 265 265 809 266 266 810 73 73 811 75 75 812 75 75 813 267 267 814 266 266 815 267 267 816 75 75 817 77 77 818 77 77 819 268 268 820 267 267 821 268 268 822 77 77 823 79 79 824 79 79 825 269 269 826 268 268 827 269 269 828 79 79 829 81 81 830 81 81 831 270 270 832 269 269 833 270 270 834 81 81 835 83 83 836 83 83 837 271 271 838 270 270 839 271 271 840 83 83 841 85 85 842 85 85 843 272 272 844 271 271 845 272 272 846 85 85 847 87 87 848 87 87 849 273 273 850 272 272 851 273 273 852 87 87 853 89 89 854 89 89 855 274 274 856 273 273 857 274 274 858 89 89 859 91 91 860 91 91 861 275 275 862 274 274 863 275 275 864 91 91 865 93 93 866 93 93 867 276 276 868 275 275 869 276 276 870 93 93 871 95 95 872 95 95 873 277 277 874 276 276 875 277 277 876 95 95 877 97 97 878 97 97 879 278 278 880 277 277 881 278 278 882 97 97 883 99 99 884 99 99 885 279 279 886 278 278 887 279 279 888 99 99 889 101 101 890 101 101 891 280 280 892 279 279 893 280 280 894 101 101 895 103 103 896 103 103 897 281 281 898 280 280 899 281 281 900 103 103 901 105 105 902 105 105 903 282 282 904 281 281 905 282 282 906 105 105 907 107 107 908 107 107 909 283 283 910 282 282 911 283 283 912 107 107 913 109 109 914 109 109 915 284 284 916 283 283 917 284 284 918 109 109 919 111 111 920 111 111 921 285 285 922 284 284 923 285 285 924 111 111 925 113 113 926 113 113 927 286 286 928 285 285 929 286 286 930 113 113 931 115 115 932 115 115 933 287 287 934 286 286 935 287 287 936 115 115 937 117 117 938 117 117 939 288 288 940 287 287 941 288 288 942 117 117 943 119 119 944 119 119 945 289 289 946 288 288 947 289 289 948 119 119 949 121 121 950 121 121 951 290 290 952 289 289 953 290 290 954 121 121 955 123 123 956 123 123 957 291 291 958 290 290 959 291 291 960 123 123 961 125 125 962 125 125 963 292 292 964 291 291 965 292 292 966 125 125 967 127 127 968 127 127 969 293 293 970 292 292 971 293 293 972 127 127 973 129 129 974 129 129 975 294 294 976 293 293 977 294 294 978 129 129 979 131 131 980 131 131 981 295 295 982 294 294 983 295 295 984 131 131 985 133 133 986 133 133 987 296 296 988 295 295 989 296 296 990 133 133 991 135 135 992 135 135 993 297 297 994 296 296 995 297 297 996 135 135 997 137 137 998 137 137 999 298 298 1000 297 297 1001 298 298 1002 137 137 1003 139 139 1004 139 139 1005 299 299 1006 298 298 1007 299 299 1008 139 139 1009 141 141 1010 141 141 1011 300 300 1012 299 299 1013 300 300 1014 141 141 1015 143 143 1016 143 143 1017 301 301 1018 300 300 1019 301 301 1020 143 143 1021 145 145 1022 145 145 1023 302 302 1024 301 301 1025 302 302 1026 145 145 1027 147 147 1028 147 147 1029 303 303 1030 302 302 1031 303 303 1032 147 147 1033 149 149 1034 149 149 1035 304 304 1036 303 303 1037 304 304 1038 149 149 1039 151 151 1040 151 151 1041 305 305 1042 304 304 1043 305 305 1044 151 151 1045 153 153 1046 153 153 1047 306 306 1048 305 305 1049 306 306 1050 153 153 1051 155 155 1052 155 155 1053 307 307 1054 306 306 1055 307 307 1056 155 155 1057 157 157 1058 157 157 1059 308 308 1060 307 307 1061 308 308 1062 157 157 1063 159 159 1064 159 159 1065 309 309 1066 308 308 1067 309 309 1068 159 159 1069 161 161 1070 161 161 1071 310 310 1072 309 309 1073 310 310 1074 161 161 1075 163 163 1076 163 163 1077 311 311 1078 310 310 1079 311 311 1080 163 163 1081 165 165 1082 165 165 1083 312 312 1084 311 311 1085 312 312 1086 165 165 1087 167 167 1088 167 167 1089 313 313 1090 312 312 1091 313 313 1092 167 167 1093 169 169 1094 169 169 1095 314 314 1096 313 313 1097 314 314 1098 169 169 1099 171 171 1100 171 171 1101 315 315 1102 314 314 1103 315 315 1104 171 171 1105 173 173 1106 173 173 1107 316 316 1108 315 315 1109 316 316 1110 173 173 1111 175 175 1112 175 175 1113 317 317 1114 316 316 1115 317 317 1116 175 175 1117 177 177 1118 177 177 1119 318 318 1120 317 317 1121 318 318 1122 177 177 1123 179 179 1124 179 179 1125 319 319 1126 318 318 1127 319 319 1128 179 179 1129 181 181 1130 181 181 1131 320 320 1132 319 319 1133 320 320 1134 181 181 1135 183 183 1136 183 183 1137 321 321 1138 320 320 1139 321 321 1140 183 183 1141 185 185 1142 185 185 1143 322 322 1144 321 321 1145 322 322 1146 185 185 1147 187 187 1148 187 187 1149 323 323 1150 322 322 1151 323 323 1152 187 187 1153 189 189 1154 189 189 1155 324 324 1156 323 323 1157 324 324 1158 189 189 1159 191 191 1160 191 191 1161 325 325 1162 324 324 1163 325 325 1164 191 191 1165 193 193 1166 193 193 1167 326 326 1168 325 325 1169 326 326 1170 193 193 1171 195 195 1172 195 195 1173 327 327 1174 326 326 1175 327 327 1176 195 195 1177 197 197 1178 197 197 1179 328 328 1180 327 327 1181 328 328 1182 197 197 1183 199 199 1184 199 199 1185 329 329 1186 328 328 1187 329 329 1188 199 199 1189 201 201 1190 201 201 1191 330 330 1192 329 329 1193 330 330 1194 201 201 1195 203 203 1196 203 203 1197 331 331 1198 330 330 1199 331 331 1200 203 203 1201 205 205 1202 205 205 1203 332 332 1204 331 331 1205 332 332 1206 205 205 1207 207 207 1208 207 207 1209 333 333 1210 332 332 1211 333 333 1212 207 207 1213 209 209 1214 209 209 1215 334 334 1216 333 333 1217 334 334 1218 209 209 1219 211 211 1220 211 211 1221 335 335 1222 334 334 1223 335 335 1224 211 211 1225 213 213 1226 213 213 1227 336 336 1228 335 335 1229 336 336 1230 213 213 1231 215 215 1232 215 215 1233 337 337 1234 336 336 1235 337 337 1236 215 215 1237 217 217 1238 217 217 1239 338 338 1240 337 337 1241 338 338 1242 217 217 1243 219 219 1244 219 219 1245 339 339 1246 338 338 1247 339 339 1248 219 219 1249 221 221 1250 221 221 1251 340 340 1252 339 339 1253 340 340 1254 221 221 1255 223 223 1256 223 223 1257 341 341 1258 340 340 1259 341 341 1260 223 223 1261 225 225 1262 225 225 1263 342 342 1264 341 341 1265 342 342 1266 225 225 1267 227 227 1268 227 227 1269 343 343 1270 342 342 1271 343 343 1272 227 227 1273 229 229 1274 229 229 1275 344 344 1276 343 343 1277 344 344 1278 229 229 1279 231 231 1280 231 231 1281 345 345 1282 344 344 1283 345 345 1284 231 231 1285 233 233 1286 233 233 1287 346 346 1288 345 345 1289 346 346 1290 233 233 1291 235 235 1292 235 235 1293 347 347 1294 346 346 1295 347 347 1296 235 235 1297 237 237 1298 237 237 1299 348 348 1300 347 347 1301 348 348 1302 237 237 1303 239 239 1304 239 239 1305 349 349 1306 348 348 1307 349 349 1308 239 239 1309 241 241 1310 241 241 1311 350 350 1312 349 349 1313 350 350 1314 241 241 1315 243 243 1316 243 243 1317 351 351 1318 350 350 1319 351 351 1320 243 243 1321 245 245 1322 245 245 1323 352 352 1324 351 351 1325 352 352 1326 245 245 1327 247 247 1328 247 247 1329 353 353 1330 352 352 1331 353 353 1332 247 247 1333 249 249 1334 249 249 1335 354 354 1336 353 353 1337 354 354 1338 249 249 1339 251 251 1340 251 251 1341 355 355 1342 354 354 1343 355 355 1344 251 251 1345 253 253 1346 253 253 1347 356 356 1348 355 355 1349 356 356 1350 253 253 1351 255 255 1352 255 255 1353 357 357 1354 356 356 1355 357 357 1356 255 255 1357 257 257 1358 257 257 1359 358 358 1360 357 357 1361 358 358 1362 257 257 1363 259 259 1364 259 259 1365 359 359 1366 358 358 1367 359 359 1368 259 259 1369 261 261 1370 261 261 1371 360 360 1372 359 359 1373 360 360 1374 261 261 1375 0 0 1376 0 0 1377 4 4 1378 360 360 1379 361 361 1380 362 362 1381 363 363 1382 363 363 1383 364 364 1384 361 361 1385 364 364 1386 363 363 1387 365 365 1388 365 365 1389 366 366 1390 364 364 1391 366 366 1392 365 365 1393 367 367 1394 367 367 1395 368 368 1396 366 366 1397 368 368 1398 367 367 1399 369 369 1400 369 369 1401 370 370 1402 368 368 1403 370 370 1404 369 369 1405 371 371 1406 371 371 1407 372 372 1408 370 370 1409 372 372 1410 371 371 1411 373 373 1412 373 373 1413 374 374 1414 372 372 1415 374 374 1416 373 373 1417 375 375 1418 375 375 1419 376 376 1420 374 374 1421 376 376 1422 375 375 1423 377 377 1424 377 377 1425 378 378 1426 376 376 1427 378 378 1428 377 377 1429 379 379 1430 379 379 1431 380 380 1432 378 378 1433 380 380 1434 379 379 1435 381 381 1436 381 381 1437 382 382 1438 380 380 1439 382 382 1440 381 381 1441 383 383 1442 383 383 1443 384 384 1444 382 382 1445 384 384 1446 383 383 1447 385 385 1448 385 385 1449 386 386 1450 384 384 1451 386 386 1452 385 385 1453 387 387 1454 387 387 1455 388 388 1456 386 386 1457 388 388 1458 387 387 1459 389 389 1460 389 389 1461 390 390 1462 388 388 1463 390 390 1464 389 389 1465 391 391 1466 391 391 1467 392 392 1468 390 390 1469 392 392 1470 391 391 1471 393 393 1472 393 393 1473 394 394 1474 392 392 1475 394 394 1476 393 393 1477 395 395 1478 395 395 1479 396 396 1480 394 394 1481 396 396 1482 395 395 1483 397 397 1484 397 397 1485 398 398 1486 396 396 1487 398 398 1488 397 397 1489 399 399 1490 399 399 1491 400 400 1492 398 398 1493 400 400 1494 399 399 1495 401 401 1496 401 401 1497 402 402 1498 400 400 1499 402 402 1500 401 401 1501 403 403 1502 403 403 1503 404 404 1504 402 402 1505 404 404 1506 403 403 1507 405 405 1508 405 405 1509 406 406 1510 404 404 1511 406 406 1512 405 405 1513 407 407 1514 407 407 1515 408 408 1516 406 406 1517 408 408 1518 407 407 1519 409 409 1520 409 409 1521 410 410 1522 408 408 1523 410 410 1524 409 409 1525 411 411 1526 411 411 1527 412 412 1528 410 410 1529 412 412 1530 411 411 1531 413 413 1532 413 413 1533 414 414 1534 412 412 1535 414 414 1536 413 413 1537 415 415 1538 415 415 1539 416 416 1540 414 414 1541 416 416 1542 415 415 1543 417 417 1544 417 417 1545 418 418 1546 416 416 1547 418 418 1548 417 417 1549 419 419 1550 419 419 1551 420 420 1552 418 418 1553 420 420 1554 419 419 1555 421 421 1556 421 421 1557 422 422 1558 420 420 1559 422 422 1560 421 421 1561 423 423 1562 423 423 1563 424 424 1564 422 422 1565 424 424 1566 423 423 1567 425 425 1568 425 425 1569 426 426 1570 424 424 1571 426 426 1572 425 425 1573 427 427 1574 427 427 1575 428 428 1576 426 426 1577 428 428 1578 427 427 1579 429 429 1580 429 429 1581 430 430 1582 428 428 1583 430 430 1584 429 429 1585 431 431 1586 431 431 1587 432 432 1588 430 430 1589 432 432 1590 431 431 1591 433 433 1592 433 433 1593 434 434 1594 432 432 1595 434 434 1596 433 433 1597 435 435 1598 435 435 1599 436 436 1600 434 434 1601 436 436 1602 435 435 1603 437 437 1604 437 437 1605 438 438 1606 436 436 1607 438 438 1608 437 437 1609 439 439 1610 439 439 1611 440 440 1612 438 438 1613 440 440 1614 439 439 1615 441 441 1616 441 441 1617 442 442 1618 440 440 1619 442 442 1620 441 441 1621 443 443 1622 443 443 1623 444 444 1624 442 442 1625 444 444 1626 443 443 1627 445 445 1628 445 445 1629 446 446 1630 444 444 1631 446 446 1632 445 445 1633 447 447 1634 447 447 1635 448 448 1636 446 446 1637 448 448 1638 447 447 1639 449 449 1640 449 449 1641 450 450 1642 448 448 1643 450 450 1644 449 449 1645 451 451 1646 451 451 1647 452 452 1648 450 450 1649 452 452 1650 451 451 1651 453 453 1652 453 453 1653 454 454 1654 452 452 1655 454 454 1656 453 453 1657 455 455 1658 455 455 1659 456 456 1660 454 454 1661 456 456 1662 455 455 1663 457 457 1664 457 457 1665 458 458 1666 456 456 1667 458 458 1668 457 457 1669 459 459 1670 459 459 1671 460 460 1672 458 458 1673 460 460 1674 459 459 1675 461 461 1676 461 461 1677 462 462 1678 460 460 1679 462 462 1680 461 461 1681 463 463 1682 463 463 1683 464 464 1684 462 462 1685 464 464 1686 463 463 1687 465 465 1688 465 465 1689 466 466 1690 464 464 1691 466 466 1692 465 465 1693 467 467 1694 467 467 1695 468 468 1696 466 466 1697 468 468 1698 467 467 1699 469 469 1700 469 469 1701 470 470 1702 468 468 1703 470 470 1704 469 469 1705 471 471 1706 471 471 1707 472 472 1708 470 470 1709 472 472 1710 471 471 1711 473 473 1712 473 473 1713 474 474 1714 472 472 1715 474 474 1716 473 473 1717 475 475 1718 475 475 1719 476 476 1720 474 474 1721 476 476 1722 475 475 1723 477 477 1724 477 477 1725 478 478 1726 476 476 1727 478 478 1728 477 477 1729 479 479 1730 479 479 1731 480 480 1732 478 478 1733 480 480 1734 479 479 1735 481 481 1736 481 481 1737 482 482 1738 480 480 1739 482 482 1740 481 481 1741 483 483 1742 483 483 1743 484 484 1744 482 482 1745 484 484 1746 483 483 1747 485 485 1748 485 485 1749 486 486 1750 484 484 1751 486 486 1752 485 485 1753 487 487 1754 487 487 1755 488 488 1756 486 486 1757 488 488 1758 487 487 1759 489 489 1760 489 489 1761 490 490 1762 488 488 1763 490 490 1764 489 489 1765 491 491 1766 491 491 1767 492 492 1768 490 490 1769 492 492 1770 491 491 1771 493 493 1772 493 493 1773 494 494 1774 492 492 1775 494 494 1776 493 493 1777 495 495 1778 495 495 1779 496 496 1780 494 494 1781 496 496 1782 495 495 1783 497 497 1784 497 497 1785 498 498 1786 496 496 1787 498 498 1788 497 497 1789 499 499 1790 499 499 1791 500 500 1792 498 498 1793 500 500 1794 499 499 1795 501 501 1796 501 501 1797 502 502 1798 500 500 1799 502 502 1800 501 501 1801 503 503 1802 503 503 1803 504 504 1804 502 502 1805 504 504 1806 503 503 1807 505 505 1808 505 505 1809 506 506 1810 504 504 1811 506 506 1812 505 505 1813 507 507 1814 507 507 1815 508 508 1816 506 506 1817 508 508 1818 507 507 1819 509 509 1820 509 509 1821 510 510 1822 508 508 1823 510 510 1824 509 509 1825 511 511 1826 511 511 1827 512 512 1828 510 510 1829 512 512 1830 511 511 1831 513 513 1832 513 513 1833 514 514 1834 512 512 1835 514 514 1836 513 513 1837 515 515 1838 515 515 1839 516 516 1840 514 514 1841 516 516 1842 515 515 1843 517 517 1844 517 517 1845 518 518 1846 516 516 1847 518 518 1848 517 517 1849 519 519 1850 519 519 1851 520 520 1852 518 518 1853 520 520 1854 519 519 1855 521 521 1856 521 521 1857 522 522 1858 520 520 1859 522 522 1860 521 521 1861 523 523 1862 523 523 1863 524 524 1864 522 522 1865 524 524 1866 523 523 1867 525 525 1868 525 525 1869 526 526 1870 524 524 1871 526 526 1872 525 525 1873 527 527 1874 527 527 1875 528 528 1876 526 526 1877 528 528 1878 527 527 1879 529 529 1880 529 529 1881 530 530 1882 528 528 1883 530 530 1884 529 529 1885 531 531 1886 531 531 1887 532 532 1888 530 530 1889 532 532 1890 531 531 1891 533 533 1892 533 533 1893 534 534 1894 532 532 1895 534 534 1896 533 533 1897 535 535 1898 535 535 1899 536 536 1900 534 534 1901 536 536 1902 535 535 1903 537 537 1904 537 537 1905 538 538 1906 536 536 1907 538 538 1908 537 537 1909 539 539 1910 539 539 1911 540 540 1912 538 538 1913 540 540 1914 539 539 1915 541 541 1916 541 541 1917 542 542 1918 540 540 1919 542 542 1920 541 541 1921 543 543 1922 543 543 1923 544 544 1924 542 542 1925 544 544 1926 543 543 1927 545 545 1928 545 545 1929 546 546 1930 544 544 1931 546 546 1932 545 545 1933 547 547 1934 547 547 1935 548 548 1936 546 546 1937 548 548 1938 547 547 1939 549 549 1940 549 549 1941 550 550 1942 548 548 1943 550 550 1944 549 549 1945 551 551 1946 551 551 1947 552 552 1948 550 550 1949 552 552 1950 551 551 1951 553 553 1952 553 553 1953 554 554 1954 552 552 1955 554 554 1956 553 553 1957 555 555 1958 555 555 1959 556 556 1960 554 554 1961 556 556 1962 555 555 1963 557 557 1964 557 557 1965 558 558 1966 556 556 1967 558 558 1968 557 557 1969 7 7 1970 7 7 1971 6 6 1972 558 558 1973 559 559 1974 560 560 1975 561 561 1976 561 561 1977 562 562 1978 559 559 1979 562 562 1980 561 561 1981 563 563 1982 563 563 1983 564 564 1984 562 562 1985 564 564 1986 563 563 1987 565 565 1988 565 565 1989 566 566 1990 564 564 1991 566 566 1992 565 565 1993 567 567 1994 567 567 1995 568 568 1996 566 566 1997 568 568 1998 567 567 1999 569 569 2000 569 569 2001 570 570 2002 568 568 2003 570 570 2004 569 569 2005 571 571 2006 571 571 2007 572 572 2008 570 570 2009 572 572 2010 571 571 2011 573 573 2012 573 573 2013 574 574 2014 572 572 2015 574 574 2016 573 573 2017 575 575 2018 575 575 2019 576 576 2020 574 574 2021 576 576 2022 575 575 2023 577 577 2024 577 577 2025 578 578 2026 576 576 2027 578 578 2028 577 577 2029 579 579 2030 579 579 2031 580 580 2032 578 578 2033 580 580 2034 579 579 2035 581 581 2036 581 581 2037 582 582 2038 580 580 2039 582 582 2040 581 581 2041 583 583 2042 583 583 2043 584 584 2044 582 582 2045 584 584 2046 583 583 2047 585 585 2048 585 585 2049 586 586 2050 584 584 2051 586 586 2052 585 585 2053 587 587 2054 587 587 2055 588 588 2056 586 586 2057 588 588 2058 587 587 2059 589 589 2060 589 589 2061 590 590 2062 588 588 2063 590 590 2064 589 589 2065 591 591 2066 591 591 2067 592 592 2068 590 590 2069 592 592 2070 591 591 2071 593 593 2072 593 593 2073 594 594 2074 592 592 2075 594 594 2076 593 593 2077 595 595 2078 595 595 2079 596 596 2080 594 594 2081 596 596 2082 595 595 2083 597 597 2084 597 597 2085 598 598 2086 596 596 2087 598 598 2088 597 597 2089 599 599 2090 599 599 2091 600 600 2092 598 598 2093 600 600 2094 599 599 2095 601 601 2096 601 601 2097 602 602 2098 600 600 2099 602 602 2100 601 601 2101 603 603 2102 603 603 2103 604 604 2104 602 602 2105 604 604 2106 603 603 2107 605 605 2108 605 605 2109 606 606 2110 604 604 2111 606 606 2112 605 605 2113 607 607 2114 607 607 2115 608 608 2116 606 606 2117 608 608 2118 607 607 2119 609 609 2120 609 609 2121 610 610 2122 608 608 2123 610 610 2124 609 609 2125 611 611 2126 611 611 2127 612 612 2128 610 610 2129 612 612 2130 611 611 2131 613 613 2132 613 613 2133 614 614 2134 612 612 2135 614 614 2136 613 613 2137 615 615 2138 615 615 2139 616 616 2140 614 614 2141 616 616 2142 615 615 2143 617 617 2144 617 617 2145 618 618 2146 616 616 2147 618 618 2148 617 617 2149 619 619 2150 619 619 2151 620 620 2152 618 618 2153 620 620 2154 619 619 2155 621 621 2156 621 621 2157 622 622 2158 620 620 2159 622 622 2160 621 621 2161 623 623 2162 623 623 2163 624 624 2164 622 622 2165 624 624 2166 623 623 2167 625 625 2168 625 625 2169 626 626 2170 624 624 2171 626 626 2172 625 625 2173 627 627 2174 627 627 2175 628 628 2176 626 626 2177 628 628 2178 627 627 2179 629 629 2180 629 629 2181 630 630 2182 628 628 2183 630 630 2184 629 629 2185 631 631 2186 631 631 2187 632 632 2188 630 630 2189 632 632 2190 631 631 2191 633 633 2192 633 633 2193 634 634 2194 632 632 2195 634 634 2196 633 633 2197 635 635 2198 635 635 2199 636 636 2200 634 634 2201 636 636 2202 635 635 2203 637 637 2204 637 637 2205 638 638 2206 636 636 2207 638 638 2208 637 637 2209 639 639 2210 639 639 2211 640 640 2212 638 638 2213 640 640 2214 639 639 2215 641 641 2216 641 641 2217 642 642 2218 640 640 2219 642 642 2220 641 641 2221 643 643 2222 643 643 2223 644 644 2224 642 642 2225 644 644 2226 643 643 2227 645 645 2228 645 645 2229 646 646 2230 644 644 2231 646 646 2232 645 645 2233 647 647 2234 647 647 2235 648 648 2236 646 646 2237 648 648 2238 647 647 2239 649 649 2240 649 649 2241 650 650 2242 648 648 2243 650 650 2244 649 649 2245 651 651 2246 651 651 2247 652 652 2248 650 650 2249 652 652 2250 651 651 2251 653 653 2252 653 653 2253 654 654 2254 652 652 2255 654 654 2256 653 653 2257 655 655 2258 655 655 2259 656 656 2260 654 654 2261 656 656 2262 655 655 2263 657 657 2264 657 657 2265 658 658 2266 656 656 2267 658 658 2268 657 657 2269 659 659 2270 659 659 2271 660 660 2272 658 658 2273 660 660 2274 659 659 2275 661 661 2276 661 661 2277 662 662 2278 660 660 2279 662 662 2280 661 661 2281 663 663 2282 663 663 2283 664 664 2284 662 662 2285 664 664 2286 663 663 2287 665 665 2288 665 665 2289 666 666 2290 664 664 2291 666 666 2292 665 665 2293 667 667 2294 667 667 2295 668 668 2296 666 666 2297 668 668 2298 667 667 2299 669 669 2300 669 669 2301 670 670 2302 668 668 2303 670 670 2304 669 669 2305 671 671 2306 671 671 2307 672 672 2308 670 670 2309 672 672 2310 671 671 2311 673 673 2312 673 673 2313 674 674 2314 672 672 2315 674 674 2316 673 673 2317 675 675 2318 675 675 2319 676 676 2320 674 674 2321 676 676 2322 675 675 2323 677 677 2324 677 677 2325 678 678 2326 676 676 2327 678 678 2328 677 677 2329 679 679 2330 679 679 2331 680 680 2332 678 678 2333 680 680 2334 679 679 2335 681 681 2336 681 681 2337 682 682 2338 680 680 2339 682 682 2340 681 681 2341 683 683 2342 683 683 2343 684 684 2344 682 682 2345 684 684 2346 683 683 2347 685 685 2348 685 685 2349 686 686 2350 684 684 2351 686 686 2352 685 685 2353 687 687 2354 687 687 2355 688 688 2356 686 686 2357 688 688 2358 687 687 2359 689 689 2360 689 689 2361 690 690 2362 688 688 2363 690 690 2364 689 689 2365 691 691 2366 691 691 2367 692 692 2368 690 690 2369 692 692 2370 691 691 2371 693 693 2372 693 693 2373 694 694 2374 692 692 2375 694 694 2376 693 693 2377 695 695 2378 695 695 2379 696 696 2380 694 694 2381 696 696 2382 695 695 2383 697 697 2384 697 697 2385 698 698 2386 696 696 2387 698 698 2388 697 697 2389 699 699 2390 699 699 2391 700 700 2392 698 698 2393 700 700 2394 699 699 2395 701 701 2396 701 701 2397 702 702 2398 700 700 2399 702 702 2400 701 701 2401 703 703 2402 703 703 2403 704 704 2404 702 702 2405 704 704 2406 703 703 2407 705 705 2408 705 705 2409 706 706 2410 704 704 2411 706 706 2412 705 705 2413 707 707 2414 707 707 2415 708 708 2416 706 706 2417 708 708 2418 707 707 2419 709 709 2420 709 709 2421 710 710 2422 708 708 2423 710 710 2424 709 709 2425 711 711 2426 711 711 2427 712 712 2428 710 710 2429 712 712 2430 711 711 2431 713 713 2432 713 713 2433 714 714 2434 712 712 2435 714 714 2436 713 713 2437 715 715 2438 715 715 2439 716 716 2440 714 714 2441 716 716 2442 715 715 2443 717 717 2444 717 717 2445 718 718 2446 716 716 2447 718 718 2448 717 717 2449 719 719 2450 719 719 2451 720 720 2452 718 718 2453 720 720 2454 719 719 2455 721 721 2456 721 721 2457 722 722 2458 720 720 2459 722 722 2460 721 721 2461 723 723 2462 723 723 2463 724 724 2464 722 722 2465 724 724 2466 723 723 2467 725 725 2468 725 725 2469 726 726 2470 724 724 2471 726 726 2472 725 725 2473 727 727 2474 727 727 2475 728 728 2476 726 726 2477 728 728 2478 727 727 2479 729 729 2480 729 729 2481 730 730 2482 728 728 2483 730 730 2484 729 729 2485 731 731 2486 731 731 2487 732 732 2488 730 730 2489 732 732 2490 731 731 2491 733 733 2492 733 733 2493 734 734 2494 732 732 2495 734 734 2496 733 733 2497 735 735 2498 735 735 2499 736 736 2500 734 734 2501 736 736 2502 735 735 2503 737 737 2504 737 737 2505 738 738 2506 736 736 2507 738 738 2508 737 737 2509 739 739 2510 739 739 2511 740 740 2512 738 738 2513 740 740 2514 739 739 2515 741 741 2516 741 741 2517 742 742 2518 740 740 2519 742 742 2520 741 741 2521 743 743 2522 743 743 2523 744 744 2524 742 742 2525 744 744 2526 743 743 2527 745 745 2528 745 745 2529 746 746 2530 744 744 2531 746 746 2532 745 745 2533 747 747 2534 747 747 2535 748 748 2536 746 746 2537 748 748 2538 747 747 2539 749 749 2540 749 749 2541 750 750 2542 748 748 2543 750 750 2544 749 749 2545 751 751 2546 751 751 2547 752 752 2548 750 750 2549 752 752 2550 751 751 2551 753 753 2552 753 753 2553 754 754 2554 752 752 2555 754 754 2556 753 753 2557 755 755 2558 755 755 2559 756 756 2560 754 754 2561 756 756 2562 755 755 2563 11 11 2564 11 11 2565 10 10 2566 756 756 2567 757 757 2568 758 758 2569 759 759 2570 759 759 2571 760 760 2572 757 757 2573 760 760 2574 759 759 2575 761 761 2576 761 761 2577 762 762 2578 760 760 2579 762 762 2580 761 761 2581 763 763 2582 763 763 2583 764 764 2584 762 762 2585 764 764 2586 763 763 2587 765 765 2588 765 765 2589 766 766 2590 764 764 2591 766 766 2592 765 765 2593 767 767 2594 767 767 2595 768 768 2596 766 766 2597 768 768 2598 767 767 2599 769 769 2600 769 769 2601 770 770 2602 768 768 2603 770 770 2604 769 769 2605 771 771 2606 771 771 2607 772 772 2608 770 770 2609 772 772 2610 771 771 2611 773 773 2612 773 773 2613 774 774 2614 772 772 2615 774 774 2616 773 773 2617 775 775 2618 775 775 2619 776 776 2620 774 774 2621 776 776 2622 775 775 2623 777 777 2624 777 777 2625 778 778 2626 776 776 2627 778 778 2628 777 777 2629 779 779 2630 779 779 2631 780 780 2632 778 778 2633 780 780 2634 779 779 2635 781 781 2636 781 781 2637 782 782 2638 780 780 2639 782 782 2640 781 781 2641 783 783 2642 783 783 2643 784 784 2644 782 782 2645 784 784 2646 783 783 2647 785 785 2648 785 785 2649 786 786 2650 784 784 2651 786 786 2652 785 785 2653 787 787 2654 787 787 2655 788 788 2656 786 786 2657 788 788 2658 787 787 2659 789 789 2660 789 789 2661 790 790 2662 788 788 2663 790 790 2664 789 789 2665 791 791 2666 791 791 2667 792 792 2668 790 790 2669 792 792 2670 791 791 2671 793 793 2672 793 793 2673 794 794 2674 792 792 2675 794 794 2676 793 793 2677 795 795 2678 795 795 2679 796 796 2680 794 794 2681 796 796 2682 795 795 2683 797 797 2684 797 797 2685 798 798 2686 796 796 2687 798 798 2688 797 797 2689 799 799 2690 799 799 2691 800 800 2692 798 798 2693 800 800 2694 799 799 2695 801 801 2696 801 801 2697 802 802 2698 800 800 2699 802 802 2700 801 801 2701 803 803 2702 803 803 2703 804 804 2704 802 802 2705 804 804 2706 803 803 2707 805 805 2708 805 805 2709 806 806 2710 804 804 2711 806 806 2712 805 805 2713 807 807 2714 807 807 2715 808 808 2716 806 806 2717 808 808 2718 807 807 2719 809 809 2720 809 809 2721 810 810 2722 808 808 2723 810 810 2724 809 809 2725 811 811 2726 811 811 2727 812 812 2728 810 810 2729 812 812 2730 811 811 2731 813 813 2732 813 813 2733 814 814 2734 812 812 2735 814 814 2736 813 813 2737 815 815 2738 815 815 2739 816 816 2740 814 814 2741 816 816 2742 815 815 2743 817 817 2744 817 817 2745 818 818 2746 816 816 2747 818 818 2748 817 817 2749 819 819 2750 819 819 2751 820 820 2752 818 818 2753 820 820 2754 819 819 2755 821 821 2756 821 821 2757 822 822 2758 820 820 2759 822 822 2760 821 821 2761 823 823 2762 823 823 2763 824 824 2764 822 822 2765 824 824 2766 823 823 2767 825 825 2768 825 825 2769 826 826 2770 824 824 2771 826 826 2772 825 825 2773 827 827 2774 827 827 2775 828 828 2776 826 826 2777 828 828 2778 827 827 2779 829 829 2780 829 829 2781 830 830 2782 828 828 2783 830 830 2784 829 829 2785 831 831 2786 831 831 2787 832 832 2788 830 830 2789 832 832 2790 831 831 2791 833 833 2792 833 833 2793 834 834 2794 832 832 2795 834 834 2796 833 833 2797 835 835 2798 835 835 2799 836 836 2800 834 834 2801 836 836 2802 835 835 2803 837 837 2804 837 837 2805 838 838 2806 836 836 2807 838 838 2808 837 837 2809 839 839 2810 839 839 2811 840 840 2812 838 838 2813 840 840 2814 839 839 2815 841 841 2816 841 841 2817 842 842 2818 840 840 2819 842 842 2820 841 841 2821 843 843 2822 843 843 2823 844 844 2824 842 842 2825 844 844 2826 843 843 2827 845 845 2828 845 845 2829 846 846 2830 844 844 2831 846 846 2832 845 845 2833 847 847 2834 847 847 2835 848 848 2836 846 846 2837 848 848 2838 847 847 2839 849 849 2840 849 849 2841 850 850 2842 848 848 2843 850 850 2844 849 849 2845 851 851 2846 851 851 2847 852 852 2848 850 850 2849 852 852 2850 851 851 2851 853 853 2852 853 853 2853 854 854 2854 852 852 2855 854 854 2856 853 853 2857 855 855 2858 855 855 2859 856 856 2860 854 854 2861 856 856 2862 855 855 2863 857 857 2864 857 857 2865 858 858 2866 856 856 2867 858 858 2868 857 857 2869 859 859 2870 859 859 2871 860 860 2872 858 858 2873 860 860 2874 859 859 2875 861 861 2876 861 861 2877 862 862 2878 860 860 2879 862 862 2880 861 861 2881 863 863 2882 863 863 2883 864 864 2884 862 862 2885 864 864 2886 863 863 2887 865 865 2888 865 865 2889 866 866 2890 864 864 2891 866 866 2892 865 865 2893 867 867 2894 867 867 2895 868 868 2896 866 866 2897 868 868 2898 867 867 2899 869 869 2900 869 869 2901 870 870 2902 868 868 2903 870 870 2904 869 869 2905 871 871 2906 871 871 2907 872 872 2908 870 870 2909 872 872 2910 871 871 2911 873 873 2912 873 873 2913 874 874 2914 872 872 2915 874 874 2916 873 873 2917 875 875 2918 875 875 2919 876 876 2920 874 874 2921 876 876 2922 875 875 2923 877 877 2924 877 877 2925 878 878 2926 876 876 2927 878 878 2928 877 877 2929 879 879 2930 879 879 2931 880 880 2932 878 878 2933 880 880 2934 879 879 2935 881 881 2936 881 881 2937 882 882 2938 880 880 2939 882 882 2940 881 881 2941 883 883 2942 883 883 2943 884 884 2944 882 882 2945 884 884 2946 883 883 2947 885 885 2948 885 885 2949 886 886 2950 884 884 2951 886 886 2952 885 885 2953 887 887 2954 887 887 2955 888 888 2956 886 886 2957 888 888 2958 887 887 2959 889 889 2960 889 889 2961 890 890 2962 888 888 2963 890 890 2964 889 889 2965 891 891 2966 891 891 2967 892 892 2968 890 890 2969 892 892 2970 891 891 2971 893 893 2972 893 893 2973 894 894 2974 892 892 2975 894 894 2976 893 893 2977 895 895 2978 895 895 2979 896 896 2980 894 894 2981 896 896 2982 895 895 2983 897 897 2984 897 897 2985 898 898 2986 896 896 2987 898 898 2988 897 897 2989 899 899 2990 899 899 2991 900 900 2992 898 898 2993 900 900 2994 899 899 2995 901 901 2996 901 901 2997 902 902 2998 900 900 2999 902 902 3000 901 901 3001 903 903 3002 903 903 3003 904 904 3004 902 902 3005 904 904 3006 903 903 3007 905 905 3008 905 905 3009 906 906 3010 904 904 3011 906 906 3012 905 905 3013 907 907 3014 907 907 3015 908 908 3016 906 906 3017 908 908 3018 907 907 3019 909 909 3020 909 909 3021 910 910 3022 908 908 3023 910 910 3024 909 909 3025 911 911 3026 911 911 3027 912 912 3028 910 910 3029 912 912 3030 911 911 3031 913 913 3032 913 913 3033 914 914 3034 912 912 3035 914 914 3036 913 913 3037 915 915 3038 915 915 3039 916 916 3040 914 914 3041 916 916 3042 915 915 3043 917 917 3044 917 917 3045 918 918 3046 916 916 3047 918 918 3048 917 917 3049 919 919 3050 919 919 3051 920 920 3052 918 918 3053 920 920 3054 919 919 3055 921 921 3056 921 921 3057 922 922 3058 920 920 3059 922 922 3060 921 921 3061 923 923 3062 923 923 3063 924 924 3064 922 922 3065 924 924 3066 923 923 3067 925 925 3068 925 925 3069 926 926 3070 924 924 3071 926 926 3072 925 925 3073 927 927 3074 927 927 3075 928 928 3076 926 926 3077 928 928 3078 927 927 3079 929 929 3080 929 929 3081 930 930 3082 928 928 3083 930 930 3084 929 929 3085 931 931 3086 931 931 3087 932 932 3088 930 930 3089 932 932 3090 931 931 3091 933 933 3092 933 933 3093 934 934 3094 932 932 3095 934 934 3096 933 933 3097 935 935 3098 935 935 3099 936 936 3100 934 934 3101 936 936 3102 935 935 3103 937 937 3104 937 937 3105 938 938 3106 936 936 3107 938 938 3108 937 937 3109 939 939 3110 939 939 3111 940 940 3112 938 938 3113 940 940 3114 939 939 3115 941 941 3116 941 941 3117 942 942 3118 940 940 3119 942 942 3120 941 941 3121 943 943 3122 943 943 3123 944 944 3124 942 942 3125 944 944 3126 943 943 3127 945 945 3128 945 945 3129 946 946 3130 944 944 3131 946 946 3132 945 945 3133 947 947 3134 947 947 3135 948 948 3136 946 946 3137 948 948 3138 947 947 3139 949 949 3140 949 949 3141 950 950 3142 948 948 3143 950 950 3144 949 949 3145 951 951 3146 951 951 3147 952 952 3148 950 950 3149 952 952 3150 951 951 3151 953 953 3152 953 953 3153 954 954 3154 952 952 3155 954 954 3156 953 953 3157 15 15 3158 15 15 3159 14 14 3160 954 954 3161 955 955 3162 956 956 3163 957 957 3164 957 957 3165 958 958 3166 955 955 3167 958 958 3168 957 957 3169 959 959 3170 959 959 3171 960 960 3172 958 958 3173 960 960 3174 959 959 3175 961 961 3176 961 961 3177 962 962 3178 960 960 3179 962 962 3180 961 961 3181 963 963 3182 963 963 3183 964 964 3184 962 962 3185 964 964 3186 963 963 3187 965 965 3188 965 965 3189 966 966 3190 964 964 3191 966 966 3192 965 965 3193 967 967 3194 967 967 3195 968 968 3196 966 966 3197 968 968 3198 967 967 3199 969 969 3200 969 969 3201 970 970 3202 968 968 3203 970 970 3204 969 969 3205 971 971 3206 971 971 3207 972 972 3208 970 970 3209 972 972 3210 971 971 3211 973 973 3212 973 973 3213 974 974 3214 972 972 3215 974 974 3216 973 973 3217 975 975 3218 975 975 3219 976 976 3220 974 974 3221 976 976 3222 975 975 3223 977 977 3224 977 977 3225 978 978 3226 976 976 3227 978 978 3228 977 977 3229 979 979 3230 979 979 3231 980 980 3232 978 978 3233 980 980 3234 979 979 3235 981 981 3236 981 981 3237 982 982 3238 980 980 3239 982 982 3240 981 981 3241 983 983 3242 983 983 3243 984 984 3244 982 982 3245 984 984 3246 983 983 3247 985 985 3248 985 985 3249 986 986 3250 984 984 3251 986 986 3252 985 985 3253 987 987 3254 987 987 3255 988 988 3256 986 986 3257 988 988 3258 987 987 3259 989 989 3260 989 989 3261 990 990 3262 988 988 3263 990 990 3264 989 989 3265 991 991 3266 991 991 3267 992 992 3268 990 990 3269 992 992 3270 991 991 3271 993 993 3272 993 993 3273 994 994 3274 992 992 3275 994 994 3276 993 993 3277 995 995 3278 995 995 3279 996 996 3280 994 994 3281 996 996 3282 995 995 3283 997 997 3284 997 997 3285 998 998 3286 996 996 3287 998 998 3288 997 997 3289 999 999 3290 999 999 3291 1000 1000 3292 998 998 3293 1000 1000 3294 999 999 3295 1001 1001 3296 1001 1001 3297 1002 1002 3298 1000 1000 3299 1002 1002 3300 1001 1001 3301 1003 1003 3302 1003 1003 3303 1004 1004 3304 1002 1002 3305 1004 1004 3306 1003 1003 3307 1005 1005 3308 1005 1005 3309 1006 1006 3310 1004 1004 3311 1006 1006 3312 1005 1005 3313 1007 1007 3314 1007 1007 3315 1008 1008 3316 1006 1006 3317 1008 1008 3318 1007 1007 3319 1009 1009 3320 1009 1009 3321 1010 1010 3322 1008 1008 3323 1010 1010 3324 1009 1009 3325 1011 1011 3326 1011 1011 3327 1012 1012 3328 1010 1010 3329 1012 1012 3330 1011 1011 3331 1013 1013 3332 1013 1013 3333 1014 1014 3334 1012 1012 3335 1014 1014 3336 1013 1013 3337 1015 1015 3338 1015 1015 3339 1016 1016 3340 1014 1014 3341 1016 1016 3342 1015 1015 3343 1017 1017 3344 1017 1017 3345 1018 1018 3346 1016 1016 3347 1018 1018 3348 1017 1017 3349 1019 1019 3350 1019 1019 3351 1020 1020 3352 1018 1018 3353 1020 1020 3354 1019 1019 3355 1021 1021 3356 1021 1021 3357 1022 1022 3358 1020 1020 3359 1022 1022 3360 1021 1021 3361 1023 1023 3362 1023 1023 3363 1024 1024 3364 1022 1022 3365 1024 1024 3366 1023 1023 3367 1025 1025 3368 1025 1025 3369 1026 1026 3370 1024 1024 3371 1026 1026 3372 1025 1025 3373 1027 1027 3374 1027 1027 3375 1028 1028 3376 1026 1026 3377 1028 1028 3378 1027 1027 3379 1029 1029 3380 1029 1029 3381 1030 1030 3382 1028 1028 3383 1030 1030 3384 1029 1029 3385 1031 1031 3386 1031 1031 3387 1032 1032 3388 1030 1030 3389 1032 1032 3390 1031 1031 3391 1033 1033 3392 1033 1033 3393 1034 1034 3394 1032 1032 3395 1034 1034 3396 1033 1033 3397 1035 1035 3398 1035 1035 3399 1036 1036 3400 1034 1034 3401 1036 1036 3402 1035 1035 3403 1037 1037 3404 1037 1037 3405 1038 1038 3406 1036 1036 3407 1038 1038 3408 1037 1037 3409 1039 1039 3410 1039 1039 3411 1040 1040 3412 1038 1038 3413 1040 1040 3414 1039 1039 3415 1041 1041 3416 1041 1041 3417 1042 1042 3418 1040 1040 3419 1042 1042 3420 1041 1041 3421 1043 1043 3422 1043 1043 3423 1044 1044 3424 1042 1042 3425 1044 1044 3426 1043 1043 3427 1045 1045 3428 1045 1045 3429 1046 1046 3430 1044 1044 3431 1046 1046 3432 1045 1045 3433 1047 1047 3434 1047 1047 3435 1048 1048 3436 1046 1046 3437 1048 1048 3438 1047 1047 3439 1049 1049 3440 1049 1049 3441 1050 1050 3442 1048 1048 3443 1050 1050 3444 1049 1049 3445 1051 1051 3446 1051 1051 3447 1052 1052 3448 1050 1050 3449 1052 1052 3450 1051 1051 3451 1053 1053 3452 1053 1053 3453 1054 1054 3454 1052 1052 3455 1054 1054 3456 1053 1053 3457 1055 1055 3458 1055 1055 3459 1056 1056 3460 1054 1054 3461 1056 1056 3462 1055 1055 3463 1057 1057 3464 1057 1057 3465 1058 1058 3466 1056 1056 3467 1058 1058 3468 1057 1057 3469 1059 1059 3470 1059 1059 3471 1060 1060 3472 1058 1058 3473 1060 1060 3474 1059 1059 3475 1061 1061 3476 1061 1061 3477 1062 1062 3478 1060 1060 3479 1062 1062 3480 1061 1061 3481 1063 1063 3482 1063 1063 3483 1064 1064 3484 1062 1062 3485 1064 1064 3486 1063 1063 3487 1065 1065 3488 1065 1065 3489 1066 1066 3490 1064 1064 3491 1066 1066 3492 1065 1065 3493 1067 1067 3494 1067 1067 3495 1068 1068 3496 1066 1066 3497 1068 1068 3498 1067 1067 3499 1069 1069 3500 1069 1069 3501 1070 1070 3502 1068 1068 3503 1070 1070 3504 1069 1069 3505 1071 1071 3506 1071 1071 3507 1072 1072 3508 1070 1070 3509 1072 1072 3510 1071 1071 3511 1073 1073 3512 1073 1073 3513 1074 1074 3514 1072 1072 3515 1074 1074 3516 1073 1073 3517 1075 1075 3518 1075 1075 3519 1076 1076 3520 1074 1074 3521 1076 1076 3522 1075 1075 3523 1077 1077 3524 1077 1077 3525 1078 1078 3526 1076 1076 3527 1078 1078 3528 1077 1077 3529 1079 1079 3530 1079 1079 3531 1080 1080 3532 1078 1078 3533 1080 1080 3534 1079 1079 3535 1081 1081 3536 1081 1081 3537 1082 1082 3538 1080 1080 3539 1082 1082 3540 1081 1081 3541 1083 1083 3542 1083 1083 3543 1084 1084 3544 1082 1082 3545 1084 1084 3546 1083 1083 3547 1085 1085 3548 1085 1085 3549 1086 1086 3550 1084 1084 3551 1086 1086 3552 1085 1085 3553 1087 1087 3554 1087 1087 3555 1088 1088 3556 1086 1086 3557 1088 1088 3558 1087 1087 3559 1089 1089 3560 1089 1089 3561 1090 1090 3562 1088 1088 3563 1090 1090 3564 1089 1089 3565 1091 1091 3566 1091 1091 3567 1092 1092 3568 1090 1090 3569 1092 1092 3570 1091 1091 3571 1093 1093 3572 1093 1093 3573 1094 1094 3574 1092 1092 3575 1094 1094 3576 1093 1093 3577 1095 1095 3578 1095 1095 3579 1096 1096 3580 1094 1094 3581 1096 1096 3582 1095 1095 3583 1097 1097 3584 1097 1097 3585 1098 1098 3586 1096 1096 3587 1098 1098 3588 1097 1097 3589 1099 1099 3590 1099 1099 3591 1100 1100 3592 1098 1098 3593 1100 1100 3594 1099 1099 3595 1101 1101 3596 1101 1101 3597 1102 1102 3598 1100 1100 3599 1102 1102 3600 1101 1101 3601 1103 1103 3602 1103 1103 3603 1104 1104 3604 1102 1102 3605 1104 1104 3606 1103 1103 3607 1105 1105 3608 1105 1105 3609 1106 1106 3610 1104 1104 3611 1106 1106 3612 1105 1105 3613 1107 1107 3614 1107 1107 3615 1108 1108 3616 1106 1106 3617 1108 1108 3618 1107 1107 3619 1109 1109 3620 1109 1109 3621 1110 1110 3622 1108 1108 3623 1110 1110 3624 1109 1109 3625 1111 1111 3626 1111 1111 3627 1112 1112 3628 1110 1110 3629 1112 1112 3630 1111 1111 3631 1113 1113 3632 1113 1113 3633 1114 1114 3634 1112 1112 3635 1114 1114 3636 1113 1113 3637 1115 1115 3638 1115 1115 3639 1116 1116 3640 1114 1114 3641 1116 1116 3642 1115 1115 3643 1117 1117 3644 1117 1117 3645 1118 1118 3646 1116 1116 3647 1118 1118 3648 1117 1117 3649 1119 1119 3650 1119 1119 3651 1120 1120 3652 1118 1118 3653 1120 1120 3654 1119 1119 3655 1121 1121 3656 1121 1121 3657 1122 1122 3658 1120 1120 3659 1122 1122 3660 1121 1121 3661 1123 1123 3662 1123 1123 3663 1124 1124 3664 1122 1122 3665 1124 1124 3666 1123 1123 3667 1125 1125 3668 1125 1125 3669 1126 1126 3670 1124 1124 3671 1126 1126 3672 1125 1125 3673 1127 1127 3674 1127 1127 3675 1128 1128 3676 1126 1126 3677 1128 1128 3678 1127 1127 3679 1129 1129 3680 1129 1129 3681 1130 1130 3682 1128 1128 3683 1130 1130 3684 1129 1129 3685 1131 1131 3686 1131 1131 3687 1132 1132 3688 1130 1130 3689 1132 1132 3690 1131 1131 3691 1133 1133 3692 1133 1133 3693 1134 1134 3694 1132 1132 3695 1134 1134 3696 1133 1133 3697 1135 1135 3698 1135 1135 3699 1136 1136 3700 1134 1134 3701 1136 1136 3702 1135 1135 3703 1137 1137 3704 1137 1137 3705 1138 1138 3706 1136 1136 3707 1138 1138 3708 1137 1137 3709 1139 1139 3710 1139 1139 3711 1140 1140 3712 1138 1138 3713 1140 1140 3714 1139 1139 3715 1141 1141 3716 1141 1141 3717 1142 1142 3718 1140 1140 3719 1142 1142 3720 1141 1141 3721 1143 1143 3722 1143 1143 3723 1144 1144 3724 1142 1142 3725 1144 1144 3726 1143 1143 3727 1145 1145 3728 1145 1145 3729 1146 1146 3730 1144 1144 3731 1146 1146 3732 1145 1145 3733 1147 1147 3734 1147 1147 3735 1148 1148 3736 1146 1146 3737 1148 1148 3738 1147 1147 3739 1149 1149 3740 1149 1149 3741 1150 1150 3742 1148 1148 3743 1150 1150 3744 1149 1149 3745 1151 1151 3746 1151 1151 3747 1152 1152 3748 1150 1150 3749 1152 1152 3750 1151 1151 3751 19 19 3752 19 19 3753 18 18 3754 1152 1152 3755 1153 1153 3756 1154 1154 3757 1155 1155 3758 1155 1155 3759 1156 1156 3760 1153 1153 3761 1156 1156 3762 1155 1155 3763 1157 1157 3764 1157 1157 3765 1158 1158 3766 1156 1156 3767 1158 1158 3768 1157 1157 3769 1159 1159 3770 1159 1159 3771 1160 1160 3772 1158 1158 3773 1160 1160 3774 1159 1159 3775 1161 1161 3776 1161 1161 3777 1162 1162 3778 1160 1160 3779 1162 1162 3780 1161 1161 3781 1163 1163 3782 1163 1163 3783 1164 1164 3784 1162 1162 3785 1164 1164 3786 1163 1163 3787 1165 1165 3788 1165 1165 3789 1166 1166 3790 1164 1164 3791 1166 1166 3792 1165 1165 3793 1167 1167 3794 1167 1167 3795 1168 1168 3796 1166 1166 3797 1168 1168 3798 1167 1167 3799 1169 1169 3800 1169 1169 3801 1170 1170 3802 1168 1168 3803 1170 1170 3804 1169 1169 3805 1171 1171 3806 1171 1171 3807 1172 1172 3808 1170 1170 3809 1172 1172 3810 1171 1171 3811 1173 1173 3812 1173 1173 3813 1174 1174 3814 1172 1172 3815 1174 1174 3816 1173 1173 3817 1175 1175 3818 1175 1175 3819 1176 1176 3820 1174 1174 3821 1176 1176 3822 1175 1175 3823 1177 1177 3824 1177 1177 3825 1178 1178 3826 1176 1176 3827 1178 1178 3828 1177 1177 3829 1179 1179 3830 1179 1179 3831 1180 1180 3832 1178 1178 3833 1180 1180 3834 1179 1179 3835 1181 1181 3836 1181 1181 3837 1182 1182 3838 1180 1180 3839 1182 1182 3840 1181 1181 3841 1183 1183 3842 1183 1183 3843 1184 1184 3844 1182 1182 3845 1184 1184 3846 1183 1183 3847 1185 1185 3848 1185 1185 3849 1186 1186 3850 1184 1184 3851 1186 1186 3852 1185 1185 3853 1187 1187 3854 1187 1187 3855 1188 1188 3856 1186 1186 3857 1188 1188 3858 1187 1187 3859 1189 1189 3860 1189 1189 3861 1190 1190 3862 1188 1188 3863 1190 1190 3864 1189 1189 3865 1191 1191 3866 1191 1191 3867 1192 1192 3868 1190 1190 3869 1192 1192 3870 1191 1191 3871 1193 1193 3872 1193 1193 3873 1194 1194 3874 1192 1192 3875 1194 1194 3876 1193 1193 3877 1195 1195 3878 1195 1195 3879 1196 1196 3880 1194 1194 3881 1196 1196 3882 1195 1195 3883 1197 1197 3884 1197 1197 3885 1198 1198 3886 1196 1196 3887 1198 1198 3888 1197 1197 3889 1199 1199 3890 1199 1199 3891 1200 1200 3892 1198 1198 3893 1200 1200 3894 1199 1199 3895 1201 1201 3896 1201 1201 3897 1202 1202 3898 1200 1200 3899 1202 1202 3900 1201 1201 3901 1203 1203 3902 1203 1203 3903 1204 1204 3904 1202 1202 3905 1204 1204 3906 1203 1203 3907 1205 1205 3908 1205 1205 3909 1206 1206 3910 1204 1204 3911 1206 1206 3912 1205 1205 3913 1207 1207 3914 1207 1207 3915 1208 1208 3916 1206 1206 3917 1208 1208 3918 1207 1207 3919 1209 1209 3920 1209 1209 3921 1210 1210 3922 1208 1208 3923 1210 1210 3924 1209 1209 3925 1211 1211 3926 1211 1211 3927 1212 1212 3928 1210 1210 3929 1212 1212 3930 1211 1211 3931 1213 1213 3932 1213 1213 3933 1214 1214 3934 1212 1212 3935 1214 1214 3936 1213 1213 3937 1215 1215 3938 1215 1215 3939 1216 1216 3940 1214 1214 3941 1216 1216 3942 1215 1215 3943 1217 1217 3944 1217 1217 3945 1218 1218 3946 1216 1216 3947 1218 1218 3948 1217 1217 3949 1219 1219 3950 1219 1219 3951 1220 1220 3952 1218 1218 3953 1220 1220 3954 1219 1219 3955 1221 1221 3956 1221 1221 3957 1222 1222 3958 1220 1220 3959 1222 1222 3960 1221 1221 3961 1223 1223 3962 1223 1223 3963 1224 1224 3964 1222 1222 3965 1224 1224 3966 1223 1223 3967 1225 1225 3968 1225 1225 3969 1226 1226 3970 1224 1224 3971 1226 1226 3972 1225 1225 3973 1227 1227 3974 1227 1227 3975 1228 1228 3976 1226 1226 3977 1228 1228 3978 1227 1227 3979 1229 1229 3980 1229 1229 3981 1230 1230 3982 1228 1228 3983 1230 1230 3984 1229 1229 3985 1231 1231 3986 1231 1231 3987 1232 1232 3988 1230 1230 3989 1232 1232 3990 1231 1231 3991 1233 1233 3992 1233 1233 3993 1234 1234 3994 1232 1232 3995 1234 1234 3996 1233 1233 3997 1235 1235 3998 1235 1235 3999 1236 1236 4000 1234 1234 4001 1236 1236 4002 1235 1235 4003 1237 1237 4004 1237 1237 4005 1238 1238 4006 1236 1236 4007 1238 1238 4008 1237 1237 4009 1239 1239 4010 1239 1239 4011 1240 1240 4012 1238 1238 4013 1240 1240 4014 1239 1239 4015 1241 1241 4016 1241 1241 4017 1242 1242 4018 1240 1240 4019 1242 1242 4020 1241 1241 4021 1243 1243 4022 1243 1243 4023 1244 1244 4024 1242 1242 4025 1244 1244 4026 1243 1243 4027 1245 1245 4028 1245 1245 4029 1246 1246 4030 1244 1244 4031 1246 1246 4032 1245 1245 4033 1247 1247 4034 1247 1247 4035 1248 1248 4036 1246 1246 4037 1248 1248 4038 1247 1247 4039 1249 1249 4040 1249 1249 4041 1250 1250 4042 1248 1248 4043 1250 1250 4044 1249 1249 4045 1251 1251 4046 1251 1251 4047 1252 1252 4048 1250 1250 4049 1252 1252 4050 1251 1251 4051 1253 1253 4052 1253 1253 4053 1254 1254 4054 1252 1252 4055 1254 1254 4056 1253 1253 4057 1255 1255 4058 1255 1255 4059 1256 1256 4060 1254 1254 4061 1256 1256 4062 1255 1255 4063 1257 1257 4064 1257 1257 4065 1258 1258 4066 1256 1256 4067 1258 1258 4068 1257 1257 4069 1259 1259 4070 1259 1259 4071 1260 1260 4072 1258 1258 4073 1260 1260 4074 1259 1259 4075 1261 1261 4076 1261 1261 4077 1262 1262 4078 1260 1260 4079 1262 1262 4080 1261 1261 4081 1263 1263 4082 1263 1263 4083 1264 1264 4084 1262 1262 4085 1264 1264 4086 1263 1263 4087 1265 1265 4088 1265 1265 4089 1266 1266 4090 1264 1264 4091 1266 1266 4092 1265 1265 4093 1267 1267 4094 1267 1267 4095 1268 1268 4096 1266 1266 4097 1268 1268 4098 1267 1267 4099 1269 1269 4100 1269 1269 4101 1270 1270 4102 1268 1268 4103 1270 1270 4104 1269 1269 4105 1271 1271 4106 1271 1271 4107 1272 1272 4108 1270 1270 4109 1272 1272 4110 1271 1271 4111 1273 1273 4112 1273 1273 4113 1274 1274 4114 1272 1272 4115 1274 1274 4116 1273 1273 4117 1275 1275 4118 1275 1275 4119 1276 1276 4120 1274 1274 4121 1276 1276 4122 1275 1275 4123 1277 1277 4124 1277 1277 4125 1278 1278 4126 1276 1276 4127 1278 1278 4128 1277 1277 4129 1279 1279 4130 1279 1279 4131 1280 1280 4132 1278 1278 4133 1280 1280 4134 1279 1279 4135 1281 1281 4136 1281 1281 4137 1282 1282 4138 1280 1280 4139 1282 1282 4140 1281 1281 4141 1283 1283 4142 1283 1283 4143 1284 1284 4144 1282 1282 4145 1284 1284 4146 1283 1283 4147 1285 1285 4148 1285 1285 4149 1286 1286 4150 1284 1284 4151 1286 1286 4152 1285 1285 4153 1287 1287 4154 1287 1287 4155 1288 1288 4156 1286 1286 4157 1288 1288 4158 1287 1287 4159 1289 1289 4160 1289 1289 4161 1290 1290 4162 1288 1288 4163 1290 1290 4164 1289 1289 4165 1291 1291 4166 1291 1291 4167 1292 1292 4168 1290 1290 4169 1292 1292 4170 1291 1291 4171 1293 1293 4172 1293 1293 4173 1294 1294 4174 1292 1292 4175 1294 1294 4176 1293 1293 4177 1295 1295 4178 1295 1295 4179 1296 1296 4180 1294 1294 4181 1296 1296 4182 1295 1295 4183 1297 1297 4184 1297 1297 4185 1298 1298 4186 1296 1296 4187 1298 1298 4188 1297 1297 4189 1299 1299 4190 1299 1299 4191 1300 1300 4192 1298 1298 4193 1300 1300 4194 1299 1299 4195 1301 1301 4196 1301 1301 4197 1302 1302 4198 1300 1300 4199 1302 1302 4200 1301 1301 4201 1303 1303 4202 1303 1303 4203 1304 1304 4204 1302 1302 4205 1304 1304 4206 1303 1303 4207 1305 1305 4208 1305 1305 4209 1306 1306 4210 1304 1304 4211 1306 1306 4212 1305 1305 4213 1307 1307 4214 1307 1307 4215 1308 1308 4216 1306 1306 4217 1308 1308 4218 1307 1307 4219 1309 1309 4220 1309 1309 4221 1310 1310 4222 1308 1308 4223 1310 1310 4224 1309 1309 4225 1311 1311 4226 1311 1311 4227 1312 1312 4228 1310 1310 4229 1312 1312 4230 1311 1311 4231 1313 1313 4232 1313 1313 4233 1314 1314 4234 1312 1312 4235 1314 1314 4236 1313 1313 4237 1315 1315 4238 1315 1315 4239 1316 1316 4240 1314 1314 4241 1316 1316 4242 1315 1315 4243 1317 1317 4244 1317 1317 4245 1318 1318 4246 1316 1316 4247 1318 1318 4248 1317 1317 4249 1319 1319 4250 1319 1319 4251 1320 1320 4252 1318 1318 4253 1320 1320 4254 1319 1319 4255 1321 1321 4256 1321 1321 4257 1322 1322 4258 1320 1320 4259 1322 1322 4260 1321 1321 4261 1323 1323 4262 1323 1323 4263 1324 1324 4264 1322 1322 4265 1324 1324 4266 1323 1323 4267 1325 1325 4268 1325 1325 4269 1326 1326 4270 1324 1324 4271 1326 1326 4272 1325 1325 4273 1327 1327 4274 1327 1327 4275 1328 1328 4276 1326 1326 4277 1328 1328 4278 1327 1327 4279 1329 1329 4280 1329 1329 4281 1330 1330 4282 1328 1328 4283 1330 1330 4284 1329 1329 4285 1331 1331 4286 1331 1331 4287 1332 1332 4288 1330 1330 4289 1332 1332 4290 1331 1331 4291 1333 1333 4292 1333 1333 4293 1334 1334 4294 1332 1332 4295 1334 1334 4296 1333 1333 4297 1335 1335 4298 1335 1335 4299 1336 1336 4300 1334 1334 4301 1336 1336 4302 1335 1335 4303 1337 1337 4304 1337 1337 4305 1338 1338 4306 1336 1336 4307 1338 1338 4308 1337 1337 4309 1339 1339 4310 1339 1339 4311 1340 1340 4312 1338 1338 4313 1340 1340 4314 1339 1339 4315 1341 1341 4316 1341 1341 4317 1342 1342 4318 1340 1340 4319 1342 1342 4320 1341 1341 4321 1343 1343 4322 1343 1343 4323 1344 1344 4324 1342 1342 4325 1344 1344 4326 1343 1343 4327 1345 1345 4328 1345 1345 4329 1346 1346 4330 1344 1344 4331 1346 1346 4332 1345 1345 4333 1347 1347 4334 1347 1347 4335 1348 1348 4336 1346 1346 4337 1348 1348 4338 1347 1347 4339 1349 1349 4340 1349 1349 4341 1350 1350 4342 1348 1348 4343 1350 1350 4344 1349 1349 4345 23 23 4346 23 23 4347 22 22 4348 1350 1350 4349 1351 1351 4350 1352 1352 4351 1353 1353 4352 1353 1353 4353 65 65 4354 1351 1351 4355 65 65 4356 1353 1353 4357 1354 1354 4358 1354 1354 4359 66 66 4360 65 65 4361 66 66 4362 1354 1354 4363 1355 1355 4364 1355 1355 4365 68 68 4366 66 66 4367 68 68 4368 1355 1355 4369 1356 1356 4370 1356 1356 4371 70 70 4372 68 68 4373 70 70 4374 1356 1356 4375 1357 1357 4376 1357 1357 4377 72 72 4378 70 70 4379 72 72 4380 1357 1357 4381 1358 1358 4382 1358 1358 4383 74 74 4384 72 72 4385 74 74 4386 1358 1358 4387 1359 1359 4388 1359 1359 4389 76 76 4390 74 74 4391 76 76 4392 1359 1359 4393 1360 1360 4394 1360 1360 4395 78 78 4396 76 76 4397 78 78 4398 1360 1360 4399 1361 1361 4400 1361 1361 4401 80 80 4402 78 78 4403 80 80 4404 1361 1361 4405 1362 1362 4406 1362 1362 4407 82 82 4408 80 80 4409 82 82 4410 1362 1362 4411 1363 1363 4412 1363 1363 4413 84 84 4414 82 82 4415 84 84 4416 1363 1363 4417 1364 1364 4418 1364 1364 4419 86 86 4420 84 84 4421 86 86 4422 1364 1364 4423 1365 1365 4424 1365 1365 4425 88 88 4426 86 86 4427 88 88 4428 1365 1365 4429 1366 1366 4430 1366 1366 4431 90 90 4432 88 88 4433 90 90 4434 1366 1366 4435 1367 1367 4436 1367 1367 4437 92 92 4438 90 90 4439 92 92 4440 1367 1367 4441 1368 1368 4442 1368 1368 4443 94 94 4444 92 92 4445 94 94 4446 1368 1368 4447 1369 1369 4448 1369 1369 4449 96 96 4450 94 94 4451 96 96 4452 1369 1369 4453 1370 1370 4454 1370 1370 4455 98 98 4456 96 96 4457 98 98 4458 1370 1370 4459 1371 1371 4460 1371 1371 4461 100 100 4462 98 98 4463 100 100 4464 1371 1371 4465 1372 1372 4466 1372 1372 4467 102 102 4468 100 100 4469 102 102 4470 1372 1372 4471 1373 1373 4472 1373 1373 4473 104 104 4474 102 102 4475 104 104 4476 1373 1373 4477 1374 1374 4478 1374 1374 4479 106 106 4480 104 104 4481 106 106 4482 1374 1374 4483 1375 1375 4484 1375 1375 4485 108 108 4486 106 106 4487 108 108 4488 1375 1375 4489 1376 1376 4490 1376 1376 4491 110 110 4492 108 108 4493 110 110 4494 1376 1376 4495 1377 1377 4496 1377 1377 4497 112 112 4498 110 110 4499 112 112 4500 1377 1377 4501 1378 1378 4502 1378 1378 4503 114 114 4504 112 112 4505 114 114 4506 1378 1378 4507 1379 1379 4508 1379 1379 4509 116 116 4510 114 114 4511 116 116 4512 1379 1379 4513 1380 1380 4514 1380 1380 4515 118 118 4516 116 116 4517 118 118 4518 1380 1380 4519 1381 1381 4520 1381 1381 4521 120 120 4522 118 118 4523 120 120 4524 1381 1381 4525 1382 1382 4526 1382 1382 4527 122 122 4528 120 120 4529 122 122 4530 1382 1382 4531 1383 1383 4532 1383 1383 4533 124 124 4534 122 122 4535 124 124 4536 1383 1383 4537 1384 1384 4538 1384 1384 4539 126 126 4540 124 124 4541 126 126 4542 1384 1384 4543 1385 1385 4544 1385 1385 4545 128 128 4546 126 126 4547 128 128 4548 1385 1385 4549 1386 1386 4550 1386 1386 4551 130 130 4552 128 128 4553 130 130 4554 1386 1386 4555 1387 1387 4556 1387 1387 4557 132 132 4558 130 130 4559 132 132 4560 1387 1387 4561 1388 1388 4562 1388 1388 4563 134 134 4564 132 132 4565 134 134 4566 1388 1388 4567 1389 1389 4568 1389 1389 4569 136 136 4570 134 134 4571 136 136 4572 1389 1389 4573 1390 1390 4574 1390 1390 4575 138 138 4576 136 136 4577 138 138 4578 1390 1390 4579 1391 1391 4580 1391 1391 4581 140 140 4582 138 138 4583 140 140 4584 1391 1391 4585 1392 1392 4586 1392 1392 4587 142 142 4588 140 140 4589 142 142 4590 1392 1392 4591 1393 1393 4592 1393 1393 4593 144 144 4594 142 142 4595 144 144 4596 1393 1393 4597 1394 1394 4598 1394 1394 4599 146 146 4600 144 144 4601 146 146 4602 1394 1394 4603 1395 1395 4604 1395 1395 4605 148 148 4606 146 146 4607 148 148 4608 1395 1395 4609 1396 1396 4610 1396 1396 4611 150 150 4612 148 148 4613 150 150 4614 1396 1396 4615 1397 1397 4616 1397 1397 4617 152 152 4618 150 150 4619 152 152 4620 1397 1397 4621 1398 1398 4622 1398 1398 4623 154 154 4624 152 152 4625 154 154 4626 1398 1398 4627 1399 1399 4628 1399 1399 4629 156 156 4630 154 154 4631 156 156 4632 1399 1399 4633 1400 1400 4634 1400 1400 4635 158 158 4636 156 156 4637 158 158 4638 1400 1400 4639 1401 1401 4640 1401 1401 4641 160 160 4642 158 158 4643 160 160 4644 1401 1401 4645 1402 1402 4646 1402 1402 4647 162 162 4648 160 160 4649 162 162 4650 1402 1402 4651 1403 1403 4652 1403 1403 4653 164 164 4654 162 162 4655 164 164 4656 1403 1403 4657 1404 1404 4658 1404 1404 4659 166 166 4660 164 164 4661 166 166 4662 1404 1404 4663 1405 1405 4664 1405 1405 4665 168 168 4666 166 166 4667 168 168 4668 1405 1405 4669 1406 1406 4670 1406 1406 4671 170 170 4672 168 168 4673 170 170 4674 1406 1406 4675 1407 1407 4676 1407 1407 4677 172 172 4678 170 170 4679 172 172 4680 1407 1407 4681 1408 1408 4682 1408 1408 4683 174 174 4684 172 172 4685 174 174 4686 1408 1408 4687 1409 1409 4688 1409 1409 4689 176 176 4690 174 174 4691 176 176 4692 1409 1409 4693 1410 1410 4694 1410 1410 4695 178 178 4696 176 176 4697 178 178 4698 1410 1410 4699 1411 1411 4700 1411 1411 4701 180 180 4702 178 178 4703 180 180 4704 1411 1411 4705 1412 1412 4706 1412 1412 4707 182 182 4708 180 180 4709 182 182 4710 1412 1412 4711 1413 1413 4712 1413 1413 4713 184 184 4714 182 182 4715 184 184 4716 1413 1413 4717 1414 1414 4718 1414 1414 4719 186 186 4720 184 184 4721 186 186 4722 1414 1414 4723 1415 1415 4724 1415 1415 4725 188 188 4726 186 186 4727 188 188 4728 1415 1415 4729 1416 1416 4730 1416 1416 4731 190 190 4732 188 188 4733 190 190 4734 1416 1416 4735 1417 1417 4736 1417 1417 4737 192 192 4738 190 190 4739 192 192 4740 1417 1417 4741 1418 1418 4742 1418 1418 4743 194 194 4744 192 192 4745 194 194 4746 1418 1418 4747 1419 1419 4748 1419 1419 4749 196 196 4750 194 194 4751 196 196 4752 1419 1419 4753 1420 1420 4754 1420 1420 4755 198 198 4756 196 196 4757 198 198 4758 1420 1420 4759 1421 1421 4760 1421 1421 4761 200 200 4762 198 198 4763 200 200 4764 1421 1421 4765 1422 1422 4766 1422 1422 4767 202 202 4768 200 200 4769 202 202 4770 1422 1422 4771 1423 1423 4772 1423 1423 4773 204 204 4774 202 202 4775 204 204 4776 1423 1423 4777 1424 1424 4778 1424 1424 4779 206 206 4780 204 204 4781 206 206 4782 1424 1424 4783 1425 1425 4784 1425 1425 4785 208 208 4786 206 206 4787 208 208 4788 1425 1425 4789 1426 1426 4790 1426 1426 4791 210 210 4792 208 208 4793 210 210 4794 1426 1426 4795 1427 1427 4796 1427 1427 4797 212 212 4798 210 210 4799 212 212 4800 1427 1427 4801 1428 1428 4802 1428 1428 4803 214 214 4804 212 212 4805 214 214 4806 1428 1428 4807 1429 1429 4808 1429 1429 4809 216 216 4810 214 214 4811 216 216 4812 1429 1429 4813 1430 1430 4814 1430 1430 4815 218 218 4816 216 216 4817 218 218 4818 1430 1430 4819 1431 1431 4820 1431 1431 4821 220 220 4822 218 218 4823 220 220 4824 1431 1431 4825 1432 1432 4826 1432 1432 4827 222 222 4828 220 220 4829 222 222 4830 1432 1432 4831 1433 1433 4832 1433 1433 4833 224 224 4834 222 222 4835 224 224 4836 1433 1433 4837 1434 1434 4838 1434 1434 4839 226 226 4840 224 224 4841 226 226 4842 1434 1434 4843 1435 1435 4844 1435 1435 4845 228 228 4846 226 226 4847 228 228 4848 1435 1435 4849 1436 1436 4850 1436 1436 4851 230 230 4852 228 228 4853 230 230 4854 1436 1436 4855 1437 1437 4856 1437 1437 4857 232 232 4858 230 230 4859 232 232 4860 1437 1437 4861 1438 1438 4862 1438 1438 4863 234 234 4864 232 232 4865 234 234 4866 1438 1438 4867 1439 1439 4868 1439 1439 4869 236 236 4870 234 234 4871 236 236 4872 1439 1439 4873 1440 1440 4874 1440 1440 4875 238 238 4876 236 236 4877 238 238 4878 1440 1440 4879 1441 1441 4880 1441 1441 4881 240 240 4882 238 238 4883 240 240 4884 1441 1441 4885 1442 1442 4886 1442 1442 4887 242 242 4888 240 240 4889 242 242 4890 1442 1442 4891 1443 1443 4892 1443 1443 4893 244 244 4894 242 242 4895 244 244 4896 1443 1443 4897 1444 1444 4898 1444 1444 4899 246 246 4900 244 244 4901 246 246 4902 1444 1444 4903 1445 1445 4904 1445 1445 4905 248 248 4906 246 246 4907 248 248 4908 1445 1445 4909 1446 1446 4910 1446 1446 4911 250 250 4912 248 248 4913 250 250 4914 1446 1446 4915 1447 1447 4916 1447 1447 4917 252 252 4918 250 250 4919 252 252 4920 1447 1447 4921 1448 1448 4922 1448 1448 4923 254 254 4924 252 252 4925 254 254 4926 1448 1448 4927 1449 1449 4928 1449 1449 4929 256 256 4930 254 254 4931 256 256 4932 1449 1449 4933 1450 1450 4934 1450 1450 4935 258 258 4936 256 256 4937 258 258 4938 1450 1450 4939 1451 1451 4940 1451 1451 4941 260 260 4942 258 258 4943 260 260 4944 1451 1451 4945 26 26 4946 26 26 4947 1 1 4948 260 260 4949 1452 1452 4950 1453 1453 4951 1454 1454 4952 1454 1454 4953 362 362 4954 1452 1452 4955 362 362 4956 1454 1454 4957 1455 1455 4958 1455 1455 4959 363 363 4960 362 362 4961 363 363 4962 1455 1455 4963 1456 1456 4964 1456 1456 4965 365 365 4966 363 363 4967 365 365 4968 1456 1456 4969 1457 1457 4970 1457 1457 4971 367 367 4972 365 365 4973 367 367 4974 1457 1457 4975 1458 1458 4976 1458 1458 4977 369 369 4978 367 367 4979 369 369 4980 1458 1458 4981 1459 1459 4982 1459 1459 4983 371 371 4984 369 369 4985 371 371 4986 1459 1459 4987 1460 1460 4988 1460 1460 4989 373 373 4990 371 371 4991 373 373 4992 1460 1460 4993 1461 1461 4994 1461 1461 4995 375 375 4996 373 373 4997 375 375 4998 1461 1461 4999 1462 1462 5000 1462 1462 5001 377 377 5002 375 375 5003 377 377 5004 1462 1462 5005 1463 1463 5006 1463 1463 5007 379 379 5008 377 377 5009 379 379 5010 1463 1463 5011 1464 1464 5012 1464 1464 5013 381 381 5014 379 379 5015 381 381 5016 1464 1464 5017 1465 1465 5018 1465 1465 5019 383 383 5020 381 381 5021 383 383 5022 1465 1465 5023 1466 1466 5024 1466 1466 5025 385 385 5026 383 383 5027 385 385 5028 1466 1466 5029 1467 1467 5030 1467 1467 5031 387 387 5032 385 385 5033 387 387 5034 1467 1467 5035 1468 1468 5036 1468 1468 5037 389 389 5038 387 387 5039 389 389 5040 1468 1468 5041 1469 1469 5042 1469 1469 5043 391 391 5044 389 389 5045 391 391 5046 1469 1469 5047 1470 1470 5048 1470 1470 5049 393 393 5050 391 391 5051 393 393 5052 1470 1470 5053 1471 1471 5054 1471 1471 5055 395 395 5056 393 393 5057 395 395 5058 1471 1471 5059 1472 1472 5060 1472 1472 5061 397 397 5062 395 395 5063 397 397 5064 1472 1472 5065 1473 1473 5066 1473 1473 5067 399 399 5068 397 397 5069 399 399 5070 1473 1473 5071 1474 1474 5072 1474 1474 5073 401 401 5074 399 399 5075 401 401 5076 1474 1474 5077 1475 1475 5078 1475 1475 5079 403 403 5080 401 401 5081 403 403 5082 1475 1475 5083 1476 1476 5084 1476 1476 5085 405 405 5086 403 403 5087 405 405 5088 1476 1476 5089 1477 1477 5090 1477 1477 5091 407 407 5092 405 405 5093 407 407 5094 1477 1477 5095 1478 1478 5096 1478 1478 5097 409 409 5098 407 407 5099 409 409 5100 1478 1478 5101 1479 1479 5102 1479 1479 5103 411 411 5104 409 409 5105 411 411 5106 1479 1479 5107 1480 1480 5108 1480 1480 5109 413 413 5110 411 411 5111 413 413 5112 1480 1480 5113 1481 1481 5114 1481 1481 5115 415 415 5116 413 413 5117 415 415 5118 1481 1481 5119 1482 1482 5120 1482 1482 5121 417 417 5122 415 415 5123 417 417 5124 1482 1482 5125 1483 1483 5126 1483 1483 5127 419 419 5128 417 417 5129 419 419 5130 1483 1483 5131 1484 1484 5132 1484 1484 5133 421 421 5134 419 419 5135 421 421 5136 1484 1484 5137 1485 1485 5138 1485 1485 5139 423 423 5140 421 421 5141 423 423 5142 1485 1485 5143 1486 1486 5144 1486 1486 5145 425 425 5146 423 423 5147 425 425 5148 1486 1486 5149 1487 1487 5150 1487 1487 5151 427 427 5152 425 425 5153 427 427 5154 1487 1487 5155 1488 1488 5156 1488 1488 5157 429 429 5158 427 427 5159 429 429 5160 1488 1488 5161 1489 1489 5162 1489 1489 5163 431 431 5164 429 429 5165 431 431 5166 1489 1489 5167 1490 1490 5168 1490 1490 5169 433 433 5170 431 431 5171 433 433 5172 1490 1490 5173 1491 1491 5174 1491 1491 5175 435 435 5176 433 433 5177 435 435 5178 1491 1491 5179 1492 1492 5180 1492 1492 5181 437 437 5182 435 435 5183 437 437 5184 1492 1492 5185 1493 1493 5186 1493 1493 5187 439 439 5188 437 437 5189 439 439 5190 1493 1493 5191 1494 1494 5192 1494 1494 5193 441 441 5194 439 439 5195 441 441 5196 1494 1494 5197 1495 1495 5198 1495 1495 5199 443 443 5200 441 441 5201 443 443 5202 1495 1495 5203 1496 1496 5204 1496 1496 5205 445 445 5206 443 443 5207 445 445 5208 1496 1496 5209 1497 1497 5210 1497 1497 5211 447 447 5212 445 445 5213 447 447 5214 1497 1497 5215 1498 1498 5216 1498 1498 5217 449 449 5218 447 447 5219 449 449 5220 1498 1498 5221 1499 1499 5222 1499 1499 5223 451 451 5224 449 449 5225 451 451 5226 1499 1499 5227 1500 1500 5228 1500 1500 5229 453 453 5230 451 451 5231 453 453 5232 1500 1500 5233 1501 1501 5234 1501 1501 5235 455 455 5236 453 453 5237 455 455 5238 1501 1501 5239 1502 1502 5240 1502 1502 5241 457 457 5242 455 455 5243 457 457 5244 1502 1502 5245 1503 1503 5246 1503 1503 5247 459 459 5248 457 457 5249 459 459 5250 1503 1503 5251 1504 1504 5252 1504 1504 5253 461 461 5254 459 459 5255 461 461 5256 1504 1504 5257 1505 1505 5258 1505 1505 5259 463 463 5260 461 461 5261 463 463 5262 1505 1505 5263 1506 1506 5264 1506 1506 5265 465 465 5266 463 463 5267 465 465 5268 1506 1506 5269 1507 1507 5270 1507 1507 5271 467 467 5272 465 465 5273 467 467 5274 1507 1507 5275 1508 1508 5276 1508 1508 5277 469 469 5278 467 467 5279 469 469 5280 1508 1508 5281 1509 1509 5282 1509 1509 5283 471 471 5284 469 469 5285 471 471 5286 1509 1509 5287 1510 1510 5288 1510 1510 5289 473 473 5290 471 471 5291 473 473 5292 1510 1510 5293 1511 1511 5294 1511 1511 5295 475 475 5296 473 473 5297 475 475 5298 1511 1511 5299 1512 1512 5300 1512 1512 5301 477 477 5302 475 475 5303 477 477 5304 1512 1512 5305 1513 1513 5306 1513 1513 5307 479 479 5308 477 477 5309 479 479 5310 1513 1513 5311 1514 1514 5312 1514 1514 5313 481 481 5314 479 479 5315 481 481 5316 1514 1514 5317 1515 1515 5318 1515 1515 5319 483 483 5320 481 481 5321 483 483 5322 1515 1515 5323 1516 1516 5324 1516 1516 5325 485 485 5326 483 483 5327 485 485 5328 1516 1516 5329 1517 1517 5330 1517 1517 5331 487 487 5332 485 485 5333 487 487 5334 1517 1517 5335 1518 1518 5336 1518 1518 5337 489 489 5338 487 487 5339 489 489 5340 1518 1518 5341 1519 1519 5342 1519 1519 5343 491 491 5344 489 489 5345 491 491 5346 1519 1519 5347 1520 1520 5348 1520 1520 5349 493 493 5350 491 491 5351 493 493 5352 1520 1520 5353 1521 1521 5354 1521 1521 5355 495 495 5356 493 493 5357 495 495 5358 1521 1521 5359 1522 1522 5360 1522 1522 5361 497 497 5362 495 495 5363 497 497 5364 1522 1522 5365 1523 1523 5366 1523 1523 5367 499 499 5368 497 497 5369 499 499 5370 1523 1523 5371 1524 1524 5372 1524 1524 5373 501 501 5374 499 499 5375 501 501 5376 1524 1524 5377 1525 1525 5378 1525 1525 5379 503 503 5380 501 501 5381 503 503 5382 1525 1525 5383 1526 1526 5384 1526 1526 5385 505 505 5386 503 503 5387 505 505 5388 1526 1526 5389 1527 1527 5390 1527 1527 5391 507 507 5392 505 505 5393 507 507 5394 1527 1527 5395 1528 1528 5396 1528 1528 5397 509 509 5398 507 507 5399 509 509 5400 1528 1528 5401 1529 1529 5402 1529 1529 5403 511 511 5404 509 509 5405 511 511 5406 1529 1529 5407 1530 1530 5408 1530 1530 5409 513 513 5410 511 511 5411 513 513 5412 1530 1530 5413 1531 1531 5414 1531 1531 5415 515 515 5416 513 513 5417 515 515 5418 1531 1531 5419 1532 1532 5420 1532 1532 5421 517 517 5422 515 515 5423 517 517 5424 1532 1532 5425 1533 1533 5426 1533 1533 5427 519 519 5428 517 517 5429 519 519 5430 1533 1533 5431 1534 1534 5432 1534 1534 5433 521 521 5434 519 519 5435 521 521 5436 1534 1534 5437 1535 1535 5438 1535 1535 5439 523 523 5440 521 521 5441 523 523 5442 1535 1535 5443 1536 1536 5444 1536 1536 5445 525 525 5446 523 523 5447 525 525 5448 1536 1536 5449 1537 1537 5450 1537 1537 5451 527 527 5452 525 525 5453 527 527 5454 1537 1537 5455 1538 1538 5456 1538 1538 5457 529 529 5458 527 527 5459 529 529 5460 1538 1538 5461 1539 1539 5462 1539 1539 5463 531 531 5464 529 529 5465 531 531 5466 1539 1539 5467 1540 1540 5468 1540 1540 5469 533 533 5470 531 531 5471 533 533 5472 1540 1540 5473 1541 1541 5474 1541 1541 5475 535 535 5476 533 533 5477 535 535 5478 1541 1541 5479 1542 1542 5480 1542 1542 5481 537 537 5482 535 535 5483 537 537 5484 1542 1542 5485 1543 1543 5486 1543 1543 5487 539 539 5488 537 537 5489 539 539 5490 1543 1543 5491 1544 1544 5492 1544 1544 5493 541 541 5494 539 539 5495 541 541 5496 1544 1544 5497 1545 1545 5498 1545 1545 5499 543 543 5500 541 541 5501 543 543 5502 1545 1545 5503 1546 1546 5504 1546 1546 5505 545 545 5506 543 543 5507 545 545 5508 1546 1546 5509 1547 1547 5510 1547 1547 5511 547 547 5512 545 545 5513 547 547 5514 1547 1547 5515 1548 1548 5516 1548 1548 5517 549 549 5518 547 547 5519 549 549 5520 1548 1548 5521 1549 1549 5522 1549 1549 5523 551 551 5524 549 549 5525 551 551 5526 1549 1549 5527 1550 1550 5528 1550 1550 5529 553 553 5530 551 551 5531 553 553 5532 1550 1550 5533 1551 1551 5534 1551 1551 5535 555 555 5536 553 553 5537 555 555 5538 1551 1551 5539 1552 1552 5540 1552 1552 5541 557 557 5542 555 555 5543 557 557 5544 1552 1552 5545 28 28 5546 28 28 5547 7 7 5548 557 557 5549 560 560 5550 1553 1553 5551 1554 1554 5552 1554 1554 5553 561 561 5554 560 560 5555 561 561 5556 1554 1554 5557 1555 1555 5558 1555 1555 5559 563 563 5560 561 561 5561 563 563 5562 1555 1555 5563 1556 1556 5564 1556 1556 5565 565 565 5566 563 563 5567 565 565 5568 1556 1556 5569 1557 1557 5570 1557 1557 5571 567 567 5572 565 565 5573 567 567 5574 1557 1557 5575 1558 1558 5576 1558 1558 5577 569 569 5578 567 567 5579 569 569 5580 1558 1558 5581 1559 1559 5582 1559 1559 5583 571 571 5584 569 569 5585 571 571 5586 1559 1559 5587 1560 1560 5588 1560 1560 5589 573 573 5590 571 571 5591 573 573 5592 1560 1560 5593 1561 1561 5594 1561 1561 5595 575 575 5596 573 573 5597 575 575 5598 1561 1561 5599 1562 1562 5600 1562 1562 5601 577 577 5602 575 575 5603 577 577 5604 1562 1562 5605 1563 1563 5606 1563 1563 5607 579 579 5608 577 577 5609 579 579 5610 1563 1563 5611 1564 1564 5612 1564 1564 5613 581 581 5614 579 579 5615 581 581 5616 1564 1564 5617 1565 1565 5618 1565 1565 5619 583 583 5620 581 581 5621 583 583 5622 1565 1565 5623 1566 1566 5624 1566 1566 5625 585 585 5626 583 583 5627 585 585 5628 1566 1566 5629 1567 1567 5630 1567 1567 5631 587 587 5632 585 585 5633 587 587 5634 1567 1567 5635 1568 1568 5636 1568 1568 5637 589 589 5638 587 587 5639 589 589 5640 1568 1568 5641 1569 1569 5642 1569 1569 5643 591 591 5644 589 589 5645 591 591 5646 1569 1569 5647 1570 1570 5648 1570 1570 5649 593 593 5650 591 591 5651 593 593 5652 1570 1570 5653 1571 1571 5654 1571 1571 5655 595 595 5656 593 593 5657 595 595 5658 1571 1571 5659 1572 1572 5660 1572 1572 5661 597 597 5662 595 595 5663 597 597 5664 1572 1572 5665 1573 1573 5666 1573 1573 5667 599 599 5668 597 597 5669 599 599 5670 1573 1573 5671 1574 1574 5672 1574 1574 5673 601 601 5674 599 599 5675 601 601 5676 1574 1574 5677 1575 1575 5678 1575 1575 5679 603 603 5680 601 601 5681 603 603 5682 1575 1575 5683 1576 1576 5684 1576 1576 5685 605 605 5686 603 603 5687 605 605 5688 1576 1576 5689 1577 1577 5690 1577 1577 5691 607 607 5692 605 605 5693 607 607 5694 1577 1577 5695 1578 1578 5696 1578 1578 5697 609 609 5698 607 607 5699 609 609 5700 1578 1578 5701 1579 1579 5702 1579 1579 5703 611 611 5704 609 609 5705 611 611 5706 1579 1579 5707 1580 1580 5708 1580 1580 5709 613 613 5710 611 611 5711 613 613 5712 1580 1580 5713 1581 1581 5714 1581 1581 5715 615 615 5716 613 613 5717 615 615 5718 1581 1581 5719 1582 1582 5720 1582 1582 5721 617 617 5722 615 615 5723 617 617 5724 1582 1582 5725 1583 1583 5726 1583 1583 5727 619 619 5728 617 617 5729 619 619 5730 1583 1583 5731 1584 1584 5732 1584 1584 5733 621 621 5734 619 619 5735 621 621 5736 1584 1584 5737 1585 1585 5738 1585 1585 5739 623 623 5740 621 621 5741 623 623 5742 1585 1585 5743 1586 1586 5744 1586 1586 5745 625 625 5746 623 623 5747 625 625 5748 1586 1586 5749 1587 1587 5750 1587 1587 5751 627 627 5752 625 625 5753 627 627 5754 1587 1587 5755 1588 1588 5756 1588 1588 5757 629 629 5758 627 627 5759 629 629 5760 1588 1588 5761 1589 1589 5762 1589 1589 5763 631 631 5764 629 629 5765 631 631 5766 1589 1589 5767 1590 1590 5768 1590 1590 5769 633 633 5770 631 631 5771 633 633 5772 1590 1590 5773 1591 1591 5774 1591 1591 5775 635 635 5776 633 633 5777 635 635 5778 1591 1591 5779 1592 1592 5780 1592 1592 5781 637 637 5782 635 635 5783 637 637 5784 1592 1592 5785 1593 1593 5786 1593 1593 5787 639 639 5788 637 637 5789 639 639 5790 1593 1593 5791 1594 1594 5792 1594 1594 5793 641 641 5794 639 639 5795 641 641 5796 1594 1594 5797 1595 1595 5798 1595 1595 5799 643 643 5800 641 641 5801 643 643 5802 1595 1595 5803 1596 1596 5804 1596 1596 5805 645 645 5806 643 643 5807 645 645 5808 1596 1596 5809 1597 1597 5810 1597 1597 5811 647 647 5812 645 645 5813 647 647 5814 1597 1597 5815 1598 1598 5816 1598 1598 5817 649 649 5818 647 647 5819 649 649 5820 1598 1598 5821 1599 1599 5822 1599 1599 5823 651 651 5824 649 649 5825 651 651 5826 1599 1599 5827 1600 1600 5828 1600 1600 5829 653 653 5830 651 651 5831 653 653 5832 1600 1600 5833 1601 1601 5834 1601 1601 5835 655 655 5836 653 653 5837 655 655 5838 1601 1601 5839 1602 1602 5840 1602 1602 5841 657 657 5842 655 655 5843 657 657 5844 1602 1602 5845 1603 1603 5846 1603 1603 5847 659 659 5848 657 657 5849 659 659 5850 1603 1603 5851 1604 1604 5852 1604 1604 5853 661 661 5854 659 659 5855 661 661 5856 1604 1604 5857 1605 1605 5858 1605 1605 5859 663 663 5860 661 661 5861 663 663 5862 1605 1605 5863 1606 1606 5864 1606 1606 5865 665 665 5866 663 663 5867 665 665 5868 1606 1606 5869 1607 1607 5870 1607 1607 5871 667 667 5872 665 665 5873 667 667 5874 1607 1607 5875 1608 1608 5876 1608 1608 5877 669 669 5878 667 667 5879 669 669 5880 1608 1608 5881 1609 1609 5882 1609 1609 5883 671 671 5884 669 669 5885 671 671 5886 1609 1609 5887 1610 1610 5888 1610 1610 5889 673 673 5890 671 671 5891 673 673 5892 1610 1610 5893 1611 1611 5894 1611 1611 5895 675 675 5896 673 673 5897 675 675 5898 1611 1611 5899 1612 1612 5900 1612 1612 5901 677 677 5902 675 675 5903 677 677 5904 1612 1612 5905 1613 1613 5906 1613 1613 5907 679 679 5908 677 677 5909 679 679 5910 1613 1613 5911 1614 1614 5912 1614 1614 5913 681 681 5914 679 679 5915 681 681 5916 1614 1614 5917 1615 1615 5918 1615 1615 5919 683 683 5920 681 681 5921 683 683 5922 1615 1615 5923 1616 1616 5924 1616 1616 5925 685 685 5926 683 683 5927 685 685 5928 1616 1616 5929 1617 1617 5930 1617 1617 5931 687 687 5932 685 685 5933 687 687 5934 1617 1617 5935 1618 1618 5936 1618 1618 5937 689 689 5938 687 687 5939 689 689 5940 1618 1618 5941 1619 1619 5942 1619 1619 5943 691 691 5944 689 689 5945 691 691 5946 1619 1619 5947 1620 1620 5948 1620 1620 5949 693 693 5950 691 691 5951 693 693 5952 1620 1620 5953 1621 1621 5954 1621 1621 5955 695 695 5956 693 693 5957 695 695 5958 1621 1621 5959 1622 1622 5960 1622 1622 5961 697 697 5962 695 695 5963 697 697 5964 1622 1622 5965 1623 1623 5966 1623 1623 5967 699 699 5968 697 697 5969 699 699 5970 1623 1623 5971 1624 1624 5972 1624 1624 5973 701 701 5974 699 699 5975 701 701 5976 1624 1624 5977 1625 1625 5978 1625 1625 5979 703 703 5980 701 701 5981 703 703 5982 1625 1625 5983 1626 1626 5984 1626 1626 5985 705 705 5986 703 703 5987 705 705 5988 1626 1626 5989 1627 1627 5990 1627 1627 5991 707 707 5992 705 705 5993 707 707 5994 1627 1627 5995 1628 1628 5996 1628 1628 5997 709 709 5998 707 707 5999 709 709 6000 1628 1628 6001 1629 1629 6002 1629 1629 6003 711 711 6004 709 709 6005 711 711 6006 1629 1629 6007 1630 1630 6008 1630 1630 6009 713 713 6010 711 711 6011 713 713 6012 1630 1630 6013 1631 1631 6014 1631 1631 6015 715 715 6016 713 713 6017 715 715 6018 1631 1631 6019 1632 1632 6020 1632 1632 6021 717 717 6022 715 715 6023 717 717 6024 1632 1632 6025 1633 1633 6026 1633 1633 6027 719 719 6028 717 717 6029 719 719 6030 1633 1633 6031 1634 1634 6032 1634 1634 6033 721 721 6034 719 719 6035 721 721 6036 1634 1634 6037 1635 1635 6038 1635 1635 6039 723 723 6040 721 721 6041 723 723 6042 1635 1635 6043 1636 1636 6044 1636 1636 6045 725 725 6046 723 723 6047 725 725 6048 1636 1636 6049 1637 1637 6050 1637 1637 6051 727 727 6052 725 725 6053 727 727 6054 1637 1637 6055 1638 1638 6056 1638 1638 6057 729 729 6058 727 727 6059 729 729 6060 1638 1638 6061 1639 1639 6062 1639 1639 6063 731 731 6064 729 729 6065 731 731 6066 1639 1639 6067 1640 1640 6068 1640 1640 6069 733 733 6070 731 731 6071 733 733 6072 1640 1640 6073 1641 1641 6074 1641 1641 6075 735 735 6076 733 733 6077 735 735 6078 1641 1641 6079 1642 1642 6080 1642 1642 6081 737 737 6082 735 735 6083 737 737 6084 1642 1642 6085 1643 1643 6086 1643 1643 6087 739 739 6088 737 737 6089 739 739 6090 1643 1643 6091 1644 1644 6092 1644 1644 6093 741 741 6094 739 739 6095 741 741 6096 1644 1644 6097 1645 1645 6098 1645 1645 6099 743 743 6100 741 741 6101 743 743 6102 1645 1645 6103 1646 1646 6104 1646 1646 6105 745 745 6106 743 743 6107 745 745 6108 1646 1646 6109 1647 1647 6110 1647 1647 6111 747 747 6112 745 745 6113 747 747 6114 1647 1647 6115 1648 1648 6116 1648 1648 6117 749 749 6118 747 747 6119 749 749 6120 1648 1648 6121 1649 1649 6122 1649 1649 6123 751 751 6124 749 749 6125 751 751 6126 1649 1649 6127 1650 1650 6128 1650 1650 6129 753 753 6130 751 751 6131 753 753 6132 1650 1650 6133 1651 1651 6134 1651 1651 6135 755 755 6136 753 753 6137 755 755 6138 1651 1651 6139 30 30 6140 30 30 6141 11 11 6142 755 755 6143 758 758 6144 1652 1652 6145 1653 1653 6146 1653 1653 6147 759 759 6148 758 758 6149 759 759 6150 1653 1653 6151 1654 1654 6152 1654 1654 6153 761 761 6154 759 759 6155 761 761 6156 1654 1654 6157 1655 1655 6158 1655 1655 6159 763 763 6160 761 761 6161 763 763 6162 1655 1655 6163 1656 1656 6164 1656 1656 6165 765 765 6166 763 763 6167 765 765 6168 1656 1656 6169 1657 1657 6170 1657 1657 6171 767 767 6172 765 765 6173 767 767 6174 1657 1657 6175 1658 1658 6176 1658 1658 6177 769 769 6178 767 767 6179 769 769 6180 1658 1658 6181 1659 1659 6182 1659 1659 6183 771 771 6184 769 769 6185 771 771 6186 1659 1659 6187 1660 1660 6188 1660 1660 6189 773 773 6190 771 771 6191 773 773 6192 1660 1660 6193 1661 1661 6194 1661 1661 6195 775 775 6196 773 773 6197 775 775 6198 1661 1661 6199 1662 1662 6200 1662 1662 6201 777 777 6202 775 775 6203 777 777 6204 1662 1662 6205 1663 1663 6206 1663 1663 6207 779 779 6208 777 777 6209 779 779 6210 1663 1663 6211 1664 1664 6212 1664 1664 6213 781 781 6214 779 779 6215 781 781 6216 1664 1664 6217 1665 1665 6218 1665 1665 6219 783 783 6220 781 781 6221 783 783 6222 1665 1665 6223 1666 1666 6224 1666 1666 6225 785 785 6226 783 783 6227 785 785 6228 1666 1666 6229 1667 1667 6230 1667 1667 6231 787 787 6232 785 785 6233 787 787 6234 1667 1667 6235 1668 1668 6236 1668 1668 6237 789 789 6238 787 787 6239 789 789 6240 1668 1668 6241 1669 1669 6242 1669 1669 6243 791 791 6244 789 789 6245 791 791 6246 1669 1669 6247 1670 1670 6248 1670 1670 6249 793 793 6250 791 791 6251 793 793 6252 1670 1670 6253 1671 1671 6254 1671 1671 6255 795 795 6256 793 793 6257 795 795 6258 1671 1671 6259 1672 1672 6260 1672 1672 6261 797 797 6262 795 795 6263 797 797 6264 1672 1672 6265 1673 1673 6266 1673 1673 6267 799 799 6268 797 797 6269 799 799 6270 1673 1673 6271 1674 1674 6272 1674 1674 6273 801 801 6274 799 799 6275 801 801 6276 1674 1674 6277 1675 1675 6278 1675 1675 6279 803 803 6280 801 801 6281 803 803 6282 1675 1675 6283 1676 1676 6284 1676 1676 6285 805 805 6286 803 803 6287 805 805 6288 1676 1676 6289 1677 1677 6290 1677 1677 6291 807 807 6292 805 805 6293 807 807 6294 1677 1677 6295 1678 1678 6296 1678 1678 6297 809 809 6298 807 807 6299 809 809 6300 1678 1678 6301 1679 1679 6302 1679 1679 6303 811 811 6304 809 809 6305 811 811 6306 1679 1679 6307 1680 1680 6308 1680 1680 6309 813 813 6310 811 811 6311 813 813 6312 1680 1680 6313 1681 1681 6314 1681 1681 6315 815 815 6316 813 813 6317 815 815 6318 1681 1681 6319 1682 1682 6320 1682 1682 6321 817 817 6322 815 815 6323 817 817 6324 1682 1682 6325 1683 1683 6326 1683 1683 6327 819 819 6328 817 817 6329 819 819 6330 1683 1683 6331 1684 1684 6332 1684 1684 6333 821 821 6334 819 819 6335 821 821 6336 1684 1684 6337 1685 1685 6338 1685 1685 6339 823 823 6340 821 821 6341 823 823 6342 1685 1685 6343 1686 1686 6344 1686 1686 6345 825 825 6346 823 823 6347 825 825 6348 1686 1686 6349 1687 1687 6350 1687 1687 6351 827 827 6352 825 825 6353 827 827 6354 1687 1687 6355 1688 1688 6356 1688 1688 6357 829 829 6358 827 827 6359 829 829 6360 1688 1688 6361 1689 1689 6362 1689 1689 6363 831 831 6364 829 829 6365 831 831 6366 1689 1689 6367 1690 1690 6368 1690 1690 6369 833 833 6370 831 831 6371 833 833 6372 1690 1690 6373 1691 1691 6374 1691 1691 6375 835 835 6376 833 833 6377 835 835 6378 1691 1691 6379 1692 1692 6380 1692 1692 6381 837 837 6382 835 835 6383 837 837 6384 1692 1692 6385 1693 1693 6386 1693 1693 6387 839 839 6388 837 837 6389 839 839 6390 1693 1693 6391 1694 1694 6392 1694 1694 6393 841 841 6394 839 839 6395 841 841 6396 1694 1694 6397 1695 1695 6398 1695 1695 6399 843 843 6400 841 841 6401 843 843 6402 1695 1695 6403 1696 1696 6404 1696 1696 6405 845 845 6406 843 843 6407 845 845 6408 1696 1696 6409 1697 1697 6410 1697 1697 6411 847 847 6412 845 845 6413 847 847 6414 1697 1697 6415 1698 1698 6416 1698 1698 6417 849 849 6418 847 847 6419 849 849 6420 1698 1698 6421 1699 1699 6422 1699 1699 6423 851 851 6424 849 849 6425 851 851 6426 1699 1699 6427 1700 1700 6428 1700 1700 6429 853 853 6430 851 851 6431 853 853 6432 1700 1700 6433 1701 1701 6434 1701 1701 6435 855 855 6436 853 853 6437 855 855 6438 1701 1701 6439 1702 1702 6440 1702 1702 6441 857 857 6442 855 855 6443 857 857 6444 1702 1702 6445 1703 1703 6446 1703 1703 6447 859 859 6448 857 857 6449 859 859 6450 1703 1703 6451 1704 1704 6452 1704 1704 6453 861 861 6454 859 859 6455 861 861 6456 1704 1704 6457 1705 1705 6458 1705 1705 6459 863 863 6460 861 861 6461 863 863 6462 1705 1705 6463 1706 1706 6464 1706 1706 6465 865 865 6466 863 863 6467 865 865 6468 1706 1706 6469 1707 1707 6470 1707 1707 6471 867 867 6472 865 865 6473 867 867 6474 1707 1707 6475 1708 1708 6476 1708 1708 6477 869 869 6478 867 867 6479 869 869 6480 1708 1708 6481 1709 1709 6482 1709 1709 6483 871 871 6484 869 869 6485 871 871 6486 1709 1709 6487 1710 1710 6488 1710 1710 6489 873 873 6490 871 871 6491 873 873 6492 1710 1710 6493 1711 1711 6494 1711 1711 6495 875 875 6496 873 873 6497 875 875 6498 1711 1711 6499 1712 1712 6500 1712 1712 6501 877 877 6502 875 875 6503 877 877 6504 1712 1712 6505 1713 1713 6506 1713 1713 6507 879 879 6508 877 877 6509 879 879 6510 1713 1713 6511 1714 1714 6512 1714 1714 6513 881 881 6514 879 879 6515 881 881 6516 1714 1714 6517 1715 1715 6518 1715 1715 6519 883 883 6520 881 881 6521 883 883 6522 1715 1715 6523 1716 1716 6524 1716 1716 6525 885 885 6526 883 883 6527 885 885 6528 1716 1716 6529 1717 1717 6530 1717 1717 6531 887 887 6532 885 885 6533 887 887 6534 1717 1717 6535 1718 1718 6536 1718 1718 6537 889 889 6538 887 887 6539 889 889 6540 1718 1718 6541 1719 1719 6542 1719 1719 6543 891 891 6544 889 889 6545 891 891 6546 1719 1719 6547 1720 1720 6548 1720 1720 6549 893 893 6550 891 891 6551 893 893 6552 1720 1720 6553 1721 1721 6554 1721 1721 6555 895 895 6556 893 893 6557 895 895 6558 1721 1721 6559 1722 1722 6560 1722 1722 6561 897 897 6562 895 895 6563 897 897 6564 1722 1722 6565 1723 1723 6566 1723 1723 6567 899 899 6568 897 897 6569 899 899 6570 1723 1723 6571 1724 1724 6572 1724 1724 6573 901 901 6574 899 899 6575 901 901 6576 1724 1724 6577 1725 1725 6578 1725 1725 6579 903 903 6580 901 901 6581 903 903 6582 1725 1725 6583 1726 1726 6584 1726 1726 6585 905 905 6586 903 903 6587 905 905 6588 1726 1726 6589 1727 1727 6590 1727 1727 6591 907 907 6592 905 905 6593 907 907 6594 1727 1727 6595 1728 1728 6596 1728 1728 6597 909 909 6598 907 907 6599 909 909 6600 1728 1728 6601 1729 1729 6602 1729 1729 6603 911 911 6604 909 909 6605 911 911 6606 1729 1729 6607 1730 1730 6608 1730 1730 6609 913 913 6610 911 911 6611 913 913 6612 1730 1730 6613 1731 1731 6614 1731 1731 6615 915 915 6616 913 913 6617 915 915 6618 1731 1731 6619 1732 1732 6620 1732 1732 6621 917 917 6622 915 915 6623 917 917 6624 1732 1732 6625 1733 1733 6626 1733 1733 6627 919 919 6628 917 917 6629 919 919 6630 1733 1733 6631 1734 1734 6632 1734 1734 6633 921 921 6634 919 919 6635 921 921 6636 1734 1734 6637 1735 1735 6638 1735 1735 6639 923 923 6640 921 921 6641 923 923 6642 1735 1735 6643 1736 1736 6644 1736 1736 6645 925 925 6646 923 923 6647 925 925 6648 1736 1736 6649 1737 1737 6650 1737 1737 6651 927 927 6652 925 925 6653 927 927 6654 1737 1737 6655 1738 1738 6656 1738 1738 6657 929 929 6658 927 927 6659 929 929 6660 1738 1738 6661 1739 1739 6662 1739 1739 6663 931 931 6664 929 929 6665 931 931 6666 1739 1739 6667 1740 1740 6668 1740 1740 6669 933 933 6670 931 931 6671 933 933 6672 1740 1740 6673 1741 1741 6674 1741 1741 6675 935 935 6676 933 933 6677 935 935 6678 1741 1741 6679 1742 1742 6680 1742 1742 6681 937 937 6682 935 935 6683 937 937 6684 1742 1742 6685 1743 1743 6686 1743 1743 6687 939 939 6688 937 937 6689 939 939 6690 1743 1743 6691 1744 1744 6692 1744 1744 6693 941 941 6694 939 939 6695 941 941 6696 1744 1744 6697 1745 1745 6698 1745 1745 6699 943 943 6700 941 941 6701 943 943 6702 1745 1745 6703 1746 1746 6704 1746 1746 6705 945 945 6706 943 943 6707 945 945 6708 1746 1746 6709 1747 1747 6710 1747 1747 6711 947 947 6712 945 945 6713 947 947 6714 1747 1747 6715 1748 1748 6716 1748 1748 6717 949 949 6718 947 947 6719 949 949 6720 1748 1748 6721 1749 1749 6722 1749 1749 6723 951 951 6724 949 949 6725 951 951 6726 1749 1749 6727 1750 1750 6728 1750 1750 6729 953 953 6730 951 951 6731 953 953 6732 1750 1750 6733 32 32 6734 32 32 6735 15 15 6736 953 953 6737 956 956 6738 1751 1751 6739 1752 1752 6740 1752 1752 6741 957 957 6742 956 956 6743 957 957 6744 1752 1752 6745 1753 1753 6746 1753 1753 6747 959 959 6748 957 957 6749 959 959 6750 1753 1753 6751 1754 1754 6752 1754 1754 6753 961 961 6754 959 959 6755 961 961 6756 1754 1754 6757 1755 1755 6758 1755 1755 6759 963 963 6760 961 961 6761 963 963 6762 1755 1755 6763 1756 1756 6764 1756 1756 6765 965 965 6766 963 963 6767 965 965 6768 1756 1756 6769 1757 1757 6770 1757 1757 6771 967 967 6772 965 965 6773 967 967 6774 1757 1757 6775 1758 1758 6776 1758 1758 6777 969 969 6778 967 967 6779 969 969 6780 1758 1758 6781 1759 1759 6782 1759 1759 6783 971 971 6784 969 969 6785 971 971 6786 1759 1759 6787 1760 1760 6788 1760 1760 6789 973 973 6790 971 971 6791 973 973 6792 1760 1760 6793 1761 1761 6794 1761 1761 6795 975 975 6796 973 973 6797 975 975 6798 1761 1761 6799 1762 1762 6800 1762 1762 6801 977 977 6802 975 975 6803 977 977 6804 1762 1762 6805 1763 1763 6806 1763 1763 6807 979 979 6808 977 977 6809 979 979 6810 1763 1763 6811 1764 1764 6812 1764 1764 6813 981 981 6814 979 979 6815 981 981 6816 1764 1764 6817 1765 1765 6818 1765 1765 6819 983 983 6820 981 981 6821 983 983 6822 1765 1765 6823 1766 1766 6824 1766 1766 6825 985 985 6826 983 983 6827 985 985 6828 1766 1766 6829 1767 1767 6830 1767 1767 6831 987 987 6832 985 985 6833 987 987 6834 1767 1767 6835 1768 1768 6836 1768 1768 6837 989 989 6838 987 987 6839 989 989 6840 1768 1768 6841 1769 1769 6842 1769 1769 6843 991 991 6844 989 989 6845 991 991 6846 1769 1769 6847 1770 1770 6848 1770 1770 6849 993 993 6850 991 991 6851 993 993 6852 1770 1770 6853 1771 1771 6854 1771 1771 6855 995 995 6856 993 993 6857 995 995 6858 1771 1771 6859 1772 1772 6860 1772 1772 6861 997 997 6862 995 995 6863 997 997 6864 1772 1772 6865 1773 1773 6866 1773 1773 6867 999 999 6868 997 997 6869 999 999 6870 1773 1773 6871 1774 1774 6872 1774 1774 6873 1001 1001 6874 999 999 6875 1001 1001 6876 1774 1774 6877 1775 1775 6878 1775 1775 6879 1003 1003 6880 1001 1001 6881 1003 1003 6882 1775 1775 6883 1776 1776 6884 1776 1776 6885 1005 1005 6886 1003 1003 6887 1005 1005 6888 1776 1776 6889 1777 1777 6890 1777 1777 6891 1007 1007 6892 1005 1005 6893 1007 1007 6894 1777 1777 6895 1778 1778 6896 1778 1778 6897 1009 1009 6898 1007 1007 6899 1009 1009 6900 1778 1778 6901 1779 1779 6902 1779 1779 6903 1011 1011 6904 1009 1009 6905 1011 1011 6906 1779 1779 6907 1780 1780 6908 1780 1780 6909 1013 1013 6910 1011 1011 6911 1013 1013 6912 1780 1780 6913 1781 1781 6914 1781 1781 6915 1015 1015 6916 1013 1013 6917 1015 1015 6918 1781 1781 6919 1782 1782 6920 1782 1782 6921 1017 1017 6922 1015 1015 6923 1017 1017 6924 1782 1782 6925 1783 1783 6926 1783 1783 6927 1019 1019 6928 1017 1017 6929 1019 1019 6930 1783 1783 6931 1784 1784 6932 1784 1784 6933 1021 1021 6934 1019 1019 6935 1021 1021 6936 1784 1784 6937 1785 1785 6938 1785 1785 6939 1023 1023 6940 1021 1021 6941 1023 1023 6942 1785 1785 6943 1786 1786 6944 1786 1786 6945 1025 1025 6946 1023 1023 6947 1025 1025 6948 1786 1786 6949 1787 1787 6950 1787 1787 6951 1027 1027 6952 1025 1025 6953 1027 1027 6954 1787 1787 6955 1788 1788 6956 1788 1788 6957 1029 1029 6958 1027 1027 6959 1029 1029 6960 1788 1788 6961 1789 1789 6962 1789 1789 6963 1031 1031 6964 1029 1029 6965 1031 1031 6966 1789 1789 6967 1790 1790 6968 1790 1790 6969 1033 1033 6970 1031 1031 6971 1033 1033 6972 1790 1790 6973 1791 1791 6974 1791 1791 6975 1035 1035 6976 1033 1033 6977 1035 1035 6978 1791 1791 6979 1792 1792 6980 1792 1792 6981 1037 1037 6982 1035 1035 6983 1037 1037 6984 1792 1792 6985 1793 1793 6986 1793 1793 6987 1039 1039 6988 1037 1037 6989 1039 1039 6990 1793 1793 6991 1794 1794 6992 1794 1794 6993 1041 1041 6994 1039 1039 6995 1041 1041 6996 1794 1794 6997 1795 1795 6998 1795 1795 6999 1043 1043 7000 1041 1041 7001 1043 1043 7002 1795 1795 7003 1796 1796 7004 1796 1796 7005 1045 1045 7006 1043 1043 7007 1045 1045 7008 1796 1796 7009 1797 1797 7010 1797 1797 7011 1047 1047 7012 1045 1045 7013 1047 1047 7014 1797 1797 7015 1798 1798 7016 1798 1798 7017 1049 1049 7018 1047 1047 7019 1049 1049 7020 1798 1798 7021 1799 1799 7022 1799 1799 7023 1051 1051 7024 1049 1049 7025 1051 1051 7026 1799 1799 7027 1800 1800 7028 1800 1800 7029 1053 1053 7030 1051 1051 7031 1053 1053 7032 1800 1800 7033 1801 1801 7034 1801 1801 7035 1055 1055 7036 1053 1053 7037 1055 1055 7038 1801 1801 7039 1802 1802 7040 1802 1802 7041 1057 1057 7042 1055 1055 7043 1057 1057 7044 1802 1802 7045 1803 1803 7046 1803 1803 7047 1059 1059 7048 1057 1057 7049 1059 1059 7050 1803 1803 7051 1804 1804 7052 1804 1804 7053 1061 1061 7054 1059 1059 7055 1061 1061 7056 1804 1804 7057 1805 1805 7058 1805 1805 7059 1063 1063 7060 1061 1061 7061 1063 1063 7062 1805 1805 7063 1806 1806 7064 1806 1806 7065 1065 1065 7066 1063 1063 7067 1065 1065 7068 1806 1806 7069 1807 1807 7070 1807 1807 7071 1067 1067 7072 1065 1065 7073 1067 1067 7074 1807 1807 7075 1808 1808 7076 1808 1808 7077 1069 1069 7078 1067 1067 7079 1069 1069 7080 1808 1808 7081 1809 1809 7082 1809 1809 7083 1071 1071 7084 1069 1069 7085 1071 1071 7086 1809 1809 7087 1810 1810 7088 1810 1810 7089 1073 1073 7090 1071 1071 7091 1073 1073 7092 1810 1810 7093 1811 1811 7094 1811 1811 7095 1075 1075 7096 1073 1073 7097 1075 1075 7098 1811 1811 7099 1812 1812 7100 1812 1812 7101 1077 1077 7102 1075 1075 7103 1077 1077 7104 1812 1812 7105 1813 1813 7106 1813 1813 7107 1079 1079 7108 1077 1077 7109 1079 1079 7110 1813 1813 7111 1814 1814 7112 1814 1814 7113 1081 1081 7114 1079 1079 7115 1081 1081 7116 1814 1814 7117 1815 1815 7118 1815 1815 7119 1083 1083 7120 1081 1081 7121 1083 1083 7122 1815 1815 7123 1816 1816 7124 1816 1816 7125 1085 1085 7126 1083 1083 7127 1085 1085 7128 1816 1816 7129 1817 1817 7130 1817 1817 7131 1087 1087 7132 1085 1085 7133 1087 1087 7134 1817 1817 7135 1818 1818 7136 1818 1818 7137 1089 1089 7138 1087 1087 7139 1089 1089 7140 1818 1818 7141 1819 1819 7142 1819 1819 7143 1091 1091 7144 1089 1089 7145 1091 1091 7146 1819 1819 7147 1820 1820 7148 1820 1820 7149 1093 1093 7150 1091 1091 7151 1093 1093 7152 1820 1820 7153 1821 1821 7154 1821 1821 7155 1095 1095 7156 1093 1093 7157 1095 1095 7158 1821 1821 7159 1822 1822 7160 1822 1822 7161 1097 1097 7162 1095 1095 7163 1097 1097 7164 1822 1822 7165 1823 1823 7166 1823 1823 7167 1099 1099 7168 1097 1097 7169 1099 1099 7170 1823 1823 7171 1824 1824 7172 1824 1824 7173 1101 1101 7174 1099 1099 7175 1101 1101 7176 1824 1824 7177 1825 1825 7178 1825 1825 7179 1103 1103 7180 1101 1101 7181 1103 1103 7182 1825 1825 7183 1826 1826 7184 1826 1826 7185 1105 1105 7186 1103 1103 7187 1105 1105 7188 1826 1826 7189 1827 1827 7190 1827 1827 7191 1107 1107 7192 1105 1105 7193 1107 1107 7194 1827 1827 7195 1828 1828 7196 1828 1828 7197 1109 1109 7198 1107 1107 7199 1109 1109 7200 1828 1828 7201 1829 1829 7202 1829 1829 7203 1111 1111 7204 1109 1109 7205 1111 1111 7206 1829 1829 7207 1830 1830 7208 1830 1830 7209 1113 1113 7210 1111 1111 7211 1113 1113 7212 1830 1830 7213 1831 1831 7214 1831 1831 7215 1115 1115 7216 1113 1113 7217 1115 1115 7218 1831 1831 7219 1832 1832 7220 1832 1832 7221 1117 1117 7222 1115 1115 7223 1117 1117 7224 1832 1832 7225 1833 1833 7226 1833 1833 7227 1119 1119 7228 1117 1117 7229 1119 1119 7230 1833 1833 7231 1834 1834 7232 1834 1834 7233 1121 1121 7234 1119 1119 7235 1121 1121 7236 1834 1834 7237 1835 1835 7238 1835 1835 7239 1123 1123 7240 1121 1121 7241 1123 1123 7242 1835 1835 7243 1836 1836 7244 1836 1836 7245 1125 1125 7246 1123 1123 7247 1125 1125 7248 1836 1836 7249 1837 1837 7250 1837 1837 7251 1127 1127 7252 1125 1125 7253 1127 1127 7254 1837 1837 7255 1838 1838 7256 1838 1838 7257 1129 1129 7258 1127 1127 7259 1129 1129 7260 1838 1838 7261 1839 1839 7262 1839 1839 7263 1131 1131 7264 1129 1129 7265 1131 1131 7266 1839 1839 7267 1840 1840 7268 1840 1840 7269 1133 1133 7270 1131 1131 7271 1133 1133 7272 1840 1840 7273 1841 1841 7274 1841 1841 7275 1135 1135 7276 1133 1133 7277 1135 1135 7278 1841 1841 7279 1842 1842 7280 1842 1842 7281 1137 1137 7282 1135 1135 7283 1137 1137 7284 1842 1842 7285 1843 1843 7286 1843 1843 7287 1139 1139 7288 1137 1137 7289 1139 1139 7290 1843 1843 7291 1844 1844 7292 1844 1844 7293 1141 1141 7294 1139 1139 7295 1141 1141 7296 1844 1844 7297 1845 1845 7298 1845 1845 7299 1143 1143 7300 1141 1141 7301 1143 1143 7302 1845 1845 7303 1846 1846 7304 1846 1846 7305 1145 1145 7306 1143 1143 7307 1145 1145 7308 1846 1846 7309 1847 1847 7310 1847 1847 7311 1147 1147 7312 1145 1145 7313 1147 1147 7314 1847 1847 7315 1848 1848 7316 1848 1848 7317 1149 1149 7318 1147 1147 7319 1149 1149 7320 1848 1848 7321 1849 1849 7322 1849 1849 7323 1151 1151 7324 1149 1149 7325 1151 1151 7326 1849 1849 7327 34 34 7328 34 34 7329 19 19 7330 1151 1151 7331 1154 1154 7332 1850 1850 7333 1851 1851 7334 1851 1851 7335 1155 1155 7336 1154 1154 7337 1155 1155 7338 1851 1851 7339 1852 1852 7340 1852 1852 7341 1157 1157 7342 1155 1155 7343 1157 1157 7344 1852 1852 7345 1853 1853 7346 1853 1853 7347 1159 1159 7348 1157 1157 7349 1159 1159 7350 1853 1853 7351 1854 1854 7352 1854 1854 7353 1161 1161 7354 1159 1159 7355 1161 1161 7356 1854 1854 7357 1855 1855 7358 1855 1855 7359 1163 1163 7360 1161 1161 7361 1163 1163 7362 1855 1855 7363 1856 1856 7364 1856 1856 7365 1165 1165 7366 1163 1163 7367 1165 1165 7368 1856 1856 7369 1857 1857 7370 1857 1857 7371 1167 1167 7372 1165 1165 7373 1167 1167 7374 1857 1857 7375 1858 1858 7376 1858 1858 7377 1169 1169 7378 1167 1167 7379 1169 1169 7380 1858 1858 7381 1859 1859 7382 1859 1859 7383 1171 1171 7384 1169 1169 7385 1171 1171 7386 1859 1859 7387 1860 1860 7388 1860 1860 7389 1173 1173 7390 1171 1171 7391 1173 1173 7392 1860 1860 7393 1861 1861 7394 1861 1861 7395 1175 1175 7396 1173 1173 7397 1175 1175 7398 1861 1861 7399 1862 1862 7400 1862 1862 7401 1177 1177 7402 1175 1175 7403 1177 1177 7404 1862 1862 7405 1863 1863 7406 1863 1863 7407 1179 1179 7408 1177 1177 7409 1179 1179 7410 1863 1863 7411 1864 1864 7412 1864 1864 7413 1181 1181 7414 1179 1179 7415 1181 1181 7416 1864 1864 7417 1865 1865 7418 1865 1865 7419 1183 1183 7420 1181 1181 7421 1183 1183 7422 1865 1865 7423 1866 1866 7424 1866 1866 7425 1185 1185 7426 1183 1183 7427 1185 1185 7428 1866 1866 7429 1867 1867 7430 1867 1867 7431 1187 1187 7432 1185 1185 7433 1187 1187 7434 1867 1867 7435 1868 1868 7436 1868 1868 7437 1189 1189 7438 1187 1187 7439 1189 1189 7440 1868 1868 7441 1869 1869 7442 1869 1869 7443 1191 1191 7444 1189 1189 7445 1191 1191 7446 1869 1869 7447 1870 1870 7448 1870 1870 7449 1193 1193 7450 1191 1191 7451 1193 1193 7452 1870 1870 7453 1871 1871 7454 1871 1871 7455 1195 1195 7456 1193 1193 7457 1195 1195 7458 1871 1871 7459 1872 1872 7460 1872 1872 7461 1197 1197 7462 1195 1195 7463 1197 1197 7464 1872 1872 7465 1873 1873 7466 1873 1873 7467 1199 1199 7468 1197 1197 7469 1199 1199 7470 1873 1873 7471 1874 1874 7472 1874 1874 7473 1201 1201 7474 1199 1199 7475 1201 1201 7476 1874 1874 7477 1875 1875 7478 1875 1875 7479 1203 1203 7480 1201 1201 7481 1203 1203 7482 1875 1875 7483 1876 1876 7484 1876 1876 7485 1205 1205 7486 1203 1203 7487 1205 1205 7488 1876 1876 7489 1877 1877 7490 1877 1877 7491 1207 1207 7492 1205 1205 7493 1207 1207 7494 1877 1877 7495 1878 1878 7496 1878 1878 7497 1209 1209 7498 1207 1207 7499 1209 1209 7500 1878 1878 7501 1879 1879 7502 1879 1879 7503 1211 1211 7504 1209 1209 7505 1211 1211 7506 1879 1879 7507 1880 1880 7508 1880 1880 7509 1213 1213 7510 1211 1211 7511 1213 1213 7512 1880 1880 7513 1881 1881 7514 1881 1881 7515 1215 1215 7516 1213 1213 7517 1215 1215 7518 1881 1881 7519 1882 1882 7520 1882 1882 7521 1217 1217 7522 1215 1215 7523 1217 1217 7524 1882 1882 7525 1883 1883 7526 1883 1883 7527 1219 1219 7528 1217 1217 7529 1219 1219 7530 1883 1883 7531 1884 1884 7532 1884 1884 7533 1221 1221 7534 1219 1219 7535 1221 1221 7536 1884 1884 7537 1885 1885 7538 1885 1885 7539 1223 1223 7540 1221 1221 7541 1223 1223 7542 1885 1885 7543 1886 1886 7544 1886 1886 7545 1225 1225 7546 1223 1223 7547 1225 1225 7548 1886 1886 7549 1887 1887 7550 1887 1887 7551 1227 1227 7552 1225 1225 7553 1227 1227 7554 1887 1887 7555 1888 1888 7556 1888 1888 7557 1229 1229 7558 1227 1227 7559 1229 1229 7560 1888 1888 7561 1889 1889 7562 1889 1889 7563 1231 1231 7564 1229 1229 7565 1231 1231 7566 1889 1889 7567 1890 1890 7568 1890 1890 7569 1233 1233 7570 1231 1231 7571 1233 1233 7572 1890 1890 7573 1891 1891 7574 1891 1891 7575 1235 1235 7576 1233 1233 7577 1235 1235 7578 1891 1891 7579 1892 1892 7580 1892 1892 7581 1237 1237 7582 1235 1235 7583 1237 1237 7584 1892 1892 7585 1893 1893 7586 1893 1893 7587 1239 1239 7588 1237 1237 7589 1239 1239 7590 1893 1893 7591 1894 1894 7592 1894 1894 7593 1241 1241 7594 1239 1239 7595 1241 1241 7596 1894 1894 7597 1895 1895 7598 1895 1895 7599 1243 1243 7600 1241 1241 7601 1243 1243 7602 1895 1895 7603 1896 1896 7604 1896 1896 7605 1245 1245 7606 1243 1243 7607 1245 1245 7608 1896 1896 7609 1897 1897 7610 1897 1897 7611 1247 1247 7612 1245 1245 7613 1247 1247 7614 1897 1897 7615 1898 1898 7616 1898 1898 7617 1249 1249 7618 1247 1247 7619 1249 1249 7620 1898 1898 7621 1899 1899 7622 1899 1899 7623 1251 1251 7624 1249 1249 7625 1251 1251 7626 1899 1899 7627 1900 1900 7628 1900 1900 7629 1253 1253 7630 1251 1251 7631 1253 1253 7632 1900 1900 7633 1901 1901 7634 1901 1901 7635 1255 1255 7636 1253 1253 7637 1255 1255 7638 1901 1901 7639 1902 1902 7640 1902 1902 7641 1257 1257 7642 1255 1255 7643 1257 1257 7644 1902 1902 7645 1903 1903 7646 1903 1903 7647 1259 1259 7648 1257 1257 7649 1259 1259 7650 1903 1903 7651 1904 1904 7652 1904 1904 7653 1261 1261 7654 1259 1259 7655 1261 1261 7656 1904 1904 7657 1905 1905 7658 1905 1905 7659 1263 1263 7660 1261 1261 7661 1263 1263 7662 1905 1905 7663 1906 1906 7664 1906 1906 7665 1265 1265 7666 1263 1263 7667 1265 1265 7668 1906 1906 7669 1907 1907 7670 1907 1907 7671 1267 1267 7672 1265 1265 7673 1267 1267 7674 1907 1907 7675 1908 1908 7676 1908 1908 7677 1269 1269 7678 1267 1267 7679 1269 1269 7680 1908 1908 7681 1909 1909 7682 1909 1909 7683 1271 1271 7684 1269 1269 7685 1271 1271 7686 1909 1909 7687 1910 1910 7688 1910 1910 7689 1273 1273 7690 1271 1271 7691 1273 1273 7692 1910 1910 7693 1911 1911 7694 1911 1911 7695 1275 1275 7696 1273 1273 7697 1275 1275 7698 1911 1911 7699 1912 1912 7700 1912 1912 7701 1277 1277 7702 1275 1275 7703 1277 1277 7704 1912 1912 7705 1913 1913 7706 1913 1913 7707 1279 1279 7708 1277 1277 7709 1279 1279 7710 1913 1913 7711 1914 1914 7712 1914 1914 7713 1281 1281 7714 1279 1279 7715 1281 1281 7716 1914 1914 7717 1915 1915 7718 1915 1915 7719 1283 1283 7720 1281 1281 7721 1283 1283 7722 1915 1915 7723 1916 1916 7724 1916 1916 7725 1285 1285 7726 1283 1283 7727 1285 1285 7728 1916 1916 7729 1917 1917 7730 1917 1917 7731 1287 1287 7732 1285 1285 7733 1287 1287 7734 1917 1917 7735 1918 1918 7736 1918 1918 7737 1289 1289 7738 1287 1287 7739 1289 1289 7740 1918 1918 7741 1919 1919 7742 1919 1919 7743 1291 1291 7744 1289 1289 7745 1291 1291 7746 1919 1919 7747 1920 1920 7748 1920 1920 7749 1293 1293 7750 1291 1291 7751 1293 1293 7752 1920 1920 7753 1921 1921 7754 1921 1921 7755 1295 1295 7756 1293 1293 7757 1295 1295 7758 1921 1921 7759 1922 1922 7760 1922 1922 7761 1297 1297 7762 1295 1295 7763 1297 1297 7764 1922 1922 7765 1923 1923 7766 1923 1923 7767 1299 1299 7768 1297 1297 7769 1299 1299 7770 1923 1923 7771 1924 1924 7772 1924 1924 7773 1301 1301 7774 1299 1299 7775 1301 1301 7776 1924 1924 7777 1925 1925 7778 1925 1925 7779 1303 1303 7780 1301 1301 7781 1303 1303 7782 1925 1925 7783 1926 1926 7784 1926 1926 7785 1305 1305 7786 1303 1303 7787 1305 1305 7788 1926 1926 7789 1927 1927 7790 1927 1927 7791 1307 1307 7792 1305 1305 7793 1307 1307 7794 1927 1927 7795 1928 1928 7796 1928 1928 7797 1309 1309 7798 1307 1307 7799 1309 1309 7800 1928 1928 7801 1929 1929 7802 1929 1929 7803 1311 1311 7804 1309 1309 7805 1311 1311 7806 1929 1929 7807 1930 1930 7808 1930 1930 7809 1313 1313 7810 1311 1311 7811 1313 1313 7812 1930 1930 7813 1931 1931 7814 1931 1931 7815 1315 1315 7816 1313 1313 7817 1315 1315 7818 1931 1931 7819 1932 1932 7820 1932 1932 7821 1317 1317 7822 1315 1315 7823 1317 1317 7824 1932 1932 7825 1933 1933 7826 1933 1933 7827 1319 1319 7828 1317 1317 7829 1319 1319 7830 1933 1933 7831 1934 1934 7832 1934 1934 7833 1321 1321 7834 1319 1319 7835 1321 1321 7836 1934 1934 7837 1935 1935 7838 1935 1935 7839 1323 1323 7840 1321 1321 7841 1323 1323 7842 1935 1935 7843 1936 1936 7844 1936 1936 7845 1325 1325 7846 1323 1323 7847 1325 1325 7848 1936 1936 7849 1937 1937 7850 1937 1937 7851 1327 1327 7852 1325 1325 7853 1327 1327 7854 1937 1937 7855 1938 1938 7856 1938 1938 7857 1329 1329 7858 1327 1327 7859 1329 1329 7860 1938 1938 7861 1939 1939 7862 1939 1939 7863 1331 1331 7864 1329 1329 7865 1331 1331 7866 1939 1939 7867 1940 1940 7868 1940 1940 7869 1333 1333 7870 1331 1331 7871 1333 1333 7872 1940 1940 7873 1941 1941 7874 1941 1941 7875 1335 1335 7876 1333 1333 7877 1335 1335 7878 1941 1941 7879 1942 1942 7880 1942 1942 7881 1337 1337 7882 1335 1335 7883 1337 1337 7884 1942 1942 7885 1943 1943 7886 1943 1943 7887 1339 1339 7888 1337 1337 7889 1339 1339 7890 1943 1943 7891 1944 1944 7892 1944 1944 7893 1341 1341 7894 1339 1339 7895 1341 1341 7896 1944 1944 7897 1945 1945 7898 1945 1945 7899 1343 1343 7900 1341 1341 7901 1343 1343 7902 1945 1945 7903 1946 1946 7904 1946 1946 7905 1345 1345 7906 1343 1343 7907 1345 1345 7908 1946 1946 7909 1947 1947 7910 1947 1947 7911 1347 1347 7912 1345 1345 7913 1347 1347 7914 1947 1947 7915 1948 1948 7916 1948 1948 7917 1349 1349 7918 1347 1347 7919 1349 1349 7920 1948 1948 7921 36 36 7922 36 36 7923 23 23 7924 1349 1349 7925 1353 1353 7926 1949 1949 7927 1950 1950 7928 1950 1950 7929 1354 1354 7930 1353 1353 7931 1354 1354 7932 1950 1950 7933 1951 1951 7934 1951 1951 7935 1355 1355 7936 1354 1354 7937 1355 1355 7938 1951 1951 7939 1952 1952 7940 1952 1952 7941 1356 1356 7942 1355 1355 7943 1356 1356 7944 1952 1952 7945 1953 1953 7946 1953 1953 7947 1357 1357 7948 1356 1356 7949 1357 1357 7950 1953 1953 7951 1954 1954 7952 1954 1954 7953 1358 1358 7954 1357 1357 7955 1358 1358 7956 1954 1954 7957 1955 1955 7958 1955 1955 7959 1359 1359 7960 1358 1358 7961 1359 1359 7962 1955 1955 7963 1956 1956 7964 1956 1956 7965 1360 1360 7966 1359 1359 7967 1360 1360 7968 1956 1956 7969 1957 1957 7970 1957 1957 7971 1361 1361 7972 1360 1360 7973 1361 1361 7974 1957 1957 7975 1958 1958 7976 1958 1958 7977 1362 1362 7978 1361 1361 7979 1362 1362 7980 1958 1958 7981 1959 1959 7982 1959 1959 7983 1363 1363 7984 1362 1362 7985 1363 1363 7986 1959 1959 7987 1960 1960 7988 1960 1960 7989 1364 1364 7990 1363 1363 7991 1364 1364 7992 1960 1960 7993 1961 1961 7994 1961 1961 7995 1365 1365 7996 1364 1364 7997 1365 1365 7998 1961 1961 7999 1962 1962 8000 1962 1962 8001 1366 1366 8002 1365 1365 8003 1366 1366 8004 1962 1962 8005 1963 1963 8006 1963 1963 8007 1367 1367 8008 1366 1366 8009 1367 1367 8010 1963 1963 8011 1964 1964 8012 1964 1964 8013 1368 1368 8014 1367 1367 8015 1368 1368 8016 1964 1964 8017 1965 1965 8018 1965 1965 8019 1369 1369 8020 1368 1368 8021 1369 1369 8022 1965 1965 8023 1966 1966 8024 1966 1966 8025 1370 1370 8026 1369 1369 8027 1370 1370 8028 1966 1966 8029 1967 1967 8030 1967 1967 8031 1371 1371 8032 1370 1370 8033 1371 1371 8034 1967 1967 8035 1968 1968 8036 1968 1968 8037 1372 1372 8038 1371 1371 8039 1372 1372 8040 1968 1968 8041 1969 1969 8042 1969 1969 8043 1373 1373 8044 1372 1372 8045 1373 1373 8046 1969 1969 8047 1970 1970 8048 1970 1970 8049 1374 1374 8050 1373 1373 8051 1374 1374 8052 1970 1970 8053 1971 1971 8054 1971 1971 8055 1375 1375 8056 1374 1374 8057 1375 1375 8058 1971 1971 8059 1972 1972 8060 1972 1972 8061 1376 1376 8062 1375 1375 8063 1376 1376 8064 1972 1972 8065 1973 1973 8066 1973 1973 8067 1377 1377 8068 1376 1376 8069 1377 1377 8070 1973 1973 8071 1974 1974 8072 1974 1974 8073 1378 1378 8074 1377 1377 8075 1378 1378 8076 1974 1974 8077 1975 1975 8078 1975 1975 8079 1379 1379 8080 1378 1378 8081 1379 1379 8082 1975 1975 8083 1976 1976 8084 1976 1976 8085 1380 1380 8086 1379 1379 8087 1380 1380 8088 1976 1976 8089 1977 1977 8090 1977 1977 8091 1381 1381 8092 1380 1380 8093 1381 1381 8094 1977 1977 8095 1978 1978 8096 1978 1978 8097 1382 1382 8098 1381 1381 8099 1382 1382 8100 1978 1978 8101 1979 1979 8102 1979 1979 8103 1383 1383 8104 1382 1382 8105 1383 1383 8106 1979 1979 8107 1980 1980 8108 1980 1980 8109 1384 1384 8110 1383 1383 8111 1384 1384 8112 1980 1980 8113 1981 1981 8114 1981 1981 8115 1385 1385 8116 1384 1384 8117 1385 1385 8118 1981 1981 8119 1982 1982 8120 1982 1982 8121 1386 1386 8122 1385 1385 8123 1386 1386 8124 1982 1982 8125 1983 1983 8126 1983 1983 8127 1387 1387 8128 1386 1386 8129 1387 1387 8130 1983 1983 8131 1984 1984 8132 1984 1984 8133 1388 1388 8134 1387 1387 8135 1388 1388 8136 1984 1984 8137 1985 1985 8138 1985 1985 8139 1389 1389 8140 1388 1388 8141 1389 1389 8142 1985 1985 8143 1986 1986 8144 1986 1986 8145 1390 1390 8146 1389 1389 8147 1390 1390 8148 1986 1986 8149 1987 1987 8150 1987 1987 8151 1391 1391 8152 1390 1390 8153 1391 1391 8154 1987 1987 8155 1988 1988 8156 1988 1988 8157 1392 1392 8158 1391 1391 8159 1392 1392 8160 1988 1988 8161 1989 1989 8162 1989 1989 8163 1393 1393 8164 1392 1392 8165 1393 1393 8166 1989 1989 8167 1990 1990 8168 1990 1990 8169 1394 1394 8170 1393 1393 8171 1394 1394 8172 1990 1990 8173 1991 1991 8174 1991 1991 8175 1395 1395 8176 1394 1394 8177 1395 1395 8178 1991 1991 8179 1992 1992 8180 1992 1992 8181 1396 1396 8182 1395 1395 8183 1396 1396 8184 1992 1992 8185 1993 1993 8186 1993 1993 8187 1397 1397 8188 1396 1396 8189 1397 1397 8190 1993 1993 8191 1994 1994 8192 1994 1994 8193 1398 1398 8194 1397 1397 8195 1398 1398 8196 1994 1994 8197 1995 1995 8198 1995 1995 8199 1399 1399 8200 1398 1398 8201 1399 1399 8202 1995 1995 8203 1996 1996 8204 1996 1996 8205 1400 1400 8206 1399 1399 8207 1400 1400 8208 1996 1996 8209 1997 1997 8210 1997 1997 8211 1401 1401 8212 1400 1400 8213 1401 1401 8214 1997 1997 8215 1998 1998 8216 1998 1998 8217 1402 1402 8218 1401 1401 8219 1402 1402 8220 1998 1998 8221 1999 1999 8222 1999 1999 8223 1403 1403 8224 1402 1402 8225 1403 1403 8226 1999 1999 8227 2000 2000 8228 2000 2000 8229 1404 1404 8230 1403 1403 8231 1404 1404 8232 2000 2000 8233 2001 2001 8234 2001 2001 8235 1405 1405 8236 1404 1404 8237 1405 1405 8238 2001 2001 8239 2002 2002 8240 2002 2002 8241 1406 1406 8242 1405 1405 8243 1406 1406 8244 2002 2002 8245 2003 2003 8246 2003 2003 8247 1407 1407 8248 1406 1406 8249 1407 1407 8250 2003 2003 8251 2004 2004 8252 2004 2004 8253 1408 1408 8254 1407 1407 8255 1408 1408 8256 2004 2004 8257 2005 2005 8258 2005 2005 8259 1409 1409 8260 1408 1408 8261 1409 1409 8262 2005 2005 8263 2006 2006 8264 2006 2006 8265 1410 1410 8266 1409 1409 8267 1410 1410 8268 2006 2006 8269 2007 2007 8270 2007 2007 8271 1411 1411 8272 1410 1410 8273 1411 1411 8274 2007 2007 8275 2008 2008 8276 2008 2008 8277 1412 1412 8278 1411 1411 8279 1412 1412 8280 2008 2008 8281 2009 2009 8282 2009 2009 8283 1413 1413 8284 1412 1412 8285 1413 1413 8286 2009 2009 8287 2010 2010 8288 2010 2010 8289 1414 1414 8290 1413 1413 8291 1414 1414 8292 2010 2010 8293 2011 2011 8294 2011 2011 8295 1415 1415 8296 1414 1414 8297 1415 1415 8298 2011 2011 8299 2012 2012 8300 2012 2012 8301 1416 1416 8302 1415 1415 8303 1416 1416 8304 2012 2012 8305 2013 2013 8306 2013 2013 8307 1417 1417 8308 1416 1416 8309 1417 1417 8310 2013 2013 8311 2014 2014 8312 2014 2014 8313 1418 1418 8314 1417 1417 8315 1418 1418 8316 2014 2014 8317 2015 2015 8318 2015 2015 8319 1419 1419 8320 1418 1418 8321 1419 1419 8322 2015 2015 8323 2016 2016 8324 2016 2016 8325 1420 1420 8326 1419 1419 8327 1420 1420 8328 2016 2016 8329 2017 2017 8330 2017 2017 8331 1421 1421 8332 1420 1420 8333 1421 1421 8334 2017 2017 8335 2018 2018 8336 2018 2018 8337 1422 1422 8338 1421 1421 8339 1422 1422 8340 2018 2018 8341 2019 2019 8342 2019 2019 8343 1423 1423 8344 1422 1422 8345 1423 1423 8346 2019 2019 8347 2020 2020 8348 2020 2020 8349 1424 1424 8350 1423 1423 8351 1424 1424 8352 2020 2020 8353 2021 2021 8354 2021 2021 8355 1425 1425 8356 1424 1424 8357 1425 1425 8358 2021 2021 8359 2022 2022 8360 2022 2022 8361 1426 1426 8362 1425 1425 8363 1426 1426 8364 2022 2022 8365 2023 2023 8366 2023 2023 8367 1427 1427 8368 1426 1426 8369 1427 1427 8370 2023 2023 8371 2024 2024 8372 2024 2024 8373 1428 1428 8374 1427 1427 8375 1428 1428 8376 2024 2024 8377 2025 2025 8378 2025 2025 8379 1429 1429 8380 1428 1428 8381 1429 1429 8382 2025 2025 8383 2026 2026 8384 2026 2026 8385 1430 1430 8386 1429 1429 8387 1430 1430 8388 2026 2026 8389 2027 2027 8390 2027 2027 8391 1431 1431 8392 1430 1430 8393 1431 1431 8394 2027 2027 8395 2028 2028 8396 2028 2028 8397 1432 1432 8398 1431 1431 8399 1432 1432 8400 2028 2028 8401 2029 2029 8402 2029 2029 8403 1433 1433 8404 1432 1432 8405 1433 1433 8406 2029 2029 8407 2030 2030 8408 2030 2030 8409 1434 1434 8410 1433 1433 8411 1434 1434 8412 2030 2030 8413 2031 2031 8414 2031 2031 8415 1435 1435 8416 1434 1434 8417 1435 1435 8418 2031 2031 8419 2032 2032 8420 2032 2032 8421 1436 1436 8422 1435 1435 8423 1436 1436 8424 2032 2032 8425 2033 2033 8426 2033 2033 8427 1437 1437 8428 1436 1436 8429 1437 1437 8430 2033 2033 8431 2034 2034 8432 2034 2034 8433 1438 1438 8434 1437 1437 8435 1438 1438 8436 2034 2034 8437 2035 2035 8438 2035 2035 8439 1439 1439 8440 1438 1438 8441 1439 1439 8442 2035 2035 8443 2036 2036 8444 2036 2036 8445 1440 1440 8446 1439 1439 8447 1440 1440 8448 2036 2036 8449 2037 2037 8450 2037 2037 8451 1441 1441 8452 1440 1440 8453 1441 1441 8454 2037 2037 8455 2038 2038 8456 2038 2038 8457 1442 1442 8458 1441 1441 8459 1442 1442 8460 2038 2038 8461 2039 2039 8462 2039 2039 8463 1443 1443 8464 1442 1442 8465 1443 1443 8466 2039 2039 8467 2040 2040 8468 2040 2040 8469 1444 1444 8470 1443 1443 8471 1444 1444 8472 2040 2040 8473 2041 2041 8474 2041 2041 8475 1445 1445 8476 1444 1444 8477 1445 1445 8478 2041 2041 8479 2042 2042 8480 2042 2042 8481 1446 1446 8482 1445 1445 8483 1446 1446 8484 2042 2042 8485 2043 2043 8486 2043 2043 8487 1447 1447 8488 1446 1446 8489 1447 1447 8490 2043 2043 8491 2044 2044 8492 2044 2044 8493 1448 1448 8494 1447 1447 8495 1448 1448 8496 2044 2044 8497 2045 2045 8498 2045 2045 8499 1449 1449 8500 1448 1448 8501 1449 1449 8502 2045 2045 8503 2046 2046 8504 2046 2046 8505 1450 1450 8506 1449 1449 8507 1450 1450 8508 2046 2046 8509 2047 2047 8510 2047 2047 8511 1451 1451 8512 1450 1450 8513 1451 1451 8514 2047 2047 8515 38 38 8516 38 38 8517 26 26 8518 1451 1451 8519 1453 1453 8520 2048 2048 8521 2049 2049 8522 2049 2049 8523 1454 1454 8524 1453 1453 8525 1454 1454 8526 2049 2049 8527 2050 2050 8528 2050 2050 8529 1455 1455 8530 1454 1454 8531 1455 1455 8532 2050 2050 8533 2051 2051 8534 2051 2051 8535 1456 1456 8536 1455 1455 8537 1456 1456 8538 2051 2051 8539 2052 2052 8540 2052 2052 8541 1457 1457 8542 1456 1456 8543 1457 1457 8544 2052 2052 8545 2053 2053 8546 2053 2053 8547 1458 1458 8548 1457 1457 8549 1458 1458 8550 2053 2053 8551 2054 2054 8552 2054 2054 8553 1459 1459 8554 1458 1458 8555 1459 1459 8556 2054 2054 8557 2055 2055 8558 2055 2055 8559 1460 1460 8560 1459 1459 8561 1460 1460 8562 2055 2055 8563 2056 2056 8564 2056 2056 8565 1461 1461 8566 1460 1460 8567 1461 1461 8568 2056 2056 8569 2057 2057 8570 2057 2057 8571 1462 1462 8572 1461 1461 8573 1462 1462 8574 2057 2057 8575 2058 2058 8576 2058 2058 8577 1463 1463 8578 1462 1462 8579 1463 1463 8580 2058 2058 8581 2059 2059 8582 2059 2059 8583 1464 1464 8584 1463 1463 8585 1464 1464 8586 2059 2059 8587 2060 2060 8588 2060 2060 8589 1465 1465 8590 1464 1464 8591 1465 1465 8592 2060 2060 8593 2061 2061 8594 2061 2061 8595 1466 1466 8596 1465 1465 8597 1466 1466 8598 2061 2061 8599 2062 2062 8600 2062 2062 8601 1467 1467 8602 1466 1466 8603 1467 1467 8604 2062 2062 8605 2063 2063 8606 2063 2063 8607 1468 1468 8608 1467 1467 8609 1468 1468 8610 2063 2063 8611 2064 2064 8612 2064 2064 8613 1469 1469 8614 1468 1468 8615 1469 1469 8616 2064 2064 8617 2065 2065 8618 2065 2065 8619 1470 1470 8620 1469 1469 8621 1470 1470 8622 2065 2065 8623 2066 2066 8624 2066 2066 8625 1471 1471 8626 1470 1470 8627 1471 1471 8628 2066 2066 8629 2067 2067 8630 2067 2067 8631 1472 1472 8632 1471 1471 8633 1472 1472 8634 2067 2067 8635 2068 2068 8636 2068 2068 8637 1473 1473 8638 1472 1472 8639 1473 1473 8640 2068 2068 8641 2069 2069 8642 2069 2069 8643 1474 1474 8644 1473 1473 8645 1474 1474 8646 2069 2069 8647 2070 2070 8648 2070 2070 8649 1475 1475 8650 1474 1474 8651 1475 1475 8652 2070 2070 8653 2071 2071 8654 2071 2071 8655 1476 1476 8656 1475 1475 8657 1476 1476 8658 2071 2071 8659 2072 2072 8660 2072 2072 8661 1477 1477 8662 1476 1476 8663 1477 1477 8664 2072 2072 8665 2073 2073 8666 2073 2073 8667 1478 1478 8668 1477 1477 8669 1478 1478 8670 2073 2073 8671 2074 2074 8672 2074 2074 8673 1479 1479 8674 1478 1478 8675 1479 1479 8676 2074 2074 8677 2075 2075 8678 2075 2075 8679 1480 1480 8680 1479 1479 8681 1480 1480 8682 2075 2075 8683 2076 2076 8684 2076 2076 8685 1481 1481 8686 1480 1480 8687 1481 1481 8688 2076 2076 8689 2077 2077 8690 2077 2077 8691 1482 1482 8692 1481 1481 8693 1482 1482 8694 2077 2077 8695 2078 2078 8696 2078 2078 8697 1483 1483 8698 1482 1482 8699 1483 1483 8700 2078 2078 8701 2079 2079 8702 2079 2079 8703 1484 1484 8704 1483 1483 8705 1484 1484 8706 2079 2079 8707 2080 2080 8708 2080 2080 8709 1485 1485 8710 1484 1484 8711 1485 1485 8712 2080 2080 8713 2081 2081 8714 2081 2081 8715 1486 1486 8716 1485 1485 8717 1486 1486 8718 2081 2081 8719 2082 2082 8720 2082 2082 8721 1487 1487 8722 1486 1486 8723 1487 1487 8724 2082 2082 8725 2083 2083 8726 2083 2083 8727 1488 1488 8728 1487 1487 8729 1488 1488 8730 2083 2083 8731 2084 2084 8732 2084 2084 8733 1489 1489 8734 1488 1488 8735 1489 1489 8736 2084 2084 8737 2085 2085 8738 2085 2085 8739 1490 1490 8740 1489 1489 8741 1490 1490 8742 2085 2085 8743 2086 2086 8744 2086 2086 8745 1491 1491 8746 1490 1490 8747 1491 1491 8748 2086 2086 8749 2087 2087 8750 2087 2087 8751 1492 1492 8752 1491 1491 8753 1492 1492 8754 2087 2087 8755 2088 2088 8756 2088 2088 8757 1493 1493 8758 1492 1492 8759 1493 1493 8760 2088 2088 8761 2089 2089 8762 2089 2089 8763 1494 1494 8764 1493 1493 8765 1494 1494 8766 2089 2089 8767 2090 2090 8768 2090 2090 8769 1495 1495 8770 1494 1494 8771 1495 1495 8772 2090 2090 8773 2091 2091 8774 2091 2091 8775 1496 1496 8776 1495 1495 8777 1496 1496 8778 2091 2091 8779 2092 2092 8780 2092 2092 8781 1497 1497 8782 1496 1496 8783 1497 1497 8784 2092 2092 8785 2093 2093 8786 2093 2093 8787 1498 1498 8788 1497 1497 8789 1498 1498 8790 2093 2093 8791 2094 2094 8792 2094 2094 8793 1499 1499 8794 1498 1498 8795 1499 1499 8796 2094 2094 8797 2095 2095 8798 2095 2095 8799 1500 1500 8800 1499 1499 8801 1500 1500 8802 2095 2095 8803 2096 2096 8804 2096 2096 8805 1501 1501 8806 1500 1500 8807 1501 1501 8808 2096 2096 8809 2097 2097 8810 2097 2097 8811 1502 1502 8812 1501 1501 8813 1502 1502 8814 2097 2097 8815 2098 2098 8816 2098 2098 8817 1503 1503 8818 1502 1502 8819 1503 1503 8820 2098 2098 8821 2099 2099 8822 2099 2099 8823 1504 1504 8824 1503 1503 8825 1504 1504 8826 2099 2099 8827 2100 2100 8828 2100 2100 8829 1505 1505 8830 1504 1504 8831 1505 1505 8832 2100 2100 8833 2101 2101 8834 2101 2101 8835 1506 1506 8836 1505 1505 8837 1506 1506 8838 2101 2101 8839 2102 2102 8840 2102 2102 8841 1507 1507 8842 1506 1506 8843 1507 1507 8844 2102 2102 8845 2103 2103 8846 2103 2103 8847 1508 1508 8848 1507 1507 8849 1508 1508 8850 2103 2103 8851 2104 2104 8852 2104 2104 8853 1509 1509 8854 1508 1508 8855 1509 1509 8856 2104 2104 8857 2105 2105 8858 2105 2105 8859 1510 1510 8860 1509 1509 8861 1510 1510 8862 2105 2105 8863 2106 2106 8864 2106 2106 8865 1511 1511 8866 1510 1510 8867 1511 1511 8868 2106 2106 8869 2107 2107 8870 2107 2107 8871 1512 1512 8872 1511 1511 8873 1512 1512 8874 2107 2107 8875 2108 2108 8876 2108 2108 8877 1513 1513 8878 1512 1512 8879 1513 1513 8880 2108 2108 8881 2109 2109 8882 2109 2109 8883 1514 1514 8884 1513 1513 8885 1514 1514 8886 2109 2109 8887 2110 2110 8888 2110 2110 8889 1515 1515 8890 1514 1514 8891 1515 1515 8892 2110 2110 8893 2111 2111 8894 2111 2111 8895 1516 1516 8896 1515 1515 8897 1516 1516 8898 2111 2111 8899 2112 2112 8900 2112 2112 8901 1517 1517 8902 1516 1516 8903 1517 1517 8904 2112 2112 8905 2113 2113 8906 2113 2113 8907 1518 1518 8908 1517 1517 8909 1518 1518 8910 2113 2113 8911 2114 2114 8912 2114 2114 8913 1519 1519 8914 1518 1518 8915 1519 1519 8916 2114 2114 8917 2115 2115 8918 2115 2115 8919 1520 1520 8920 1519 1519 8921 1520 1520 8922 2115 2115 8923 2116 2116 8924 2116 2116 8925 1521 1521 8926 1520 1520 8927 1521 1521 8928 2116 2116 8929 2117 2117 8930 2117 2117 8931 1522 1522 8932 1521 1521 8933 1522 1522 8934 2117 2117 8935 2118 2118 8936 2118 2118 8937 1523 1523 8938 1522 1522 8939 1523 1523 8940 2118 2118 8941 2119 2119 8942 2119 2119 8943 1524 1524 8944 1523 1523 8945 1524 1524 8946 2119 2119 8947 2120 2120 8948 2120 2120 8949 1525 1525 8950 1524 1524 8951 1525 1525 8952 2120 2120 8953 2121 2121 8954 2121 2121 8955 1526 1526 8956 1525 1525 8957 1526 1526 8958 2121 2121 8959 2122 2122 8960 2122 2122 8961 1527 1527 8962 1526 1526 8963 1527 1527 8964 2122 2122 8965 2123 2123 8966 2123 2123 8967 1528 1528 8968 1527 1527 8969 1528 1528 8970 2123 2123 8971 2124 2124 8972 2124 2124 8973 1529 1529 8974 1528 1528 8975 1529 1529 8976 2124 2124 8977 2125 2125 8978 2125 2125 8979 1530 1530 8980 1529 1529 8981 1530 1530 8982 2125 2125 8983 2126 2126 8984 2126 2126 8985 1531 1531 8986 1530 1530 8987 1531 1531 8988 2126 2126 8989 2127 2127 8990 2127 2127 8991 1532 1532 8992 1531 1531 8993 1532 1532 8994 2127 2127 8995 2128 2128 8996 2128 2128 8997 1533 1533 8998 1532 1532 8999 1533 1533 9000 2128 2128 9001 2129 2129 9002 2129 2129 9003 1534 1534 9004 1533 1533 9005 1534 1534 9006 2129 2129 9007 2130 2130 9008 2130 2130 9009 1535 1535 9010 1534 1534 9011 1535 1535 9012 2130 2130 9013 2131 2131 9014 2131 2131 9015 1536 1536 9016 1535 1535 9017 1536 1536 9018 2131 2131 9019 2132 2132 9020 2132 2132 9021 1537 1537 9022 1536 1536 9023 1537 1537 9024 2132 2132 9025 2133 2133 9026 2133 2133 9027 1538 1538 9028 1537 1537 9029 1538 1538 9030 2133 2133 9031 2134 2134 9032 2134 2134 9033 1539 1539 9034 1538 1538 9035 1539 1539 9036 2134 2134 9037 2135 2135 9038 2135 2135 9039 1540 1540 9040 1539 1539 9041 1540 1540 9042 2135 2135 9043 2136 2136 9044 2136 2136 9045 1541 1541 9046 1540 1540 9047 1541 1541 9048 2136 2136 9049 2137 2137 9050 2137 2137 9051 1542 1542 9052 1541 1541 9053 1542 1542 9054 2137 2137 9055 2138 2138 9056 2138 2138 9057 1543 1543 9058 1542 1542 9059 1543 1543 9060 2138 2138 9061 2139 2139 9062 2139 2139 9063 1544 1544 9064 1543 1543 9065 1544 1544 9066 2139 2139 9067 2140 2140 9068 2140 2140 9069 1545 1545 9070 1544 1544 9071 1545 1545 9072 2140 2140 9073 2141 2141 9074 2141 2141 9075 1546 1546 9076 1545 1545 9077 1546 1546 9078 2141 2141 9079 2142 2142 9080 2142 2142 9081 1547 1547 9082 1546 1546 9083 1547 1547 9084 2142 2142 9085 2143 2143 9086 2143 2143 9087 1548 1548 9088 1547 1547 9089 1548 1548 9090 2143 2143 9091 2144 2144 9092 2144 2144 9093 1549 1549 9094 1548 1548 9095 1549 1549 9096 2144 2144 9097 2145 2145 9098 2145 2145 9099 1550 1550 9100 1549 1549 9101 1550 1550 9102 2145 2145 9103 2146 2146 9104 2146 2146 9105 1551 1551 9106 1550 1550 9107 1551 1551 9108 2146 2146 9109 2147 2147 9110 2147 2147 9111 1552 1552 9112 1551 1551 9113 1552 1552 9114 2147 2147 9115 40 40 9116 40 40 9117 28 28 9118 1552 1552 9119 1553 1553 9120 2148 2148 9121 2149 2149 9122 2149 2149 9123 1554 1554 9124 1553 1553 9125 1554 1554 9126 2149 2149 9127 2150 2150 9128 2150 2150 9129 1555 1555 9130 1554 1554 9131 1555 1555 9132 2150 2150 9133 2151 2151 9134 2151 2151 9135 1556 1556 9136 1555 1555 9137 1556 1556 9138 2151 2151 9139 2152 2152 9140 2152 2152 9141 1557 1557 9142 1556 1556 9143 1557 1557 9144 2152 2152 9145 2153 2153 9146 2153 2153 9147 1558 1558 9148 1557 1557 9149 1558 1558 9150 2153 2153 9151 2154 2154 9152 2154 2154 9153 1559 1559 9154 1558 1558 9155 1559 1559 9156 2154 2154 9157 2155 2155 9158 2155 2155 9159 1560 1560 9160 1559 1559 9161 1560 1560 9162 2155 2155 9163 2156 2156 9164 2156 2156 9165 1561 1561 9166 1560 1560 9167 1561 1561 9168 2156 2156 9169 2157 2157 9170 2157 2157 9171 1562 1562 9172 1561 1561 9173 1562 1562 9174 2157 2157 9175 2158 2158 9176 2158 2158 9177 1563 1563 9178 1562 1562 9179 1563 1563 9180 2158 2158 9181 2159 2159 9182 2159 2159 9183 1564 1564 9184 1563 1563 9185 1564 1564 9186 2159 2159 9187 2160 2160 9188 2160 2160 9189 1565 1565 9190 1564 1564 9191 1565 1565 9192 2160 2160 9193 2161 2161 9194 2161 2161 9195 1566 1566 9196 1565 1565 9197 1566 1566 9198 2161 2161 9199 2162 2162 9200 2162 2162 9201 1567 1567 9202 1566 1566 9203 1567 1567 9204 2162 2162 9205 2163 2163 9206 2163 2163 9207 1568 1568 9208 1567 1567 9209 1568 1568 9210 2163 2163 9211 2164 2164 9212 2164 2164 9213 1569 1569 9214 1568 1568 9215 1569 1569 9216 2164 2164 9217 2165 2165 9218 2165 2165 9219 1570 1570 9220 1569 1569 9221 1570 1570 9222 2165 2165 9223 2166 2166 9224 2166 2166 9225 1571 1571 9226 1570 1570 9227 1571 1571 9228 2166 2166 9229 2167 2167 9230 2167 2167 9231 1572 1572 9232 1571 1571 9233 1572 1572 9234 2167 2167 9235 2168 2168 9236 2168 2168 9237 1573 1573 9238 1572 1572 9239 1573 1573 9240 2168 2168 9241 2169 2169 9242 2169 2169 9243 1574 1574 9244 1573 1573 9245 1574 1574 9246 2169 2169 9247 2170 2170 9248 2170 2170 9249 1575 1575 9250 1574 1574 9251 1575 1575 9252 2170 2170 9253 2171 2171 9254 2171 2171 9255 1576 1576 9256 1575 1575 9257 1576 1576 9258 2171 2171 9259 2172 2172 9260 2172 2172 9261 1577 1577 9262 1576 1576 9263 1577 1577 9264 2172 2172 9265 2173 2173 9266 2173 2173 9267 1578 1578 9268 1577 1577 9269 1578 1578 9270 2173 2173 9271 2174 2174 9272 2174 2174 9273 1579 1579 9274 1578 1578 9275 1579 1579 9276 2174 2174 9277 2175 2175 9278 2175 2175 9279 1580 1580 9280 1579 1579 9281 1580 1580 9282 2175 2175 9283 2176 2176 9284 2176 2176 9285 1581 1581 9286 1580 1580 9287 1581 1581 9288 2176 2176 9289 2177 2177 9290 2177 2177 9291 1582 1582 9292 1581 1581 9293 1582 1582 9294 2177 2177 9295 2178 2178 9296 2178 2178 9297 1583 1583 9298 1582 1582 9299 1583 1583 9300 2178 2178 9301 2179 2179 9302 2179 2179 9303 1584 1584 9304 1583 1583 9305 1584 1584 9306 2179 2179 9307 2180 2180 9308 2180 2180 9309 1585 1585 9310 1584 1584 9311 1585 1585 9312 2180 2180 9313 2181 2181 9314 2181 2181 9315 1586 1586 9316 1585 1585 9317 1586 1586 9318 2181 2181 9319 2182 2182 9320 2182 2182 9321 1587 1587 9322 1586 1586 9323 1587 1587 9324 2182 2182 9325 2183 2183 9326 2183 2183 9327 1588 1588 9328 1587 1587 9329 1588 1588 9330 2183 2183 9331 2184 2184 9332 2184 2184 9333 1589 1589 9334 1588 1588 9335 1589 1589 9336 2184 2184 9337 2185 2185 9338 2185 2185 9339 1590 1590 9340 1589 1589 9341 1590 1590 9342 2185 2185 9343 2186 2186 9344 2186 2186 9345 1591 1591 9346 1590 1590 9347 1591 1591 9348 2186 2186 9349 2187 2187 9350 2187 2187 9351 1592 1592 9352 1591 1591 9353 1592 1592 9354 2187 2187 9355 2188 2188 9356 2188 2188 9357 1593 1593 9358 1592 1592 9359 1593 1593 9360 2188 2188 9361 2189 2189 9362 2189 2189 9363 1594 1594 9364 1593 1593 9365 1594 1594 9366 2189 2189 9367 2190 2190 9368 2190 2190 9369 1595 1595 9370 1594 1594 9371 1595 1595 9372 2190 2190 9373 2191 2191 9374 2191 2191 9375 1596 1596 9376 1595 1595 9377 1596 1596 9378 2191 2191 9379 2192 2192 9380 2192 2192 9381 1597 1597 9382 1596 1596 9383 1597 1597 9384 2192 2192 9385 2193 2193 9386 2193 2193 9387 1598 1598 9388 1597 1597 9389 1598 1598 9390 2193 2193 9391 2194 2194 9392 2194 2194 9393 1599 1599 9394 1598 1598 9395 1599 1599 9396 2194 2194 9397 2195 2195 9398 2195 2195 9399 1600 1600 9400 1599 1599 9401 1600 1600 9402 2195 2195 9403 2196 2196 9404 2196 2196 9405 1601 1601 9406 1600 1600 9407 1601 1601 9408 2196 2196 9409 2197 2197 9410 2197 2197 9411 1602 1602 9412 1601 1601 9413 1602 1602 9414 2197 2197 9415 2198 2198 9416 2198 2198 9417 1603 1603 9418 1602 1602 9419 1603 1603 9420 2198 2198 9421 2199 2199 9422 2199 2199 9423 1604 1604 9424 1603 1603 9425 1604 1604 9426 2199 2199 9427 2200 2200 9428 2200 2200 9429 1605 1605 9430 1604 1604 9431 1605 1605 9432 2200 2200 9433 2201 2201 9434 2201 2201 9435 1606 1606 9436 1605 1605 9437 1606 1606 9438 2201 2201 9439 2202 2202 9440 2202 2202 9441 1607 1607 9442 1606 1606 9443 1607 1607 9444 2202 2202 9445 2203 2203 9446 2203 2203 9447 1608 1608 9448 1607 1607 9449 1608 1608 9450 2203 2203 9451 2204 2204 9452 2204 2204 9453 1609 1609 9454 1608 1608 9455 1609 1609 9456 2204 2204 9457 2205 2205 9458 2205 2205 9459 1610 1610 9460 1609 1609 9461 1610 1610 9462 2205 2205 9463 2206 2206 9464 2206 2206 9465 1611 1611 9466 1610 1610 9467 1611 1611 9468 2206 2206 9469 2207 2207 9470 2207 2207 9471 1612 1612 9472 1611 1611 9473 1612 1612 9474 2207 2207 9475 2208 2208 9476 2208 2208 9477 1613 1613 9478 1612 1612 9479 1613 1613 9480 2208 2208 9481 2209 2209 9482 2209 2209 9483 1614 1614 9484 1613 1613 9485 1614 1614 9486 2209 2209 9487 2210 2210 9488 2210 2210 9489 1615 1615 9490 1614 1614 9491 1615 1615 9492 2210 2210 9493 2211 2211 9494 2211 2211 9495 1616 1616 9496 1615 1615 9497 1616 1616 9498 2211 2211 9499 2212 2212 9500 2212 2212 9501 1617 1617 9502 1616 1616 9503 1617 1617 9504 2212 2212 9505 2213 2213 9506 2213 2213 9507 1618 1618 9508 1617 1617 9509 1618 1618 9510 2213 2213 9511 2214 2214 9512 2214 2214 9513 1619 1619 9514 1618 1618 9515 1619 1619 9516 2214 2214 9517 2215 2215 9518 2215 2215 9519 1620 1620 9520 1619 1619 9521 1620 1620 9522 2215 2215 9523 2216 2216 9524 2216 2216 9525 1621 1621 9526 1620 1620 9527 1621 1621 9528 2216 2216 9529 2217 2217 9530 2217 2217 9531 1622 1622 9532 1621 1621 9533 1622 1622 9534 2217 2217 9535 2218 2218 9536 2218 2218 9537 1623 1623 9538 1622 1622 9539 1623 1623 9540 2218 2218 9541 2219 2219 9542 2219 2219 9543 1624 1624 9544 1623 1623 9545 1624 1624 9546 2219 2219 9547 2220 2220 9548 2220 2220 9549 1625 1625 9550 1624 1624 9551 1625 1625 9552 2220 2220 9553 2221 2221 9554 2221 2221 9555 1626 1626 9556 1625 1625 9557 1626 1626 9558 2221 2221 9559 2222 2222 9560 2222 2222 9561 1627 1627 9562 1626 1626 9563 1627 1627 9564 2222 2222 9565 2223 2223 9566 2223 2223 9567 1628 1628 9568 1627 1627 9569 1628 1628 9570 2223 2223 9571 2224 2224 9572 2224 2224 9573 1629 1629 9574 1628 1628 9575 1629 1629 9576 2224 2224 9577 2225 2225 9578 2225 2225 9579 1630 1630 9580 1629 1629 9581 1630 1630 9582 2225 2225 9583 2226 2226 9584 2226 2226 9585 1631 1631 9586 1630 1630 9587 1631 1631 9588 2226 2226 9589 2227 2227 9590 2227 2227 9591 1632 1632 9592 1631 1631 9593 1632 1632 9594 2227 2227 9595 2228 2228 9596 2228 2228 9597 1633 1633 9598 1632 1632 9599 1633 1633 9600 2228 2228 9601 2229 2229 9602 2229 2229 9603 1634 1634 9604 1633 1633 9605 1634 1634 9606 2229 2229 9607 2230 2230 9608 2230 2230 9609 1635 1635 9610 1634 1634 9611 1635 1635 9612 2230 2230 9613 2231 2231 9614 2231 2231 9615 1636 1636 9616 1635 1635 9617 1636 1636 9618 2231 2231 9619 2232 2232 9620 2232 2232 9621 1637 1637 9622 1636 1636 9623 1637 1637 9624 2232 2232 9625 2233 2233 9626 2233 2233 9627 1638 1638 9628 1637 1637 9629 1638 1638 9630 2233 2233 9631 2234 2234 9632 2234 2234 9633 1639 1639 9634 1638 1638 9635 1639 1639 9636 2234 2234 9637 2235 2235 9638 2235 2235 9639 1640 1640 9640 1639 1639 9641 1640 1640 9642 2235 2235 9643 2236 2236 9644 2236 2236 9645 1641 1641 9646 1640 1640 9647 1641 1641 9648 2236 2236 9649 2237 2237 9650 2237 2237 9651 1642 1642 9652 1641 1641 9653 1642 1642 9654 2237 2237 9655 2238 2238 9656 2238 2238 9657 1643 1643 9658 1642 1642 9659 1643 1643 9660 2238 2238 9661 2239 2239 9662 2239 2239 9663 1644 1644 9664 1643 1643 9665 1644 1644 9666 2239 2239 9667 2240 2240 9668 2240 2240 9669 1645 1645 9670 1644 1644 9671 1645 1645 9672 2240 2240 9673 2241 2241 9674 2241 2241 9675 1646 1646 9676 1645 1645 9677 1646 1646 9678 2241 2241 9679 2242 2242 9680 2242 2242 9681 1647 1647 9682 1646 1646 9683 1647 1647 9684 2242 2242 9685 2243 2243 9686 2243 2243 9687 1648 1648 9688 1647 1647 9689 1648 1648 9690 2243 2243 9691 2244 2244 9692 2244 2244 9693 1649 1649 9694 1648 1648 9695 1649 1649 9696 2244 2244 9697 2245 2245 9698 2245 2245 9699 1650 1650 9700 1649 1649 9701 1650 1650 9702 2245 2245 9703 2246 2246 9704 2246 2246 9705 1651 1651 9706 1650 1650 9707 1651 1651 9708 2246 2246 9709 42 42 9710 42 42 9711 30 30 9712 1651 1651 9713 1652 1652 9714 2247 2247 9715 2248 2248 9716 2248 2248 9717 1653 1653 9718 1652 1652 9719 1653 1653 9720 2248 2248 9721 2249 2249 9722 2249 2249 9723 1654 1654 9724 1653 1653 9725 1654 1654 9726 2249 2249 9727 2250 2250 9728 2250 2250 9729 1655 1655 9730 1654 1654 9731 1655 1655 9732 2250 2250 9733 2251 2251 9734 2251 2251 9735 1656 1656 9736 1655 1655 9737 1656 1656 9738 2251 2251 9739 2252 2252 9740 2252 2252 9741 1657 1657 9742 1656 1656 9743 1657 1657 9744 2252 2252 9745 2253 2253 9746 2253 2253 9747 1658 1658 9748 1657 1657 9749 1658 1658 9750 2253 2253 9751 2254 2254 9752 2254 2254 9753 1659 1659 9754 1658 1658 9755 1659 1659 9756 2254 2254 9757 2255 2255 9758 2255 2255 9759 1660 1660 9760 1659 1659 9761 1660 1660 9762 2255 2255 9763 2256 2256 9764 2256 2256 9765 1661 1661 9766 1660 1660 9767 1661 1661 9768 2256 2256 9769 2257 2257 9770 2257 2257 9771 1662 1662 9772 1661 1661 9773 1662 1662 9774 2257 2257 9775 2258 2258 9776 2258 2258 9777 1663 1663 9778 1662 1662 9779 1663 1663 9780 2258 2258 9781 2259 2259 9782 2259 2259 9783 1664 1664 9784 1663 1663 9785 1664 1664 9786 2259 2259 9787 2260 2260 9788 2260 2260 9789 1665 1665 9790 1664 1664 9791 1665 1665 9792 2260 2260 9793 2261 2261 9794 2261 2261 9795 1666 1666 9796 1665 1665 9797 1666 1666 9798 2261 2261 9799 2262 2262 9800 2262 2262 9801 1667 1667 9802 1666 1666 9803 1667 1667 9804 2262 2262 9805 2263 2263 9806 2263 2263 9807 1668 1668 9808 1667 1667 9809 1668 1668 9810 2263 2263 9811 2264 2264 9812 2264 2264 9813 1669 1669 9814 1668 1668 9815 1669 1669 9816 2264 2264 9817 2265 2265 9818 2265 2265 9819 1670 1670 9820 1669 1669 9821 1670 1670 9822 2265 2265 9823 2266 2266 9824 2266 2266 9825 1671 1671 9826 1670 1670 9827 1671 1671 9828 2266 2266 9829 2267 2267 9830 2267 2267 9831 1672 1672 9832 1671 1671 9833 1672 1672 9834 2267 2267 9835 2268 2268 9836 2268 2268 9837 1673 1673 9838 1672 1672 9839 1673 1673 9840 2268 2268 9841 2269 2269 9842 2269 2269 9843 1674 1674 9844 1673 1673 9845 1674 1674 9846 2269 2269 9847 2270 2270 9848 2270 2270 9849 1675 1675 9850 1674 1674 9851 1675 1675 9852 2270 2270 9853 2271 2271 9854 2271 2271 9855 1676 1676 9856 1675 1675 9857 1676 1676 9858 2271 2271 9859 2272 2272 9860 2272 2272 9861 1677 1677 9862 1676 1676 9863 1677 1677 9864 2272 2272 9865 2273 2273 9866 2273 2273 9867 1678 1678 9868 1677 1677 9869 1678 1678 9870 2273 2273 9871 2274 2274 9872 2274 2274 9873 1679 1679 9874 1678 1678 9875 1679 1679 9876 2274 2274 9877 2275 2275 9878 2275 2275 9879 1680 1680 9880 1679 1679 9881 1680 1680 9882 2275 2275 9883 2276 2276 9884 2276 2276 9885 1681 1681 9886 1680 1680 9887 1681 1681 9888 2276 2276 9889 2277 2277 9890 2277 2277 9891 1682 1682 9892 1681 1681 9893 1682 1682 9894 2277 2277 9895 2278 2278 9896 2278 2278 9897 1683 1683 9898 1682 1682 9899 1683 1683 9900 2278 2278 9901 2279 2279 9902 2279 2279 9903 1684 1684 9904 1683 1683 9905 1684 1684 9906 2279 2279 9907 2280 2280 9908 2280 2280 9909 1685 1685 9910 1684 1684 9911 1685 1685 9912 2280 2280 9913 2281 2281 9914 2281 2281 9915 1686 1686 9916 1685 1685 9917 1686 1686 9918 2281 2281 9919 2282 2282 9920 2282 2282 9921 1687 1687 9922 1686 1686 9923 1687 1687 9924 2282 2282 9925 2283 2283 9926 2283 2283 9927 1688 1688 9928 1687 1687 9929 1688 1688 9930 2283 2283 9931 2284 2284 9932 2284 2284 9933 1689 1689 9934 1688 1688 9935 1689 1689 9936 2284 2284 9937 2285 2285 9938 2285 2285 9939 1690 1690 9940 1689 1689 9941 1690 1690 9942 2285 2285 9943 2286 2286 9944 2286 2286 9945 1691 1691 9946 1690 1690 9947 1691 1691 9948 2286 2286 9949 2287 2287 9950 2287 2287 9951 1692 1692 9952 1691 1691 9953 1692 1692 9954 2287 2287 9955 2288 2288 9956 2288 2288 9957 1693 1693 9958 1692 1692 9959 1693 1693 9960 2288 2288 9961 2289 2289 9962 2289 2289 9963 1694 1694 9964 1693 1693 9965 1694 1694 9966 2289 2289 9967 2290 2290 9968 2290 2290 9969 1695 1695 9970 1694 1694 9971 1695 1695 9972 2290 2290 9973 2291 2291 9974 2291 2291 9975 1696 1696 9976 1695 1695 9977 1696 1696 9978 2291 2291 9979 2292 2292 9980 2292 2292 9981 1697 1697 9982 1696 1696 9983 1697 1697 9984 2292 2292 9985 2293 2293 9986 2293 2293 9987 1698 1698 9988 1697 1697 9989 1698 1698 9990 2293 2293 9991 2294 2294 9992 2294 2294 9993 1699 1699 9994 1698 1698 9995 1699 1699 9996 2294 2294 9997 2295 2295 9998 2295 2295 9999 1700 1700 10000 1699 1699 10001 1700 1700 10002 2295 2295 10003 2296 2296 10004 2296 2296 10005 1701 1701 10006 1700 1700 10007 1701 1701 10008 2296 2296 10009 2297 2297 10010 2297 2297 10011 1702 1702 10012 1701 1701 10013 1702 1702 10014 2297 2297 10015 2298 2298 10016 2298 2298 10017 1703 1703 10018 1702 1702 10019 1703 1703 10020 2298 2298 10021 2299 2299 10022 2299 2299 10023 1704 1704 10024 1703 1703 10025 1704 1704 10026 2299 2299 10027 2300 2300 10028 2300 2300 10029 1705 1705 10030 1704 1704 10031 1705 1705 10032 2300 2300 10033 2301 2301 10034 2301 2301 10035 1706 1706 10036 1705 1705 10037 1706 1706 10038 2301 2301 10039 2302 2302 10040 2302 2302 10041 1707 1707 10042 1706 1706 10043 1707 1707 10044 2302 2302 10045 2303 2303 10046 2303 2303 10047 1708 1708 10048 1707 1707 10049 1708 1708 10050 2303 2303 10051 2304 2304 10052 2304 2304 10053 1709 1709 10054 1708 1708 10055 1709 1709 10056 2304 2304 10057 2305 2305 10058 2305 2305 10059 1710 1710 10060 1709 1709 10061 1710 1710 10062 2305 2305 10063 2306 2306 10064 2306 2306 10065 1711 1711 10066 1710 1710 10067 1711 1711 10068 2306 2306 10069 2307 2307 10070 2307 2307 10071 1712 1712 10072 1711 1711 10073 1712 1712 10074 2307 2307 10075 2308 2308 10076 2308 2308 10077 1713 1713 10078 1712 1712 10079 1713 1713 10080 2308 2308 10081 2309 2309 10082 2309 2309 10083 1714 1714 10084 1713 1713 10085 1714 1714 10086 2309 2309 10087 2310 2310 10088 2310 2310 10089 1715 1715 10090 1714 1714 10091 1715 1715 10092 2310 2310 10093 2311 2311 10094 2311 2311 10095 1716 1716 10096 1715 1715 10097 1716 1716 10098 2311 2311 10099 2312 2312 10100 2312 2312 10101 1717 1717 10102 1716 1716 10103 1717 1717 10104 2312 2312 10105 2313 2313 10106 2313 2313 10107 1718 1718 10108 1717 1717 10109 1718 1718 10110 2313 2313 10111 2314 2314 10112 2314 2314 10113 1719 1719 10114 1718 1718 10115 1719 1719 10116 2314 2314 10117 2315 2315 10118 2315 2315 10119 1720 1720 10120 1719 1719 10121 1720 1720 10122 2315 2315 10123 2316 2316 10124 2316 2316 10125 1721 1721 10126 1720 1720 10127 1721 1721 10128 2316 2316 10129 2317 2317 10130 2317 2317 10131 1722 1722 10132 1721 1721 10133 1722 1722 10134 2317 2317 10135 2318 2318 10136 2318 2318 10137 1723 1723 10138 1722 1722 10139 1723 1723 10140 2318 2318 10141 2319 2319 10142 2319 2319 10143 1724 1724 10144 1723 1723 10145 1724 1724 10146 2319 2319 10147 2320 2320 10148 2320 2320 10149 1725 1725 10150 1724 1724 10151 1725 1725 10152 2320 2320 10153 2321 2321 10154 2321 2321 10155 1726 1726 10156 1725 1725 10157 1726 1726 10158 2321 2321 10159 2322 2322 10160 2322 2322 10161 1727 1727 10162 1726 1726 10163 1727 1727 10164 2322 2322 10165 2323 2323 10166 2323 2323 10167 1728 1728 10168 1727 1727 10169 1728 1728 10170 2323 2323 10171 2324 2324 10172 2324 2324 10173 1729 1729 10174 1728 1728 10175 1729 1729 10176 2324 2324 10177 2325 2325 10178 2325 2325 10179 1730 1730 10180 1729 1729 10181 1730 1730 10182 2325 2325 10183 2326 2326 10184 2326 2326 10185 1731 1731 10186 1730 1730 10187 1731 1731 10188 2326 2326 10189 2327 2327 10190 2327 2327 10191 1732 1732 10192 1731 1731 10193 1732 1732 10194 2327 2327 10195 2328 2328 10196 2328 2328 10197 1733 1733 10198 1732 1732 10199 1733 1733 10200 2328 2328 10201 2329 2329 10202 2329 2329 10203 1734 1734 10204 1733 1733 10205 1734 1734 10206 2329 2329 10207 2330 2330 10208 2330 2330 10209 1735 1735 10210 1734 1734 10211 1735 1735 10212 2330 2330 10213 2331 2331 10214 2331 2331 10215 1736 1736 10216 1735 1735 10217 1736 1736 10218 2331 2331 10219 2332 2332 10220 2332 2332 10221 1737 1737 10222 1736 1736 10223 1737 1737 10224 2332 2332 10225 2333 2333 10226 2333 2333 10227 1738 1738 10228 1737 1737 10229 1738 1738 10230 2333 2333 10231 2334 2334 10232 2334 2334 10233 1739 1739 10234 1738 1738 10235 1739 1739 10236 2334 2334 10237 2335 2335 10238 2335 2335 10239 1740 1740 10240 1739 1739 10241 1740 1740 10242 2335 2335 10243 2336 2336 10244 2336 2336 10245 1741 1741 10246 1740 1740 10247 1741 1741 10248 2336 2336 10249 2337 2337 10250 2337 2337 10251 1742 1742 10252 1741 1741 10253 1742 1742 10254 2337 2337 10255 2338 2338 10256 2338 2338 10257 1743 1743 10258 1742 1742 10259 1743 1743 10260 2338 2338 10261 2339 2339 10262 2339 2339 10263 1744 1744 10264 1743 1743 10265 1744 1744 10266 2339 2339 10267 2340 2340 10268 2340 2340 10269 1745 1745 10270 1744 1744 10271 1745 1745 10272 2340 2340 10273 2341 2341 10274 2341 2341 10275 1746 1746 10276 1745 1745 10277 1746 1746 10278 2341 2341 10279 2342 2342 10280 2342 2342 10281 1747 1747 10282 1746 1746 10283 1747 1747 10284 2342 2342 10285 2343 2343 10286 2343 2343 10287 1748 1748 10288 1747 1747 10289 1748 1748 10290 2343 2343 10291 2344 2344 10292 2344 2344 10293 1749 1749 10294 1748 1748 10295 1749 1749 10296 2344 2344 10297 2345 2345 10298 2345 2345 10299 1750 1750 10300 1749 1749 10301 1750 1750 10302 2345 2345 10303 44 44 10304 44 44 10305 32 32 10306 1750 1750 10307 1751 1751 10308 2346 2346 10309 2347 2347 10310 2347 2347 10311 1752 1752 10312 1751 1751 10313 1752 1752 10314 2347 2347 10315 2348 2348 10316 2348 2348 10317 1753 1753 10318 1752 1752 10319 1753 1753 10320 2348 2348 10321 2349 2349 10322 2349 2349 10323 1754 1754 10324 1753 1753 10325 1754 1754 10326 2349 2349 10327 2350 2350 10328 2350 2350 10329 1755 1755 10330 1754 1754 10331 1755 1755 10332 2350 2350 10333 2351 2351 10334 2351 2351 10335 1756 1756 10336 1755 1755 10337 1756 1756 10338 2351 2351 10339 2352 2352 10340 2352 2352 10341 1757 1757 10342 1756 1756 10343 1757 1757 10344 2352 2352 10345 2353 2353 10346 2353 2353 10347 1758 1758 10348 1757 1757 10349 1758 1758 10350 2353 2353 10351 2354 2354 10352 2354 2354 10353 1759 1759 10354 1758 1758 10355 1759 1759 10356 2354 2354 10357 2355 2355 10358 2355 2355 10359 1760 1760 10360 1759 1759 10361 1760 1760 10362 2355 2355 10363 2356 2356 10364 2356 2356 10365 1761 1761 10366 1760 1760 10367 1761 1761 10368 2356 2356 10369 2357 2357 10370 2357 2357 10371 1762 1762 10372 1761 1761 10373 1762 1762 10374 2357 2357 10375 2358 2358 10376 2358 2358 10377 1763 1763 10378 1762 1762 10379 1763 1763 10380 2358 2358 10381 2359 2359 10382 2359 2359 10383 1764 1764 10384 1763 1763 10385 1764 1764 10386 2359 2359 10387 2360 2360 10388 2360 2360 10389 1765 1765 10390 1764 1764 10391 1765 1765 10392 2360 2360 10393 2361 2361 10394 2361 2361 10395 1766 1766 10396 1765 1765 10397 1766 1766 10398 2361 2361 10399 2362 2362 10400 2362 2362 10401 1767 1767 10402 1766 1766 10403 1767 1767 10404 2362 2362 10405 2363 2363 10406 2363 2363 10407 1768 1768 10408 1767 1767 10409 1768 1768 10410 2363 2363 10411 2364 2364 10412 2364 2364 10413 1769 1769 10414 1768 1768 10415 1769 1769 10416 2364 2364 10417 2365 2365 10418 2365 2365 10419 1770 1770 10420 1769 1769 10421 1770 1770 10422 2365 2365 10423 2366 2366 10424 2366 2366 10425 1771 1771 10426 1770 1770 10427 1771 1771 10428 2366 2366 10429 2367 2367 10430 2367 2367 10431 1772 1772 10432 1771 1771 10433 1772 1772 10434 2367 2367 10435 2368 2368 10436 2368 2368 10437 1773 1773 10438 1772 1772 10439 1773 1773 10440 2368 2368 10441 2369 2369 10442 2369 2369 10443 1774 1774 10444 1773 1773 10445 1774 1774 10446 2369 2369 10447 2370 2370 10448 2370 2370 10449 1775 1775 10450 1774 1774 10451 1775 1775 10452 2370 2370 10453 2371 2371 10454 2371 2371 10455 1776 1776 10456 1775 1775 10457 1776 1776 10458 2371 2371 10459 2372 2372 10460 2372 2372 10461 1777 1777 10462 1776 1776 10463 1777 1777 10464 2372 2372 10465 2373 2373 10466 2373 2373 10467 1778 1778 10468 1777 1777 10469 1778 1778 10470 2373 2373 10471 2374 2374 10472 2374 2374 10473 1779 1779 10474 1778 1778 10475 1779 1779 10476 2374 2374 10477 2375 2375 10478 2375 2375 10479 1780 1780 10480 1779 1779 10481 1780 1780 10482 2375 2375 10483 2376 2376 10484 2376 2376 10485 1781 1781 10486 1780 1780 10487 1781 1781 10488 2376 2376 10489 2377 2377 10490 2377 2377 10491 1782 1782 10492 1781 1781 10493 1782 1782 10494 2377 2377 10495 2378 2378 10496 2378 2378 10497 1783 1783 10498 1782 1782 10499 1783 1783 10500 2378 2378 10501 2379 2379 10502 2379 2379 10503 1784 1784 10504 1783 1783 10505 1784 1784 10506 2379 2379 10507 2380 2380 10508 2380 2380 10509 1785 1785 10510 1784 1784 10511 1785 1785 10512 2380 2380 10513 2381 2381 10514 2381 2381 10515 1786 1786 10516 1785 1785 10517 1786 1786 10518 2381 2381 10519 2382 2382 10520 2382 2382 10521 1787 1787 10522 1786 1786 10523 1787 1787 10524 2382 2382 10525 2383 2383 10526 2383 2383 10527 1788 1788 10528 1787 1787 10529 1788 1788 10530 2383 2383 10531 2384 2384 10532 2384 2384 10533 1789 1789 10534 1788 1788 10535 1789 1789 10536 2384 2384 10537 2385 2385 10538 2385 2385 10539 1790 1790 10540 1789 1789 10541 1790 1790 10542 2385 2385 10543 2386 2386 10544 2386 2386 10545 1791 1791 10546 1790 1790 10547 1791 1791 10548 2386 2386 10549 2387 2387 10550 2387 2387 10551 1792 1792 10552 1791 1791 10553 1792 1792 10554 2387 2387 10555 2388 2388 10556 2388 2388 10557 1793 1793 10558 1792 1792 10559 1793 1793 10560 2388 2388 10561 2389 2389 10562 2389 2389 10563 1794 1794 10564 1793 1793 10565 1794 1794 10566 2389 2389 10567 2390 2390 10568 2390 2390 10569 1795 1795 10570 1794 1794 10571 1795 1795 10572 2390 2390 10573 2391 2391 10574 2391 2391 10575 1796 1796 10576 1795 1795 10577 1796 1796 10578 2391 2391 10579 2392 2392 10580 2392 2392 10581 1797 1797 10582 1796 1796 10583 1797 1797 10584 2392 2392 10585 2393 2393 10586 2393 2393 10587 1798 1798 10588 1797 1797 10589 1798 1798 10590 2393 2393 10591 2394 2394 10592 2394 2394 10593 1799 1799 10594 1798 1798 10595 1799 1799 10596 2394 2394 10597 2395 2395 10598 2395 2395 10599 1800 1800 10600 1799 1799 10601 1800 1800 10602 2395 2395 10603 2396 2396 10604 2396 2396 10605 1801 1801 10606 1800 1800 10607 1801 1801 10608 2396 2396 10609 2397 2397 10610 2397 2397 10611 1802 1802 10612 1801 1801 10613 1802 1802 10614 2397 2397 10615 2398 2398 10616 2398 2398 10617 1803 1803 10618 1802 1802 10619 1803 1803 10620 2398 2398 10621 2399 2399 10622 2399 2399 10623 1804 1804 10624 1803 1803 10625 1804 1804 10626 2399 2399 10627 2400 2400 10628 2400 2400 10629 1805 1805 10630 1804 1804 10631 1805 1805 10632 2400 2400 10633 2401 2401 10634 2401 2401 10635 1806 1806 10636 1805 1805 10637 1806 1806 10638 2401 2401 10639 2402 2402 10640 2402 2402 10641 1807 1807 10642 1806 1806 10643 1807 1807 10644 2402 2402 10645 2403 2403 10646 2403 2403 10647 1808 1808 10648 1807 1807 10649 1808 1808 10650 2403 2403 10651 2404 2404 10652 2404 2404 10653 1809 1809 10654 1808 1808 10655 1809 1809 10656 2404 2404 10657 2405 2405 10658 2405 2405 10659 1810 1810 10660 1809 1809 10661 1810 1810 10662 2405 2405 10663 2406 2406 10664 2406 2406 10665 1811 1811 10666 1810 1810 10667 1811 1811 10668 2406 2406 10669 2407 2407 10670 2407 2407 10671 1812 1812 10672 1811 1811 10673 1812 1812 10674 2407 2407 10675 2408 2408 10676 2408 2408 10677 1813 1813 10678 1812 1812 10679 1813 1813 10680 2408 2408 10681 2409 2409 10682 2409 2409 10683 1814 1814 10684 1813 1813 10685 1814 1814 10686 2409 2409 10687 2410 2410 10688 2410 2410 10689 1815 1815 10690 1814 1814 10691 1815 1815 10692 2410 2410 10693 2411 2411 10694 2411 2411 10695 1816 1816 10696 1815 1815 10697 1816 1816 10698 2411 2411 10699 2412 2412 10700 2412 2412 10701 1817 1817 10702 1816 1816 10703 1817 1817 10704 2412 2412 10705 2413 2413 10706 2413 2413 10707 1818 1818 10708 1817 1817 10709 1818 1818 10710 2413 2413 10711 2414 2414 10712 2414 2414 10713 1819 1819 10714 1818 1818 10715 1819 1819 10716 2414 2414 10717 2415 2415 10718 2415 2415 10719 1820 1820 10720 1819 1819 10721 1820 1820 10722 2415 2415 10723 2416 2416 10724 2416 2416 10725 1821 1821 10726 1820 1820 10727 1821 1821 10728 2416 2416 10729 2417 2417 10730 2417 2417 10731 1822 1822 10732 1821 1821 10733 1822 1822 10734 2417 2417 10735 2418 2418 10736 2418 2418 10737 1823 1823 10738 1822 1822 10739 1823 1823 10740 2418 2418 10741 2419 2419 10742 2419 2419 10743 1824 1824 10744 1823 1823 10745 1824 1824 10746 2419 2419 10747 2420 2420 10748 2420 2420 10749 1825 1825 10750 1824 1824 10751 1825 1825 10752 2420 2420 10753 2421 2421 10754 2421 2421 10755 1826 1826 10756 1825 1825 10757 1826 1826 10758 2421 2421 10759 2422 2422 10760 2422 2422 10761 1827 1827 10762 1826 1826 10763 1827 1827 10764 2422 2422 10765 2423 2423 10766 2423 2423 10767 1828 1828 10768 1827 1827 10769 1828 1828 10770 2423 2423 10771 2424 2424 10772 2424 2424 10773 1829 1829 10774 1828 1828 10775 1829 1829 10776 2424 2424 10777 2425 2425 10778 2425 2425 10779 1830 1830 10780 1829 1829 10781 1830 1830 10782 2425 2425 10783 2426 2426 10784 2426 2426 10785 1831 1831 10786 1830 1830 10787 1831 1831 10788 2426 2426 10789 2427 2427 10790 2427 2427 10791 1832 1832 10792 1831 1831 10793 1832 1832 10794 2427 2427 10795 2428 2428 10796 2428 2428 10797 1833 1833 10798 1832 1832 10799 1833 1833 10800 2428 2428 10801 2429 2429 10802 2429 2429 10803 1834 1834 10804 1833 1833 10805 1834 1834 10806 2429 2429 10807 2430 2430 10808 2430 2430 10809 1835 1835 10810 1834 1834 10811 1835 1835 10812 2430 2430 10813 2431 2431 10814 2431 2431 10815 1836 1836 10816 1835 1835 10817 1836 1836 10818 2431 2431 10819 2432 2432 10820 2432 2432 10821 1837 1837 10822 1836 1836 10823 1837 1837 10824 2432 2432 10825 2433 2433 10826 2433 2433 10827 1838 1838 10828 1837 1837 10829 1838 1838 10830 2433 2433 10831 2434 2434 10832 2434 2434 10833 1839 1839 10834 1838 1838 10835 1839 1839 10836 2434 2434 10837 2435 2435 10838 2435 2435 10839 1840 1840 10840 1839 1839 10841 1840 1840 10842 2435 2435 10843 2436 2436 10844 2436 2436 10845 1841 1841 10846 1840 1840 10847 1841 1841 10848 2436 2436 10849 2437 2437 10850 2437 2437 10851 1842 1842 10852 1841 1841 10853 1842 1842 10854 2437 2437 10855 2438 2438 10856 2438 2438 10857 1843 1843 10858 1842 1842 10859 1843 1843 10860 2438 2438 10861 2439 2439 10862 2439 2439 10863 1844 1844 10864 1843 1843 10865 1844 1844 10866 2439 2439 10867 2440 2440 10868 2440 2440 10869 1845 1845 10870 1844 1844 10871 1845 1845 10872 2440 2440 10873 2441 2441 10874 2441 2441 10875 1846 1846 10876 1845 1845 10877 1846 1846 10878 2441 2441 10879 2442 2442 10880 2442 2442 10881 1847 1847 10882 1846 1846 10883 1847 1847 10884 2442 2442 10885 2443 2443 10886 2443 2443 10887 1848 1848 10888 1847 1847 10889 1848 1848 10890 2443 2443 10891 2444 2444 10892 2444 2444 10893 1849 1849 10894 1848 1848 10895 1849 1849 10896 2444 2444 10897 46 46 10898 46 46 10899 34 34 10900 1849 1849 10901 1850 1850 10902 2445 2445 10903 2446 2446 10904 2446 2446 10905 1851 1851 10906 1850 1850 10907 1851 1851 10908 2446 2446 10909 2447 2447 10910 2447 2447 10911 1852 1852 10912 1851 1851 10913 1852 1852 10914 2447 2447 10915 2448 2448 10916 2448 2448 10917 1853 1853 10918 1852 1852 10919 1853 1853 10920 2448 2448 10921 2449 2449 10922 2449 2449 10923 1854 1854 10924 1853 1853 10925 1854 1854 10926 2449 2449 10927 2450 2450 10928 2450 2450 10929 1855 1855 10930 1854 1854 10931 1855 1855 10932 2450 2450 10933 2451 2451 10934 2451 2451 10935 1856 1856 10936 1855 1855 10937 1856 1856 10938 2451 2451 10939 2452 2452 10940 2452 2452 10941 1857 1857 10942 1856 1856 10943 1857 1857 10944 2452 2452 10945 2453 2453 10946 2453 2453 10947 1858 1858 10948 1857 1857 10949 1858 1858 10950 2453 2453 10951 2454 2454 10952 2454 2454 10953 1859 1859 10954 1858 1858 10955 1859 1859 10956 2454 2454 10957 2455 2455 10958 2455 2455 10959 1860 1860 10960 1859 1859 10961 1860 1860 10962 2455 2455 10963 2456 2456 10964 2456 2456 10965 1861 1861 10966 1860 1860 10967 1861 1861 10968 2456 2456 10969 2457 2457 10970 2457 2457 10971 1862 1862 10972 1861 1861 10973 1862 1862 10974 2457 2457 10975 2458 2458 10976 2458 2458 10977 1863 1863 10978 1862 1862 10979 1863 1863 10980 2458 2458 10981 2459 2459 10982 2459 2459 10983 1864 1864 10984 1863 1863 10985 1864 1864 10986 2459 2459 10987 2460 2460 10988 2460 2460 10989 1865 1865 10990 1864 1864 10991 1865 1865 10992 2460 2460 10993 2461 2461 10994 2461 2461 10995 1866 1866 10996 1865 1865 10997 1866 1866 10998 2461 2461 10999 2462 2462 11000 2462 2462 11001 1867 1867 11002 1866 1866 11003 1867 1867 11004 2462 2462 11005 2463 2463 11006 2463 2463 11007 1868 1868 11008 1867 1867 11009 1868 1868 11010 2463 2463 11011 2464 2464 11012 2464 2464 11013 1869 1869 11014 1868 1868 11015 1869 1869 11016 2464 2464 11017 2465 2465 11018 2465 2465 11019 1870 1870 11020 1869 1869 11021 1870 1870 11022 2465 2465 11023 2466 2466 11024 2466 2466 11025 1871 1871 11026 1870 1870 11027 1871 1871 11028 2466 2466 11029 2467 2467 11030 2467 2467 11031 1872 1872 11032 1871 1871 11033 1872 1872 11034 2467 2467 11035 2468 2468 11036 2468 2468 11037 1873 1873 11038 1872 1872 11039 1873 1873 11040 2468 2468 11041 2469 2469 11042 2469 2469 11043 1874 1874 11044 1873 1873 11045 1874 1874 11046 2469 2469 11047 2470 2470 11048 2470 2470 11049 1875 1875 11050 1874 1874 11051 1875 1875 11052 2470 2470 11053 2471 2471 11054 2471 2471 11055 1876 1876 11056 1875 1875 11057 1876 1876 11058 2471 2471 11059 2472 2472 11060 2472 2472 11061 1877 1877 11062 1876 1876 11063 1877 1877 11064 2472 2472 11065 2473 2473 11066 2473 2473 11067 1878 1878 11068 1877 1877 11069 1878 1878 11070 2473 2473 11071 2474 2474 11072 2474 2474 11073 1879 1879 11074 1878 1878 11075 1879 1879 11076 2474 2474 11077 2475 2475 11078 2475 2475 11079 1880 1880 11080 1879 1879 11081 1880 1880 11082 2475 2475 11083 2476 2476 11084 2476 2476 11085 1881 1881 11086 1880 1880 11087 1881 1881 11088 2476 2476 11089 2477 2477 11090 2477 2477 11091 1882 1882 11092 1881 1881 11093 1882 1882 11094 2477 2477 11095 2478 2478 11096 2478 2478 11097 1883 1883 11098 1882 1882 11099 1883 1883 11100 2478 2478 11101 2479 2479 11102 2479 2479 11103 1884 1884 11104 1883 1883 11105 1884 1884 11106 2479 2479 11107 2480 2480 11108 2480 2480 11109 1885 1885 11110 1884 1884 11111 1885 1885 11112 2480 2480 11113 2481 2481 11114 2481 2481 11115 1886 1886 11116 1885 1885 11117 1886 1886 11118 2481 2481 11119 2482 2482 11120 2482 2482 11121 1887 1887 11122 1886 1886 11123 1887 1887 11124 2482 2482 11125 2483 2483 11126 2483 2483 11127 1888 1888 11128 1887 1887 11129 1888 1888 11130 2483 2483 11131 2484 2484 11132 2484 2484 11133 1889 1889 11134 1888 1888 11135 1889 1889 11136 2484 2484 11137 2485 2485 11138 2485 2485 11139 1890 1890 11140 1889 1889 11141 1890 1890 11142 2485 2485 11143 2486 2486 11144 2486 2486 11145 1891 1891 11146 1890 1890 11147 1891 1891 11148 2486 2486 11149 2487 2487 11150 2487 2487 11151 1892 1892 11152 1891 1891 11153 1892 1892 11154 2487 2487 11155 2488 2488 11156 2488 2488 11157 1893 1893 11158 1892 1892 11159 1893 1893 11160 2488 2488 11161 2489 2489 11162 2489 2489 11163 1894 1894 11164 1893 1893 11165 1894 1894 11166 2489 2489 11167 2490 2490 11168 2490 2490 11169 1895 1895 11170 1894 1894 11171 1895 1895 11172 2490 2490 11173 2491 2491 11174 2491 2491 11175 1896 1896 11176 1895 1895 11177 1896 1896 11178 2491 2491 11179 2492 2492 11180 2492 2492 11181 1897 1897 11182 1896 1896 11183 1897 1897 11184 2492 2492 11185 2493 2493 11186 2493 2493 11187 1898 1898 11188 1897 1897 11189 1898 1898 11190 2493 2493 11191 2494 2494 11192 2494 2494 11193 1899 1899 11194 1898 1898 11195 1899 1899 11196 2494 2494 11197 2495 2495 11198 2495 2495 11199 1900 1900 11200 1899 1899 11201 1900 1900 11202 2495 2495 11203 2496 2496 11204 2496 2496 11205 1901 1901 11206 1900 1900 11207 1901 1901 11208 2496 2496 11209 2497 2497 11210 2497 2497 11211 1902 1902 11212 1901 1901 11213 1902 1902 11214 2497 2497 11215 2498 2498 11216 2498 2498 11217 1903 1903 11218 1902 1902 11219 1903 1903 11220 2498 2498 11221 2499 2499 11222 2499 2499 11223 1904 1904 11224 1903 1903 11225 1904 1904 11226 2499 2499 11227 2500 2500 11228 2500 2500 11229 1905 1905 11230 1904 1904 11231 1905 1905 11232 2500 2500 11233 2501 2501 11234 2501 2501 11235 1906 1906 11236 1905 1905 11237 1906 1906 11238 2501 2501 11239 2502 2502 11240 2502 2502 11241 1907 1907 11242 1906 1906 11243 1907 1907 11244 2502 2502 11245 2503 2503 11246 2503 2503 11247 1908 1908 11248 1907 1907 11249 1908 1908 11250 2503 2503 11251 2504 2504 11252 2504 2504 11253 1909 1909 11254 1908 1908 11255 1909 1909 11256 2504 2504 11257 2505 2505 11258 2505 2505 11259 1910 1910 11260 1909 1909 11261 1910 1910 11262 2505 2505 11263 2506 2506 11264 2506 2506 11265 1911 1911 11266 1910 1910 11267 1911 1911 11268 2506 2506 11269 2507 2507 11270 2507 2507 11271 1912 1912 11272 1911 1911 11273 1912 1912 11274 2507 2507 11275 2508 2508 11276 2508 2508 11277 1913 1913 11278 1912 1912 11279 1913 1913 11280 2508 2508 11281 2509 2509 11282 2509 2509 11283 1914 1914 11284 1913 1913 11285 1914 1914 11286 2509 2509 11287 2510 2510 11288 2510 2510 11289 1915 1915 11290 1914 1914 11291 1915 1915 11292 2510 2510 11293 2511 2511 11294 2511 2511 11295 1916 1916 11296 1915 1915 11297 1916 1916 11298 2511 2511 11299 2512 2512 11300 2512 2512 11301 1917 1917 11302 1916 1916 11303 1917 1917 11304 2512 2512 11305 2513 2513 11306 2513 2513 11307 1918 1918 11308 1917 1917 11309 1918 1918 11310 2513 2513 11311 2514 2514 11312 2514 2514 11313 1919 1919 11314 1918 1918 11315 1919 1919 11316 2514 2514 11317 2515 2515 11318 2515 2515 11319 1920 1920 11320 1919 1919 11321 1920 1920 11322 2515 2515 11323 2516 2516 11324 2516 2516 11325 1921 1921 11326 1920 1920 11327 1921 1921 11328 2516 2516 11329 2517 2517 11330 2517 2517 11331 1922 1922 11332 1921 1921 11333 1922 1922 11334 2517 2517 11335 2518 2518 11336 2518 2518 11337 1923 1923 11338 1922 1922 11339 1923 1923 11340 2518 2518 11341 2519 2519 11342 2519 2519 11343 1924 1924 11344 1923 1923 11345 1924 1924 11346 2519 2519 11347 2520 2520 11348 2520 2520 11349 1925 1925 11350 1924 1924 11351 1925 1925 11352 2520 2520 11353 2521 2521 11354 2521 2521 11355 1926 1926 11356 1925 1925 11357 1926 1926 11358 2521 2521 11359 2522 2522 11360 2522 2522 11361 1927 1927 11362 1926 1926 11363 1927 1927 11364 2522 2522 11365 2523 2523 11366 2523 2523 11367 1928 1928 11368 1927 1927 11369 1928 1928 11370 2523 2523 11371 2524 2524 11372 2524 2524 11373 1929 1929 11374 1928 1928 11375 1929 1929 11376 2524 2524 11377 2525 2525 11378 2525 2525 11379 1930 1930 11380 1929 1929 11381 1930 1930 11382 2525 2525 11383 2526 2526 11384 2526 2526 11385 1931 1931 11386 1930 1930 11387 1931 1931 11388 2526 2526 11389 2527 2527 11390 2527 2527 11391 1932 1932 11392 1931 1931 11393 1932 1932 11394 2527 2527 11395 2528 2528 11396 2528 2528 11397 1933 1933 11398 1932 1932 11399 1933 1933 11400 2528 2528 11401 2529 2529 11402 2529 2529 11403 1934 1934 11404 1933 1933 11405 1934 1934 11406 2529 2529 11407 2530 2530 11408 2530 2530 11409 1935 1935 11410 1934 1934 11411 1935 1935 11412 2530 2530 11413 2531 2531 11414 2531 2531 11415 1936 1936 11416 1935 1935 11417 1936 1936 11418 2531 2531 11419 2532 2532 11420 2532 2532 11421 1937 1937 11422 1936 1936 11423 1937 1937 11424 2532 2532 11425 2533 2533 11426 2533 2533 11427 1938 1938 11428 1937 1937 11429 1938 1938 11430 2533 2533 11431 2534 2534 11432 2534 2534 11433 1939 1939 11434 1938 1938 11435 1939 1939 11436 2534 2534 11437 2535 2535 11438 2535 2535 11439 1940 1940 11440 1939 1939 11441 1940 1940 11442 2535 2535 11443 2536 2536 11444 2536 2536 11445 1941 1941 11446 1940 1940 11447 1941 1941 11448 2536 2536 11449 2537 2537 11450 2537 2537 11451 1942 1942 11452 1941 1941 11453 1942 1942 11454 2537 2537 11455 2538 2538 11456 2538 2538 11457 1943 1943 11458 1942 1942 11459 1943 1943 11460 2538 2538 11461 2539 2539 11462 2539 2539 11463 1944 1944 11464 1943 1943 11465 1944 1944 11466 2539 2539 11467 2540 2540 11468 2540 2540 11469 1945 1945 11470 1944 1944 11471 1945 1945 11472 2540 2540 11473 2541 2541 11474 2541 2541 11475 1946 1946 11476 1945 1945 11477 1946 1946 11478 2541 2541 11479 2542 2542 11480 2542 2542 11481 1947 1947 11482 1946 1946 11483 1947 1947 11484 2542 2542 11485 2543 2543 11486 2543 2543 11487 1948 1948 11488 1947 1947 11489 1948 1948 11490 2543 2543 11491 48 48 11492 48 48 11493 36 36 11494 1948 1948 11495 1949 1949 11496 2544 2544 11497 2545 2545 11498 2545 2545 11499 1950 1950 11500 1949 1949 11501 1950 1950 11502 2545 2545 11503 2546 2546 11504 2546 2546 11505 1951 1951 11506 1950 1950 11507 1951 1951 11508 2546 2546 11509 2547 2547 11510 2547 2547 11511 1952 1952 11512 1951 1951 11513 1952 1952 11514 2547 2547 11515 2548 2548 11516 2548 2548 11517 1953 1953 11518 1952 1952 11519 1953 1953 11520 2548 2548 11521 2549 2549 11522 2549 2549 11523 1954 1954 11524 1953 1953 11525 1954 1954 11526 2549 2549 11527 2550 2550 11528 2550 2550 11529 1955 1955 11530 1954 1954 11531 1955 1955 11532 2550 2550 11533 2551 2551 11534 2551 2551 11535 1956 1956 11536 1955 1955 11537 1956 1956 11538 2551 2551 11539 2552 2552 11540 2552 2552 11541 1957 1957 11542 1956 1956 11543 1957 1957 11544 2552 2552 11545 2553 2553 11546 2553 2553 11547 1958 1958 11548 1957 1957 11549 1958 1958 11550 2553 2553 11551 2554 2554 11552 2554 2554 11553 1959 1959 11554 1958 1958 11555 1959 1959 11556 2554 2554 11557 2555 2555 11558 2555 2555 11559 1960 1960 11560 1959 1959 11561 1960 1960 11562 2555 2555 11563 2556 2556 11564 2556 2556 11565 1961 1961 11566 1960 1960 11567 1961 1961 11568 2556 2556 11569 2557 2557 11570 2557 2557 11571 1962 1962 11572 1961 1961 11573 1962 1962 11574 2557 2557 11575 2558 2558 11576 2558 2558 11577 1963 1963 11578 1962 1962 11579 1963 1963 11580 2558 2558 11581 2559 2559 11582 2559 2559 11583 1964 1964 11584 1963 1963 11585 1964 1964 11586 2559 2559 11587 2560 2560 11588 2560 2560 11589 1965 1965 11590 1964 1964 11591 1965 1965 11592 2560 2560 11593 2561 2561 11594 2561 2561 11595 1966 1966 11596 1965 1965 11597 1966 1966 11598 2561 2561 11599 2562 2562 11600 2562 2562 11601 1967 1967 11602 1966 1966 11603 1967 1967 11604 2562 2562 11605 2563 2563 11606 2563 2563 11607 1968 1968 11608 1967 1967 11609 1968 1968 11610 2563 2563 11611 2564 2564 11612 2564 2564 11613 1969 1969 11614 1968 1968 11615 1969 1969 11616 2564 2564 11617 2565 2565 11618 2565 2565 11619 1970 1970 11620 1969 1969 11621 1970 1970 11622 2565 2565 11623 2566 2566 11624 2566 2566 11625 1971 1971 11626 1970 1970 11627 1971 1971 11628 2566 2566 11629 2567 2567 11630 2567 2567 11631 1972 1972 11632 1971 1971 11633 1972 1972 11634 2567 2567 11635 2568 2568 11636 2568 2568 11637 1973 1973 11638 1972 1972 11639 1973 1973 11640 2568 2568 11641 2569 2569 11642 2569 2569 11643 1974 1974 11644 1973 1973 11645 1974 1974 11646 2569 2569 11647 2570 2570 11648 2570 2570 11649 1975 1975 11650 1974 1974 11651 1975 1975 11652 2570 2570 11653 2571 2571 11654 2571 2571 11655 1976 1976 11656 1975 1975 11657 1976 1976 11658 2571 2571 11659 2572 2572 11660 2572 2572 11661 1977 1977 11662 1976 1976 11663 1977 1977 11664 2572 2572 11665 2573 2573 11666 2573 2573 11667 1978 1978 11668 1977 1977 11669 1978 1978 11670 2573 2573 11671 2574 2574 11672 2574 2574 11673 1979 1979 11674 1978 1978 11675 1979 1979 11676 2574 2574 11677 2575 2575 11678 2575 2575 11679 1980 1980 11680 1979 1979 11681 1980 1980 11682 2575 2575 11683 2576 2576 11684 2576 2576 11685 1981 1981 11686 1980 1980 11687 1981 1981 11688 2576 2576 11689 2577 2577 11690 2577 2577 11691 1982 1982 11692 1981 1981 11693 1982 1982 11694 2577 2577 11695 2578 2578 11696 2578 2578 11697 1983 1983 11698 1982 1982 11699 1983 1983 11700 2578 2578 11701 2579 2579 11702 2579 2579 11703 1984 1984 11704 1983 1983 11705 1984 1984 11706 2579 2579 11707 2580 2580 11708 2580 2580 11709 1985 1985 11710 1984 1984 11711 1985 1985 11712 2580 2580 11713 2581 2581 11714 2581 2581 11715 1986 1986 11716 1985 1985 11717 1986 1986 11718 2581 2581 11719 2582 2582 11720 2582 2582 11721 1987 1987 11722 1986 1986 11723 1987 1987 11724 2582 2582 11725 2583 2583 11726 2583 2583 11727 1988 1988 11728 1987 1987 11729 1988 1988 11730 2583 2583 11731 2584 2584 11732 2584 2584 11733 1989 1989 11734 1988 1988 11735 1989 1989 11736 2584 2584 11737 2585 2585 11738 2585 2585 11739 1990 1990 11740 1989 1989 11741 1990 1990 11742 2585 2585 11743 2586 2586 11744 2586 2586 11745 1991 1991 11746 1990 1990 11747 1991 1991 11748 2586 2586 11749 2587 2587 11750 2587 2587 11751 1992 1992 11752 1991 1991 11753 1992 1992 11754 2587 2587 11755 2588 2588 11756 2588 2588 11757 1993 1993 11758 1992 1992 11759 1993 1993 11760 2588 2588 11761 2589 2589 11762 2589 2589 11763 1994 1994 11764 1993 1993 11765 1994 1994 11766 2589 2589 11767 2590 2590 11768 2590 2590 11769 1995 1995 11770 1994 1994 11771 1995 1995 11772 2590 2590 11773 2591 2591 11774 2591 2591 11775 1996 1996 11776 1995 1995 11777 1996 1996 11778 2591 2591 11779 2592 2592 11780 2592 2592 11781 1997 1997 11782 1996 1996 11783 1997 1997 11784 2592 2592 11785 2593 2593 11786 2593 2593 11787 1998 1998 11788 1997 1997 11789 1998 1998 11790 2593 2593 11791 2594 2594 11792 2594 2594 11793 1999 1999 11794 1998 1998 11795 1999 1999 11796 2594 2594 11797 2595 2595 11798 2595 2595 11799 2000 2000 11800 1999 1999 11801 2000 2000 11802 2595 2595 11803 2596 2596 11804 2596 2596 11805 2001 2001 11806 2000 2000 11807 2001 2001 11808 2596 2596 11809 2597 2597 11810 2597 2597 11811 2002 2002 11812 2001 2001 11813 2002 2002 11814 2597 2597 11815 2598 2598 11816 2598 2598 11817 2003 2003 11818 2002 2002 11819 2003 2003 11820 2598 2598 11821 2599 2599 11822 2599 2599 11823 2004 2004 11824 2003 2003 11825 2004 2004 11826 2599 2599 11827 2600 2600 11828 2600 2600 11829 2005 2005 11830 2004 2004 11831 2005 2005 11832 2600 2600 11833 2601 2601 11834 2601 2601 11835 2006 2006 11836 2005 2005 11837 2006 2006 11838 2601 2601 11839 2602 2602 11840 2602 2602 11841 2007 2007 11842 2006 2006 11843 2007 2007 11844 2602 2602 11845 2603 2603 11846 2603 2603 11847 2008 2008 11848 2007 2007 11849 2008 2008 11850 2603 2603 11851 2604 2604 11852 2604 2604 11853 2009 2009 11854 2008 2008 11855 2009 2009 11856 2604 2604 11857 2605 2605 11858 2605 2605 11859 2010 2010 11860 2009 2009 11861 2010 2010 11862 2605 2605 11863 2606 2606 11864 2606 2606 11865 2011 2011 11866 2010 2010 11867 2011 2011 11868 2606 2606 11869 2607 2607 11870 2607 2607 11871 2012 2012 11872 2011 2011 11873 2012 2012 11874 2607 2607 11875 2608 2608 11876 2608 2608 11877 2013 2013 11878 2012 2012 11879 2013 2013 11880 2608 2608 11881 2609 2609 11882 2609 2609 11883 2014 2014 11884 2013 2013 11885 2014 2014 11886 2609 2609 11887 2610 2610 11888 2610 2610 11889 2015 2015 11890 2014 2014 11891 2015 2015 11892 2610 2610 11893 2611 2611 11894 2611 2611 11895 2016 2016 11896 2015 2015 11897 2016 2016 11898 2611 2611 11899 2612 2612 11900 2612 2612 11901 2017 2017 11902 2016 2016 11903 2017 2017 11904 2612 2612 11905 2613 2613 11906 2613 2613 11907 2018 2018 11908 2017 2017 11909 2018 2018 11910 2613 2613 11911 2614 2614 11912 2614 2614 11913 2019 2019 11914 2018 2018 11915 2019 2019 11916 2614 2614 11917 2615 2615 11918 2615 2615 11919 2020 2020 11920 2019 2019 11921 2020 2020 11922 2615 2615 11923 2616 2616 11924 2616 2616 11925 2021 2021 11926 2020 2020 11927 2021 2021 11928 2616 2616 11929 2617 2617 11930 2617 2617 11931 2022 2022 11932 2021 2021 11933 2022 2022 11934 2617 2617 11935 2618 2618 11936 2618 2618 11937 2023 2023 11938 2022 2022 11939 2023 2023 11940 2618 2618 11941 2619 2619 11942 2619 2619 11943 2024 2024 11944 2023 2023 11945 2024 2024 11946 2619 2619 11947 2620 2620 11948 2620 2620 11949 2025 2025 11950 2024 2024 11951 2025 2025 11952 2620 2620 11953 2621 2621 11954 2621 2621 11955 2026 2026 11956 2025 2025 11957 2026 2026 11958 2621 2621 11959 2622 2622 11960 2622 2622 11961 2027 2027 11962 2026 2026 11963 2027 2027 11964 2622 2622 11965 2623 2623 11966 2623 2623 11967 2028 2028 11968 2027 2027 11969 2028 2028 11970 2623 2623 11971 2624 2624 11972 2624 2624 11973 2029 2029 11974 2028 2028 11975 2029 2029 11976 2624 2624 11977 2625 2625 11978 2625 2625 11979 2030 2030 11980 2029 2029 11981 2030 2030 11982 2625 2625 11983 2626 2626 11984 2626 2626 11985 2031 2031 11986 2030 2030 11987 2031 2031 11988 2626 2626 11989 2627 2627 11990 2627 2627 11991 2032 2032 11992 2031 2031 11993 2032 2032 11994 2627 2627 11995 2628 2628 11996 2628 2628 11997 2033 2033 11998 2032 2032 11999 2033 2033 12000 2628 2628 12001 2629 2629 12002 2629 2629 12003 2034 2034 12004 2033 2033 12005 2034 2034 12006 2629 2629 12007 2630 2630 12008 2630 2630 12009 2035 2035 12010 2034 2034 12011 2035 2035 12012 2630 2630 12013 2631 2631 12014 2631 2631 12015 2036 2036 12016 2035 2035 12017 2036 2036 12018 2631 2631 12019 2632 2632 12020 2632 2632 12021 2037 2037 12022 2036 2036 12023 2037 2037 12024 2632 2632 12025 2633 2633 12026 2633 2633 12027 2038 2038 12028 2037 2037 12029 2038 2038 12030 2633 2633 12031 2634 2634 12032 2634 2634 12033 2039 2039 12034 2038 2038 12035 2039 2039 12036 2634 2634 12037 2635 2635 12038 2635 2635 12039 2040 2040 12040 2039 2039 12041 2040 2040 12042 2635 2635 12043 2636 2636 12044 2636 2636 12045 2041 2041 12046 2040 2040 12047 2041 2041 12048 2636 2636 12049 2637 2637 12050 2637 2637 12051 2042 2042 12052 2041 2041 12053 2042 2042 12054 2637 2637 12055 2638 2638 12056 2638 2638 12057 2043 2043 12058 2042 2042 12059 2043 2043 12060 2638 2638 12061 2639 2639 12062 2639 2639 12063 2044 2044 12064 2043 2043 12065 2044 2044 12066 2639 2639 12067 2640 2640 12068 2640 2640 12069 2045 2045 12070 2044 2044 12071 2045 2045 12072 2640 2640 12073 2641 2641 12074 2641 2641 12075 2046 2046 12076 2045 2045 12077 2046 2046 12078 2641 2641 12079 2642 2642 12080 2642 2642 12081 2047 2047 12082 2046 2046 12083 2047 2047 12084 2642 2642 12085 50 50 12086 50 50 12087 38 38 12088 2047 2047 12089 2049 2049 12090 2643 2643 12091 2644 2644 12092 2644 2644 12093 2050 2050 12094 2049 2049 12095 2050 2050 12096 2644 2644 12097 2645 2645 12098 2645 2645 12099 2051 2051 12100 2050 2050 12101 2051 2051 12102 2645 2645 12103 2646 2646 12104 2646 2646 12105 2052 2052 12106 2051 2051 12107 2052 2052 12108 2646 2646 12109 2647 2647 12110 2647 2647 12111 2053 2053 12112 2052 2052 12113 2053 2053 12114 2647 2647 12115 2648 2648 12116 2648 2648 12117 2054 2054 12118 2053 2053 12119 2054 2054 12120 2648 2648 12121 2649 2649 12122 2649 2649 12123 2055 2055 12124 2054 2054 12125 2055 2055 12126 2649 2649 12127 2650 2650 12128 2650 2650 12129 2056 2056 12130 2055 2055 12131 2056 2056 12132 2650 2650 12133 2651 2651 12134 2651 2651 12135 2057 2057 12136 2056 2056 12137 2057 2057 12138 2651 2651 12139 2652 2652 12140 2652 2652 12141 2058 2058 12142 2057 2057 12143 2058 2058 12144 2652 2652 12145 2653 2653 12146 2653 2653 12147 2059 2059 12148 2058 2058 12149 2059 2059 12150 2653 2653 12151 2654 2654 12152 2654 2654 12153 2060 2060 12154 2059 2059 12155 2060 2060 12156 2654 2654 12157 2655 2655 12158 2655 2655 12159 2061 2061 12160 2060 2060 12161 2061 2061 12162 2655 2655 12163 2656 2656 12164 2656 2656 12165 2062 2062 12166 2061 2061 12167 2062 2062 12168 2656 2656 12169 2657 2657 12170 2657 2657 12171 2063 2063 12172 2062 2062 12173 2063 2063 12174 2657 2657 12175 2658 2658 12176 2658 2658 12177 2064 2064 12178 2063 2063 12179 2064 2064 12180 2658 2658 12181 2659 2659 12182 2659 2659 12183 2065 2065 12184 2064 2064 12185 2065 2065 12186 2659 2659 12187 2660 2660 12188 2660 2660 12189 2066 2066 12190 2065 2065 12191 2066 2066 12192 2660 2660 12193 2661 2661 12194 2661 2661 12195 2067 2067 12196 2066 2066 12197 2067 2067 12198 2661 2661 12199 2662 2662 12200 2662 2662 12201 2068 2068 12202 2067 2067 12203 2068 2068 12204 2662 2662 12205 2663 2663 12206 2663 2663 12207 2069 2069 12208 2068 2068 12209 2069 2069 12210 2663 2663 12211 2664 2664 12212 2664 2664 12213 2070 2070 12214 2069 2069 12215 2070 2070 12216 2664 2664 12217 2665 2665 12218 2665 2665 12219 2071 2071 12220 2070 2070 12221 2071 2071 12222 2665 2665 12223 2666 2666 12224 2666 2666 12225 2072 2072 12226 2071 2071 12227 2072 2072 12228 2666 2666 12229 2667 2667 12230 2667 2667 12231 2073 2073 12232 2072 2072 12233 2073 2073 12234 2667 2667 12235 2668 2668 12236 2668 2668 12237 2074 2074 12238 2073 2073 12239 2074 2074 12240 2668 2668 12241 2669 2669 12242 2669 2669 12243 2075 2075 12244 2074 2074 12245 2075 2075 12246 2669 2669 12247 2670 2670 12248 2670 2670 12249 2076 2076 12250 2075 2075 12251 2076 2076 12252 2670 2670 12253 2671 2671 12254 2671 2671 12255 2077 2077 12256 2076 2076 12257 2077 2077 12258 2671 2671 12259 2672 2672 12260 2672 2672 12261 2078 2078 12262 2077 2077 12263 2078 2078 12264 2672 2672 12265 2673 2673 12266 2673 2673 12267 2079 2079 12268 2078 2078 12269 2079 2079 12270 2673 2673 12271 2674 2674 12272 2674 2674 12273 2080 2080 12274 2079 2079 12275 2080 2080 12276 2674 2674 12277 2675 2675 12278 2675 2675 12279 2081 2081 12280 2080 2080 12281 2081 2081 12282 2675 2675 12283 2676 2676 12284 2676 2676 12285 2082 2082 12286 2081 2081 12287 2082 2082 12288 2676 2676 12289 2677 2677 12290 2677 2677 12291 2083 2083 12292 2082 2082 12293 2083 2083 12294 2677 2677 12295 2678 2678 12296 2678 2678 12297 2084 2084 12298 2083 2083 12299 2084 2084 12300 2678 2678 12301 2679 2679 12302 2679 2679 12303 2085 2085 12304 2084 2084 12305 2085 2085 12306 2679 2679 12307 2680 2680 12308 2680 2680 12309 2086 2086 12310 2085 2085 12311 2086 2086 12312 2680 2680 12313 2681 2681 12314 2681 2681 12315 2087 2087 12316 2086 2086 12317 2087 2087 12318 2681 2681 12319 2682 2682 12320 2682 2682 12321 2088 2088 12322 2087 2087 12323 2088 2088 12324 2682 2682 12325 2683 2683 12326 2683 2683 12327 2089 2089 12328 2088 2088 12329 2089 2089 12330 2683 2683 12331 2684 2684 12332 2684 2684 12333 2090 2090 12334 2089 2089 12335 2090 2090 12336 2684 2684 12337 2685 2685 12338 2685 2685 12339 2091 2091 12340 2090 2090 12341 2091 2091 12342 2685 2685 12343 2686 2686 12344 2686 2686 12345 2092 2092 12346 2091 2091 12347 2092 2092 12348 2686 2686 12349 2687 2687 12350 2687 2687 12351 2093 2093 12352 2092 2092 12353 2093 2093 12354 2687 2687 12355 2688 2688 12356 2688 2688 12357 2094 2094 12358 2093 2093 12359 2094 2094 12360 2688 2688 12361 2689 2689 12362 2689 2689 12363 2095 2095 12364 2094 2094 12365 2095 2095 12366 2689 2689 12367 2690 2690 12368 2690 2690 12369 2096 2096 12370 2095 2095 12371 2096 2096 12372 2690 2690 12373 2691 2691 12374 2691 2691 12375 2097 2097 12376 2096 2096 12377 2097 2097 12378 2691 2691 12379 2692 2692 12380 2692 2692 12381 2098 2098 12382 2097 2097 12383 2098 2098 12384 2692 2692 12385 2693 2693 12386 2693 2693 12387 2099 2099 12388 2098 2098 12389 2099 2099 12390 2693 2693 12391 2694 2694 12392 2694 2694 12393 2100 2100 12394 2099 2099 12395 2100 2100 12396 2694 2694 12397 2695 2695 12398 2695 2695 12399 2101 2101 12400 2100 2100 12401 2101 2101 12402 2695 2695 12403 2696 2696 12404 2696 2696 12405 2102 2102 12406 2101 2101 12407 2102 2102 12408 2696 2696 12409 2697 2697 12410 2697 2697 12411 2103 2103 12412 2102 2102 12413 2103 2103 12414 2697 2697 12415 2698 2698 12416 2698 2698 12417 2104 2104 12418 2103 2103 12419 2104 2104 12420 2698 2698 12421 2699 2699 12422 2699 2699 12423 2105 2105 12424 2104 2104 12425 2105 2105 12426 2699 2699 12427 2700 2700 12428 2700 2700 12429 2106 2106 12430 2105 2105 12431 2106 2106 12432 2700 2700 12433 2701 2701 12434 2701 2701 12435 2107 2107 12436 2106 2106 12437 2107 2107 12438 2701 2701 12439 2702 2702 12440 2702 2702 12441 2108 2108 12442 2107 2107 12443 2108 2108 12444 2702 2702 12445 2703 2703 12446 2703 2703 12447 2109 2109 12448 2108 2108 12449 2109 2109 12450 2703 2703 12451 2704 2704 12452 2704 2704 12453 2110 2110 12454 2109 2109 12455 2110 2110 12456 2704 2704 12457 2705 2705 12458 2705 2705 12459 2111 2111 12460 2110 2110 12461 2111 2111 12462 2705 2705 12463 2706 2706 12464 2706 2706 12465 2112 2112 12466 2111 2111 12467 2112 2112 12468 2706 2706 12469 2707 2707 12470 2707 2707 12471 2113 2113 12472 2112 2112 12473 2113 2113 12474 2707 2707 12475 2708 2708 12476 2708 2708 12477 2114 2114 12478 2113 2113 12479 2114 2114 12480 2708 2708 12481 2709 2709 12482 2709 2709 12483 2115 2115 12484 2114 2114 12485 2115 2115 12486 2709 2709 12487 2710 2710 12488 2710 2710 12489 2116 2116 12490 2115 2115 12491 2116 2116 12492 2710 2710 12493 2711 2711 12494 2711 2711 12495 2117 2117 12496 2116 2116 12497 2117 2117 12498 2711 2711 12499 2712 2712 12500 2712 2712 12501 2118 2118 12502 2117 2117 12503 2118 2118 12504 2712 2712 12505 2713 2713 12506 2713 2713 12507 2119 2119 12508 2118 2118 12509 2119 2119 12510 2713 2713 12511 2714 2714 12512 2714 2714 12513 2120 2120 12514 2119 2119 12515 2120 2120 12516 2714 2714 12517 2715 2715 12518 2715 2715 12519 2121 2121 12520 2120 2120 12521 2121 2121 12522 2715 2715 12523 2716 2716 12524 2716 2716 12525 2122 2122 12526 2121 2121 12527 2122 2122 12528 2716 2716 12529 2717 2717 12530 2717 2717 12531 2123 2123 12532 2122 2122 12533 2123 2123 12534 2717 2717 12535 2718 2718 12536 2718 2718 12537 2124 2124 12538 2123 2123 12539 2124 2124 12540 2718 2718 12541 2719 2719 12542 2719 2719 12543 2125 2125 12544 2124 2124 12545 2125 2125 12546 2719 2719 12547 2720 2720 12548 2720 2720 12549 2126 2126 12550 2125 2125 12551 2126 2126 12552 2720 2720 12553 2721 2721 12554 2721 2721 12555 2127 2127 12556 2126 2126 12557 2127 2127 12558 2721 2721 12559 2722 2722 12560 2722 2722 12561 2128 2128 12562 2127 2127 12563 2128 2128 12564 2722 2722 12565 2723 2723 12566 2723 2723 12567 2129 2129 12568 2128 2128 12569 2129 2129 12570 2723 2723 12571 2724 2724 12572 2724 2724 12573 2130 2130 12574 2129 2129 12575 2130 2130 12576 2724 2724 12577 2725 2725 12578 2725 2725 12579 2131 2131 12580 2130 2130 12581 2131 2131 12582 2725 2725 12583 2726 2726 12584 2726 2726 12585 2132 2132 12586 2131 2131 12587 2132 2132 12588 2726 2726 12589 2727 2727 12590 2727 2727 12591 2133 2133 12592 2132 2132 12593 2133 2133 12594 2727 2727 12595 2728 2728 12596 2728 2728 12597 2134 2134 12598 2133 2133 12599 2134 2134 12600 2728 2728 12601 2729 2729 12602 2729 2729 12603 2135 2135 12604 2134 2134 12605 2135 2135 12606 2729 2729 12607 2730 2730 12608 2730 2730 12609 2136 2136 12610 2135 2135 12611 2136 2136 12612 2730 2730 12613 2731 2731 12614 2731 2731 12615 2137 2137 12616 2136 2136 12617 2137 2137 12618 2731 2731 12619 2732 2732 12620 2732 2732 12621 2138 2138 12622 2137 2137 12623 2138 2138 12624 2732 2732 12625 2733 2733 12626 2733 2733 12627 2139 2139 12628 2138 2138 12629 2139 2139 12630 2733 2733 12631 2734 2734 12632 2734 2734 12633 2140 2140 12634 2139 2139 12635 2140 2140 12636 2734 2734 12637 2735 2735 12638 2735 2735 12639 2141 2141 12640 2140 2140 12641 2141 2141 12642 2735 2735 12643 2736 2736 12644 2736 2736 12645 2142 2142 12646 2141 2141 12647 2142 2142 12648 2736 2736 12649 2737 2737 12650 2737 2737 12651 2143 2143 12652 2142 2142 12653 2143 2143 12654 2737 2737 12655 2738 2738 12656 2738 2738 12657 2144 2144 12658 2143 2143 12659 2144 2144 12660 2738 2738 12661 2739 2739 12662 2739 2739 12663 2145 2145 12664 2144 2144 12665 2145 2145 12666 2739 2739 12667 2740 2740 12668 2740 2740 12669 2146 2146 12670 2145 2145 12671 2146 2146 12672 2740 2740 12673 2741 2741 12674 2741 2741 12675 2147 2147 12676 2146 2146 12677 2147 2147 12678 2741 2741 12679 52 52 12680 52 52 12681 40 40 12682 2147 2147 12683 2148 2148 12684 2742 2742 12685 2743 2743 12686 2743 2743 12687 2149 2149 12688 2148 2148 12689 2149 2149 12690 2743 2743 12691 2744 2744 12692 2744 2744 12693 2150 2150 12694 2149 2149 12695 2150 2150 12696 2744 2744 12697 2745 2745 12698 2745 2745 12699 2151 2151 12700 2150 2150 12701 2151 2151 12702 2745 2745 12703 2746 2746 12704 2746 2746 12705 2152 2152 12706 2151 2151 12707 2152 2152 12708 2746 2746 12709 2747 2747 12710 2747 2747 12711 2153 2153 12712 2152 2152 12713 2153 2153 12714 2747 2747 12715 2748 2748 12716 2748 2748 12717 2154 2154 12718 2153 2153 12719 2154 2154 12720 2748 2748 12721 2749 2749 12722 2749 2749 12723 2155 2155 12724 2154 2154 12725 2155 2155 12726 2749 2749 12727 2750 2750 12728 2750 2750 12729 2156 2156 12730 2155 2155 12731 2156 2156 12732 2750 2750 12733 2751 2751 12734 2751 2751 12735 2157 2157 12736 2156 2156 12737 2157 2157 12738 2751 2751 12739 2752 2752 12740 2752 2752 12741 2158 2158 12742 2157 2157 12743 2158 2158 12744 2752 2752 12745 2753 2753 12746 2753 2753 12747 2159 2159 12748 2158 2158 12749 2159 2159 12750 2753 2753 12751 2754 2754 12752 2754 2754 12753 2160 2160 12754 2159 2159 12755 2160 2160 12756 2754 2754 12757 2755 2755 12758 2755 2755 12759 2161 2161 12760 2160 2160 12761 2161 2161 12762 2755 2755 12763 2756 2756 12764 2756 2756 12765 2162 2162 12766 2161 2161 12767 2162 2162 12768 2756 2756 12769 2757 2757 12770 2757 2757 12771 2163 2163 12772 2162 2162 12773 2163 2163 12774 2757 2757 12775 2758 2758 12776 2758 2758 12777 2164 2164 12778 2163 2163 12779 2164 2164 12780 2758 2758 12781 2759 2759 12782 2759 2759 12783 2165 2165 12784 2164 2164 12785 2165 2165 12786 2759 2759 12787 2760 2760 12788 2760 2760 12789 2166 2166 12790 2165 2165 12791 2166 2166 12792 2760 2760 12793 2761 2761 12794 2761 2761 12795 2167 2167 12796 2166 2166 12797 2167 2167 12798 2761 2761 12799 2762 2762 12800 2762 2762 12801 2168 2168 12802 2167 2167 12803 2168 2168 12804 2762 2762 12805 2763 2763 12806 2763 2763 12807 2169 2169 12808 2168 2168 12809 2169 2169 12810 2763 2763 12811 2764 2764 12812 2764 2764 12813 2170 2170 12814 2169 2169 12815 2170 2170 12816 2764 2764 12817 2765 2765 12818 2765 2765 12819 2171 2171 12820 2170 2170 12821 2171 2171 12822 2765 2765 12823 2766 2766 12824 2766 2766 12825 2172 2172 12826 2171 2171 12827 2172 2172 12828 2766 2766 12829 2767 2767 12830 2767 2767 12831 2173 2173 12832 2172 2172 12833 2173 2173 12834 2767 2767 12835 2768 2768 12836 2768 2768 12837 2174 2174 12838 2173 2173 12839 2174 2174 12840 2768 2768 12841 2769 2769 12842 2769 2769 12843 2175 2175 12844 2174 2174 12845 2175 2175 12846 2769 2769 12847 2770 2770 12848 2770 2770 12849 2176 2176 12850 2175 2175 12851 2176 2176 12852 2770 2770 12853 2771 2771 12854 2771 2771 12855 2177 2177 12856 2176 2176 12857 2177 2177 12858 2771 2771 12859 2772 2772 12860 2772 2772 12861 2178 2178 12862 2177 2177 12863 2178 2178 12864 2772 2772 12865 2773 2773 12866 2773 2773 12867 2179 2179 12868 2178 2178 12869 2179 2179 12870 2773 2773 12871 2774 2774 12872 2774 2774 12873 2180 2180 12874 2179 2179 12875 2180 2180 12876 2774 2774 12877 2775 2775 12878 2775 2775 12879 2181 2181 12880 2180 2180 12881 2181 2181 12882 2775 2775 12883 2776 2776 12884 2776 2776 12885 2182 2182 12886 2181 2181 12887 2182 2182 12888 2776 2776 12889 2777 2777 12890 2777 2777 12891 2183 2183 12892 2182 2182 12893 2183 2183 12894 2777 2777 12895 2778 2778 12896 2778 2778 12897 2184 2184 12898 2183 2183 12899 2184 2184 12900 2778 2778 12901 2779 2779 12902 2779 2779 12903 2185 2185 12904 2184 2184 12905 2185 2185 12906 2779 2779 12907 2780 2780 12908 2780 2780 12909 2186 2186 12910 2185 2185 12911 2186 2186 12912 2780 2780 12913 2781 2781 12914 2781 2781 12915 2187 2187 12916 2186 2186 12917 2187 2187 12918 2781 2781 12919 2782 2782 12920 2782 2782 12921 2188 2188 12922 2187 2187 12923 2188 2188 12924 2782 2782 12925 2783 2783 12926 2783 2783 12927 2189 2189 12928 2188 2188 12929 2189 2189 12930 2783 2783 12931 2784 2784 12932 2784 2784 12933 2190 2190 12934 2189 2189 12935 2190 2190 12936 2784 2784 12937 2785 2785 12938 2785 2785 12939 2191 2191 12940 2190 2190 12941 2191 2191 12942 2785 2785 12943 2786 2786 12944 2786 2786 12945 2192 2192 12946 2191 2191 12947 2192 2192 12948 2786 2786 12949 2787 2787 12950 2787 2787 12951 2193 2193 12952 2192 2192 12953 2193 2193 12954 2787 2787 12955 2788 2788 12956 2788 2788 12957 2194 2194 12958 2193 2193 12959 2194 2194 12960 2788 2788 12961 2789 2789 12962 2789 2789 12963 2195 2195 12964 2194 2194 12965 2195 2195 12966 2789 2789 12967 2790 2790 12968 2790 2790 12969 2196 2196 12970 2195 2195 12971 2196 2196 12972 2790 2790 12973 2791 2791 12974 2791 2791 12975 2197 2197 12976 2196 2196 12977 2197 2197 12978 2791 2791 12979 2792 2792 12980 2792 2792 12981 2198 2198 12982 2197 2197 12983 2198 2198 12984 2792 2792 12985 2793 2793 12986 2793 2793 12987 2199 2199 12988 2198 2198 12989 2199 2199 12990 2793 2793 12991 2794 2794 12992 2794 2794 12993 2200 2200 12994 2199 2199 12995 2200 2200 12996 2794 2794 12997 2795 2795 12998 2795 2795 12999 2201 2201 13000 2200 2200 13001 2201 2201 13002 2795 2795 13003 2796 2796 13004 2796 2796 13005 2202 2202 13006 2201 2201 13007 2202 2202 13008 2796 2796 13009 2797 2797 13010 2797 2797 13011 2203 2203 13012 2202 2202 13013 2203 2203 13014 2797 2797 13015 2798 2798 13016 2798 2798 13017 2204 2204 13018 2203 2203 13019 2204 2204 13020 2798 2798 13021 2799 2799 13022 2799 2799 13023 2205 2205 13024 2204 2204 13025 2205 2205 13026 2799 2799 13027 2800 2800 13028 2800 2800 13029 2206 2206 13030 2205 2205 13031 2206 2206 13032 2800 2800 13033 2801 2801 13034 2801 2801 13035 2207 2207 13036 2206 2206 13037 2207 2207 13038 2801 2801 13039 2802 2802 13040 2802 2802 13041 2208 2208 13042 2207 2207 13043 2208 2208 13044 2802 2802 13045 2803 2803 13046 2803 2803 13047 2209 2209 13048 2208 2208 13049 2209 2209 13050 2803 2803 13051 2804 2804 13052 2804 2804 13053 2210 2210 13054 2209 2209 13055 2210 2210 13056 2804 2804 13057 2805 2805 13058 2805 2805 13059 2211 2211 13060 2210 2210 13061 2211 2211 13062 2805 2805 13063 2806 2806 13064 2806 2806 13065 2212 2212 13066 2211 2211 13067 2212 2212 13068 2806 2806 13069 2807 2807 13070 2807 2807 13071 2213 2213 13072 2212 2212 13073 2213 2213 13074 2807 2807 13075 2808 2808 13076 2808 2808 13077 2214 2214 13078 2213 2213 13079 2214 2214 13080 2808 2808 13081 2809 2809 13082 2809 2809 13083 2215 2215 13084 2214 2214 13085 2215 2215 13086 2809 2809 13087 2810 2810 13088 2810 2810 13089 2216 2216 13090 2215 2215 13091 2216 2216 13092 2810 2810 13093 2811 2811 13094 2811 2811 13095 2217 2217 13096 2216 2216 13097 2217 2217 13098 2811 2811 13099 2812 2812 13100 2812 2812 13101 2218 2218 13102 2217 2217 13103 2218 2218 13104 2812 2812 13105 2813 2813 13106 2813 2813 13107 2219 2219 13108 2218 2218 13109 2219 2219 13110 2813 2813 13111 2814 2814 13112 2814 2814 13113 2220 2220 13114 2219 2219 13115 2220 2220 13116 2814 2814 13117 2815 2815 13118 2815 2815 13119 2221 2221 13120 2220 2220 13121 2221 2221 13122 2815 2815 13123 2816 2816 13124 2816 2816 13125 2222 2222 13126 2221 2221 13127 2222 2222 13128 2816 2816 13129 2817 2817 13130 2817 2817 13131 2223 2223 13132 2222 2222 13133 2223 2223 13134 2817 2817 13135 2818 2818 13136 2818 2818 13137 2224 2224 13138 2223 2223 13139 2224 2224 13140 2818 2818 13141 2819 2819 13142 2819 2819 13143 2225 2225 13144 2224 2224 13145 2225 2225 13146 2819 2819 13147 2820 2820 13148 2820 2820 13149 2226 2226 13150 2225 2225 13151 2226 2226 13152 2820 2820 13153 2821 2821 13154 2821 2821 13155 2227 2227 13156 2226 2226 13157 2227 2227 13158 2821 2821 13159 2822 2822 13160 2822 2822 13161 2228 2228 13162 2227 2227 13163 2228 2228 13164 2822 2822 13165 2823 2823 13166 2823 2823 13167 2229 2229 13168 2228 2228 13169 2229 2229 13170 2823 2823 13171 2824 2824 13172 2824 2824 13173 2230 2230 13174 2229 2229 13175 2230 2230 13176 2824 2824 13177 2825 2825 13178 2825 2825 13179 2231 2231 13180 2230 2230 13181 2231 2231 13182 2825 2825 13183 2826 2826 13184 2826 2826 13185 2232 2232 13186 2231 2231 13187 2232 2232 13188 2826 2826 13189 2827 2827 13190 2827 2827 13191 2233 2233 13192 2232 2232 13193 2233 2233 13194 2827 2827 13195 2828 2828 13196 2828 2828 13197 2234 2234 13198 2233 2233 13199 2234 2234 13200 2828 2828 13201 2829 2829 13202 2829 2829 13203 2235 2235 13204 2234 2234 13205 2235 2235 13206 2829 2829 13207 2830 2830 13208 2830 2830 13209 2236 2236 13210 2235 2235 13211 2236 2236 13212 2830 2830 13213 2831 2831 13214 2831 2831 13215 2237 2237 13216 2236 2236 13217 2237 2237 13218 2831 2831 13219 2832 2832 13220 2832 2832 13221 2238 2238 13222 2237 2237 13223 2238 2238 13224 2832 2832 13225 2833 2833 13226 2833 2833 13227 2239 2239 13228 2238 2238 13229 2239 2239 13230 2833 2833 13231 2834 2834 13232 2834 2834 13233 2240 2240 13234 2239 2239 13235 2240 2240 13236 2834 2834 13237 2835 2835 13238 2835 2835 13239 2241 2241 13240 2240 2240 13241 2241 2241 13242 2835 2835 13243 2836 2836 13244 2836 2836 13245 2242 2242 13246 2241 2241 13247 2242 2242 13248 2836 2836 13249 2837 2837 13250 2837 2837 13251 2243 2243 13252 2242 2242 13253 2243 2243 13254 2837 2837 13255 2838 2838 13256 2838 2838 13257 2244 2244 13258 2243 2243 13259 2244 2244 13260 2838 2838 13261 2839 2839 13262 2839 2839 13263 2245 2245 13264 2244 2244 13265 2245 2245 13266 2839 2839 13267 2840 2840 13268 2840 2840 13269 2246 2246 13270 2245 2245 13271 2246 2246 13272 2840 2840 13273 54 54 13274 54 54 13275 42 42 13276 2246 2246 13277 2247 2247 13278 2841 2841 13279 2842 2842 13280 2842 2842 13281 2248 2248 13282 2247 2247 13283 2248 2248 13284 2842 2842 13285 2843 2843 13286 2843 2843 13287 2249 2249 13288 2248 2248 13289 2249 2249 13290 2843 2843 13291 2844 2844 13292 2844 2844 13293 2250 2250 13294 2249 2249 13295 2250 2250 13296 2844 2844 13297 2845 2845 13298 2845 2845 13299 2251 2251 13300 2250 2250 13301 2251 2251 13302 2845 2845 13303 2846 2846 13304 2846 2846 13305 2252 2252 13306 2251 2251 13307 2252 2252 13308 2846 2846 13309 2847 2847 13310 2847 2847 13311 2253 2253 13312 2252 2252 13313 2253 2253 13314 2847 2847 13315 2848 2848 13316 2848 2848 13317 2254 2254 13318 2253 2253 13319 2254 2254 13320 2848 2848 13321 2849 2849 13322 2849 2849 13323 2255 2255 13324 2254 2254 13325 2255 2255 13326 2849 2849 13327 2850 2850 13328 2850 2850 13329 2256 2256 13330 2255 2255 13331 2256 2256 13332 2850 2850 13333 2851 2851 13334 2851 2851 13335 2257 2257 13336 2256 2256 13337 2257 2257 13338 2851 2851 13339 2852 2852 13340 2852 2852 13341 2258 2258 13342 2257 2257 13343 2258 2258 13344 2852 2852 13345 2853 2853 13346 2853 2853 13347 2259 2259 13348 2258 2258 13349 2259 2259 13350 2853 2853 13351 2854 2854 13352 2854 2854 13353 2260 2260 13354 2259 2259 13355 2260 2260 13356 2854 2854 13357 2855 2855 13358 2855 2855 13359 2261 2261 13360 2260 2260 13361 2261 2261 13362 2855 2855 13363 2856 2856 13364 2856 2856 13365 2262 2262 13366 2261 2261 13367 2262 2262 13368 2856 2856 13369 2857 2857 13370 2857 2857 13371 2263 2263 13372 2262 2262 13373 2263 2263 13374 2857 2857 13375 2858 2858 13376 2858 2858 13377 2264 2264 13378 2263 2263 13379 2264 2264 13380 2858 2858 13381 2859 2859 13382 2859 2859 13383 2265 2265 13384 2264 2264 13385 2265 2265 13386 2859 2859 13387 2860 2860 13388 2860 2860 13389 2266 2266 13390 2265 2265 13391 2266 2266 13392 2860 2860 13393 2861 2861 13394 2861 2861 13395 2267 2267 13396 2266 2266 13397 2267 2267 13398 2861 2861 13399 2862 2862 13400 2862 2862 13401 2268 2268 13402 2267 2267 13403 2268 2268 13404 2862 2862 13405 2863 2863 13406 2863 2863 13407 2269 2269 13408 2268 2268 13409 2269 2269 13410 2863 2863 13411 2864 2864 13412 2864 2864 13413 2270 2270 13414 2269 2269 13415 2270 2270 13416 2864 2864 13417 2865 2865 13418 2865 2865 13419 2271 2271 13420 2270 2270 13421 2271 2271 13422 2865 2865 13423 2866 2866 13424 2866 2866 13425 2272 2272 13426 2271 2271 13427 2272 2272 13428 2866 2866 13429 2867 2867 13430 2867 2867 13431 2273 2273 13432 2272 2272 13433 2273 2273 13434 2867 2867 13435 2868 2868 13436 2868 2868 13437 2274 2274 13438 2273 2273 13439 2274 2274 13440 2868 2868 13441 2869 2869 13442 2869 2869 13443 2275 2275 13444 2274 2274 13445 2275 2275 13446 2869 2869 13447 2870 2870 13448 2870 2870 13449 2276 2276 13450 2275 2275 13451 2276 2276 13452 2870 2870 13453 2871 2871 13454 2871 2871 13455 2277 2277 13456 2276 2276 13457 2277 2277 13458 2871 2871 13459 2872 2872 13460 2872 2872 13461 2278 2278 13462 2277 2277 13463 2278 2278 13464 2872 2872 13465 2873 2873 13466 2873 2873 13467 2279 2279 13468 2278 2278 13469 2279 2279 13470 2873 2873 13471 2874 2874 13472 2874 2874 13473 2280 2280 13474 2279 2279 13475 2280 2280 13476 2874 2874 13477 2875 2875 13478 2875 2875 13479 2281 2281 13480 2280 2280 13481 2281 2281 13482 2875 2875 13483 2876 2876 13484 2876 2876 13485 2282 2282 13486 2281 2281 13487 2282 2282 13488 2876 2876 13489 2877 2877 13490 2877 2877 13491 2283 2283 13492 2282 2282 13493 2283 2283 13494 2877 2877 13495 2878 2878 13496 2878 2878 13497 2284 2284 13498 2283 2283 13499 2284 2284 13500 2878 2878 13501 2879 2879 13502 2879 2879 13503 2285 2285 13504 2284 2284 13505 2285 2285 13506 2879 2879 13507 2880 2880 13508 2880 2880 13509 2286 2286 13510 2285 2285 13511 2286 2286 13512 2880 2880 13513 2881 2881 13514 2881 2881 13515 2287 2287 13516 2286 2286 13517 2287 2287 13518 2881 2881 13519 2882 2882 13520 2882 2882 13521 2288 2288 13522 2287 2287 13523 2288 2288 13524 2882 2882 13525 2883 2883 13526 2883 2883 13527 2289 2289 13528 2288 2288 13529 2289 2289 13530 2883 2883 13531 2884 2884 13532 2884 2884 13533 2290 2290 13534 2289 2289 13535 2290 2290 13536 2884 2884 13537 2885 2885 13538 2885 2885 13539 2291 2291 13540 2290 2290 13541 2291 2291 13542 2885 2885 13543 2886 2886 13544 2886 2886 13545 2292 2292 13546 2291 2291 13547 2292 2292 13548 2886 2886 13549 2887 2887 13550 2887 2887 13551 2293 2293 13552 2292 2292 13553 2293 2293 13554 2887 2887 13555 2888 2888 13556 2888 2888 13557 2294 2294 13558 2293 2293 13559 2294 2294 13560 2888 2888 13561 2889 2889 13562 2889 2889 13563 2295 2295 13564 2294 2294 13565 2295 2295 13566 2889 2889 13567 2890 2890 13568 2890 2890 13569 2296 2296 13570 2295 2295 13571 2296 2296 13572 2890 2890 13573 2891 2891 13574 2891 2891 13575 2297 2297 13576 2296 2296 13577 2297 2297 13578 2891 2891 13579 2892 2892 13580 2892 2892 13581 2298 2298 13582 2297 2297 13583 2298 2298 13584 2892 2892 13585 2893 2893 13586 2893 2893 13587 2299 2299 13588 2298 2298 13589 2299 2299 13590 2893 2893 13591 2894 2894 13592 2894 2894 13593 2300 2300 13594 2299 2299 13595 2300 2300 13596 2894 2894 13597 2895 2895 13598 2895 2895 13599 2301 2301 13600 2300 2300 13601 2301 2301 13602 2895 2895 13603 2896 2896 13604 2896 2896 13605 2302 2302 13606 2301 2301 13607 2302 2302 13608 2896 2896 13609 2897 2897 13610 2897 2897 13611 2303 2303 13612 2302 2302 13613 2303 2303 13614 2897 2897 13615 2898 2898 13616 2898 2898 13617 2304 2304 13618 2303 2303 13619 2304 2304 13620 2898 2898 13621 2899 2899 13622 2899 2899 13623 2305 2305 13624 2304 2304 13625 2305 2305 13626 2899 2899 13627 2900 2900 13628 2900 2900 13629 2306 2306 13630 2305 2305 13631 2306 2306 13632 2900 2900 13633 2901 2901 13634 2901 2901 13635 2307 2307 13636 2306 2306 13637 2307 2307 13638 2901 2901 13639 2902 2902 13640 2902 2902 13641 2308 2308 13642 2307 2307 13643 2308 2308 13644 2902 2902 13645 2903 2903 13646 2903 2903 13647 2309 2309 13648 2308 2308 13649 2309 2309 13650 2903 2903 13651 2904 2904 13652 2904 2904 13653 2310 2310 13654 2309 2309 13655 2310 2310 13656 2904 2904 13657 2905 2905 13658 2905 2905 13659 2311 2311 13660 2310 2310 13661 2311 2311 13662 2905 2905 13663 2906 2906 13664 2906 2906 13665 2312 2312 13666 2311 2311 13667 2312 2312 13668 2906 2906 13669 2907 2907 13670 2907 2907 13671 2313 2313 13672 2312 2312 13673 2313 2313 13674 2907 2907 13675 2908 2908 13676 2908 2908 13677 2314 2314 13678 2313 2313 13679 2314 2314 13680 2908 2908 13681 2909 2909 13682 2909 2909 13683 2315 2315 13684 2314 2314 13685 2315 2315 13686 2909 2909 13687 2910 2910 13688 2910 2910 13689 2316 2316 13690 2315 2315 13691 2316 2316 13692 2910 2910 13693 2911 2911 13694 2911 2911 13695 2317 2317 13696 2316 2316 13697 2317 2317 13698 2911 2911 13699 2912 2912 13700 2912 2912 13701 2318 2318 13702 2317 2317 13703 2318 2318 13704 2912 2912 13705 2913 2913 13706 2913 2913 13707 2319 2319 13708 2318 2318 13709 2319 2319 13710 2913 2913 13711 2914 2914 13712 2914 2914 13713 2320 2320 13714 2319 2319 13715 2320 2320 13716 2914 2914 13717 2915 2915 13718 2915 2915 13719 2321 2321 13720 2320 2320 13721 2321 2321 13722 2915 2915 13723 2916 2916 13724 2916 2916 13725 2322 2322 13726 2321 2321 13727 2322 2322 13728 2916 2916 13729 2917 2917 13730 2917 2917 13731 2323 2323 13732 2322 2322 13733 2323 2323 13734 2917 2917 13735 2918 2918 13736 2918 2918 13737 2324 2324 13738 2323 2323 13739 2324 2324 13740 2918 2918 13741 2919 2919 13742 2919 2919 13743 2325 2325 13744 2324 2324 13745 2325 2325 13746 2919 2919 13747 2920 2920 13748 2920 2920 13749 2326 2326 13750 2325 2325 13751 2326 2326 13752 2920 2920 13753 2921 2921 13754 2921 2921 13755 2327 2327 13756 2326 2326 13757 2327 2327 13758 2921 2921 13759 2922 2922 13760 2922 2922 13761 2328 2328 13762 2327 2327 13763 2328 2328 13764 2922 2922 13765 2923 2923 13766 2923 2923 13767 2329 2329 13768 2328 2328 13769 2329 2329 13770 2923 2923 13771 2924 2924 13772 2924 2924 13773 2330 2330 13774 2329 2329 13775 2330 2330 13776 2924 2924 13777 2925 2925 13778 2925 2925 13779 2331 2331 13780 2330 2330 13781 2331 2331 13782 2925 2925 13783 2926 2926 13784 2926 2926 13785 2332 2332 13786 2331 2331 13787 2332 2332 13788 2926 2926 13789 2927 2927 13790 2927 2927 13791 2333 2333 13792 2332 2332 13793 2333 2333 13794 2927 2927 13795 2928 2928 13796 2928 2928 13797 2334 2334 13798 2333 2333 13799 2334 2334 13800 2928 2928 13801 2929 2929 13802 2929 2929 13803 2335 2335 13804 2334 2334 13805 2335 2335 13806 2929 2929 13807 2930 2930 13808 2930 2930 13809 2336 2336 13810 2335 2335 13811 2336 2336 13812 2930 2930 13813 2931 2931 13814 2931 2931 13815 2337 2337 13816 2336 2336 13817 2337 2337 13818 2931 2931 13819 2932 2932 13820 2932 2932 13821 2338 2338 13822 2337 2337 13823 2338 2338 13824 2932 2932 13825 2933 2933 13826 2933 2933 13827 2339 2339 13828 2338 2338 13829 2339 2339 13830 2933 2933 13831 2934 2934 13832 2934 2934 13833 2340 2340 13834 2339 2339 13835 2340 2340 13836 2934 2934 13837 2935 2935 13838 2935 2935 13839 2341 2341 13840 2340 2340 13841 2341 2341 13842 2935 2935 13843 2936 2936 13844 2936 2936 13845 2342 2342 13846 2341 2341 13847 2342 2342 13848 2936 2936 13849 2937 2937 13850 2937 2937 13851 2343 2343 13852 2342 2342 13853 2343 2343 13854 2937 2937 13855 2938 2938 13856 2938 2938 13857 2344 2344 13858 2343 2343 13859 2344 2344 13860 2938 2938 13861 2939 2939 13862 2939 2939 13863 2345 2345 13864 2344 2344 13865 2345 2345 13866 2939 2939 13867 56 56 13868 56 56 13869 44 44 13870 2345 2345 13871 2346 2346 13872 2940 2940 13873 2941 2941 13874 2941 2941 13875 2347 2347 13876 2346 2346 13877 2347 2347 13878 2941 2941 13879 2942 2942 13880 2942 2942 13881 2348 2348 13882 2347 2347 13883 2348 2348 13884 2942 2942 13885 2943 2943 13886 2943 2943 13887 2349 2349 13888 2348 2348 13889 2349 2349 13890 2943 2943 13891 2944 2944 13892 2944 2944 13893 2350 2350 13894 2349 2349 13895 2350 2350 13896 2944 2944 13897 2945 2945 13898 2945 2945 13899 2351 2351 13900 2350 2350 13901 2351 2351 13902 2945 2945 13903 2946 2946 13904 2946 2946 13905 2352 2352 13906 2351 2351 13907 2352 2352 13908 2946 2946 13909 2947 2947 13910 2947 2947 13911 2353 2353 13912 2352 2352 13913 2353 2353 13914 2947 2947 13915 2948 2948 13916 2948 2948 13917 2354 2354 13918 2353 2353 13919 2354 2354 13920 2948 2948 13921 2949 2949 13922 2949 2949 13923 2355 2355 13924 2354 2354 13925 2355 2355 13926 2949 2949 13927 2950 2950 13928 2950 2950 13929 2356 2356 13930 2355 2355 13931 2356 2356 13932 2950 2950 13933 2951 2951 13934 2951 2951 13935 2357 2357 13936 2356 2356 13937 2357 2357 13938 2951 2951 13939 2952 2952 13940 2952 2952 13941 2358 2358 13942 2357 2357 13943 2358 2358 13944 2952 2952 13945 2953 2953 13946 2953 2953 13947 2359 2359 13948 2358 2358 13949 2359 2359 13950 2953 2953 13951 2954 2954 13952 2954 2954 13953 2360 2360 13954 2359 2359 13955 2360 2360 13956 2954 2954 13957 2955 2955 13958 2955 2955 13959 2361 2361 13960 2360 2360 13961 2361 2361 13962 2955 2955 13963 2956 2956 13964 2956 2956 13965 2362 2362 13966 2361 2361 13967 2362 2362 13968 2956 2956 13969 2957 2957 13970 2957 2957 13971 2363 2363 13972 2362 2362 13973 2363 2363 13974 2957 2957 13975 2958 2958 13976 2958 2958 13977 2364 2364 13978 2363 2363 13979 2364 2364 13980 2958 2958 13981 2959 2959 13982 2959 2959 13983 2365 2365 13984 2364 2364 13985 2365 2365 13986 2959 2959 13987 2960 2960 13988 2960 2960 13989 2366 2366 13990 2365 2365 13991 2366 2366 13992 2960 2960 13993 2961 2961 13994 2961 2961 13995 2367 2367 13996 2366 2366 13997 2367 2367 13998 2961 2961 13999 2962 2962 14000 2962 2962 14001 2368 2368 14002 2367 2367 14003 2368 2368 14004 2962 2962 14005 2963 2963 14006 2963 2963 14007 2369 2369 14008 2368 2368 14009 2369 2369 14010 2963 2963 14011 2964 2964 14012 2964 2964 14013 2370 2370 14014 2369 2369 14015 2370 2370 14016 2964 2964 14017 2965 2965 14018 2965 2965 14019 2371 2371 14020 2370 2370 14021 2371 2371 14022 2965 2965 14023 2966 2966 14024 2966 2966 14025 2372 2372 14026 2371 2371 14027 2372 2372 14028 2966 2966 14029 2967 2967 14030 2967 2967 14031 2373 2373 14032 2372 2372 14033 2373 2373 14034 2967 2967 14035 2968 2968 14036 2968 2968 14037 2374 2374 14038 2373 2373 14039 2374 2374 14040 2968 2968 14041 2969 2969 14042 2969 2969 14043 2375 2375 14044 2374 2374 14045 2375 2375 14046 2969 2969 14047 2970 2970 14048 2970 2970 14049 2376 2376 14050 2375 2375 14051 2376 2376 14052 2970 2970 14053 2971 2971 14054 2971 2971 14055 2377 2377 14056 2376 2376 14057 2377 2377 14058 2971 2971 14059 2972 2972 14060 2972 2972 14061 2378 2378 14062 2377 2377 14063 2378 2378 14064 2972 2972 14065 2973 2973 14066 2973 2973 14067 2379 2379 14068 2378 2378 14069 2379 2379 14070 2973 2973 14071 2974 2974 14072 2974 2974 14073 2380 2380 14074 2379 2379 14075 2380 2380 14076 2974 2974 14077 2975 2975 14078 2975 2975 14079 2381 2381 14080 2380 2380 14081 2381 2381 14082 2975 2975 14083 2976 2976 14084 2976 2976 14085 2382 2382 14086 2381 2381 14087 2382 2382 14088 2976 2976 14089 2977 2977 14090 2977 2977 14091 2383 2383 14092 2382 2382 14093 2383 2383 14094 2977 2977 14095 2978 2978 14096 2978 2978 14097 2384 2384 14098 2383 2383 14099 2384 2384 14100 2978 2978 14101 2979 2979 14102 2979 2979 14103 2385 2385 14104 2384 2384 14105 2385 2385 14106 2979 2979 14107 2980 2980 14108 2980 2980 14109 2386 2386 14110 2385 2385 14111 2386 2386 14112 2980 2980 14113 2981 2981 14114 2981 2981 14115 2387 2387 14116 2386 2386 14117 2387 2387 14118 2981 2981 14119 2982 2982 14120 2982 2982 14121 2388 2388 14122 2387 2387 14123 2388 2388 14124 2982 2982 14125 2983 2983 14126 2983 2983 14127 2389 2389 14128 2388 2388 14129 2389 2389 14130 2983 2983 14131 2984 2984 14132 2984 2984 14133 2390 2390 14134 2389 2389 14135 2390 2390 14136 2984 2984 14137 2985 2985 14138 2985 2985 14139 2391 2391 14140 2390 2390 14141 2391 2391 14142 2985 2985 14143 2986 2986 14144 2986 2986 14145 2392 2392 14146 2391 2391 14147 2392 2392 14148 2986 2986 14149 2987 2987 14150 2987 2987 14151 2393 2393 14152 2392 2392 14153 2393 2393 14154 2987 2987 14155 2988 2988 14156 2988 2988 14157 2394 2394 14158 2393 2393 14159 2394 2394 14160 2988 2988 14161 2989 2989 14162 2989 2989 14163 2395 2395 14164 2394 2394 14165 2395 2395 14166 2989 2989 14167 2990 2990 14168 2990 2990 14169 2396 2396 14170 2395 2395 14171 2396 2396 14172 2990 2990 14173 2991 2991 14174 2991 2991 14175 2397 2397 14176 2396 2396 14177 2397 2397 14178 2991 2991 14179 2992 2992 14180 2992 2992 14181 2398 2398 14182 2397 2397 14183 2398 2398 14184 2992 2992 14185 2993 2993 14186 2993 2993 14187 2399 2399 14188 2398 2398 14189 2399 2399 14190 2993 2993 14191 2994 2994 14192 2994 2994 14193 2400 2400 14194 2399 2399 14195 2400 2400 14196 2994 2994 14197 2995 2995 14198 2995 2995 14199 2401 2401 14200 2400 2400 14201 2401 2401 14202 2995 2995 14203 2996 2996 14204 2996 2996 14205 2402 2402 14206 2401 2401 14207 2402 2402 14208 2996 2996 14209 2997 2997 14210 2997 2997 14211 2403 2403 14212 2402 2402 14213 2403 2403 14214 2997 2997 14215 2998 2998 14216 2998 2998 14217 2404 2404 14218 2403 2403 14219 2404 2404 14220 2998 2998 14221 2999 2999 14222 2999 2999 14223 2405 2405 14224 2404 2404 14225 2405 2405 14226 2999 2999 14227 3000 3000 14228 3000 3000 14229 2406 2406 14230 2405 2405 14231 2406 2406 14232 3000 3000 14233 3001 3001 14234 3001 3001 14235 2407 2407 14236 2406 2406 14237 2407 2407 14238 3001 3001 14239 3002 3002 14240 3002 3002 14241 2408 2408 14242 2407 2407 14243 2408 2408 14244 3002 3002 14245 3003 3003 14246 3003 3003 14247 2409 2409 14248 2408 2408 14249 2409 2409 14250 3003 3003 14251 3004 3004 14252 3004 3004 14253 2410 2410 14254 2409 2409 14255 2410 2410 14256 3004 3004 14257 3005 3005 14258 3005 3005 14259 2411 2411 14260 2410 2410 14261 2411 2411 14262 3005 3005 14263 3006 3006 14264 3006 3006 14265 2412 2412 14266 2411 2411 14267 2412 2412 14268 3006 3006 14269 3007 3007 14270 3007 3007 14271 2413 2413 14272 2412 2412 14273 2413 2413 14274 3007 3007 14275 3008 3008 14276 3008 3008 14277 2414 2414 14278 2413 2413 14279 2414 2414 14280 3008 3008 14281 3009 3009 14282 3009 3009 14283 2415 2415 14284 2414 2414 14285 2415 2415 14286 3009 3009 14287 3010 3010 14288 3010 3010 14289 2416 2416 14290 2415 2415 14291 2416 2416 14292 3010 3010 14293 3011 3011 14294 3011 3011 14295 2417 2417 14296 2416 2416 14297 2417 2417 14298 3011 3011 14299 3012 3012 14300 3012 3012 14301 2418 2418 14302 2417 2417 14303 2418 2418 14304 3012 3012 14305 3013 3013 14306 3013 3013 14307 2419 2419 14308 2418 2418 14309 2419 2419 14310 3013 3013 14311 3014 3014 14312 3014 3014 14313 2420 2420 14314 2419 2419 14315 2420 2420 14316 3014 3014 14317 3015 3015 14318 3015 3015 14319 2421 2421 14320 2420 2420 14321 2421 2421 14322 3015 3015 14323 3016 3016 14324 3016 3016 14325 2422 2422 14326 2421 2421 14327 2422 2422 14328 3016 3016 14329 3017 3017 14330 3017 3017 14331 2423 2423 14332 2422 2422 14333 2423 2423 14334 3017 3017 14335 3018 3018 14336 3018 3018 14337 2424 2424 14338 2423 2423 14339 2424 2424 14340 3018 3018 14341 3019 3019 14342 3019 3019 14343 2425 2425 14344 2424 2424 14345 2425 2425 14346 3019 3019 14347 3020 3020 14348 3020 3020 14349 2426 2426 14350 2425 2425 14351 2426 2426 14352 3020 3020 14353 3021 3021 14354 3021 3021 14355 2427 2427 14356 2426 2426 14357 2427 2427 14358 3021 3021 14359 3022 3022 14360 3022 3022 14361 2428 2428 14362 2427 2427 14363 2428 2428 14364 3022 3022 14365 3023 3023 14366 3023 3023 14367 2429 2429 14368 2428 2428 14369 2429 2429 14370 3023 3023 14371 3024 3024 14372 3024 3024 14373 2430 2430 14374 2429 2429 14375 2430 2430 14376 3024 3024 14377 3025 3025 14378 3025 3025 14379 2431 2431 14380 2430 2430 14381 2431 2431 14382 3025 3025 14383 3026 3026 14384 3026 3026 14385 2432 2432 14386 2431 2431 14387 2432 2432 14388 3026 3026 14389 3027 3027 14390 3027 3027 14391 2433 2433 14392 2432 2432 14393 2433 2433 14394 3027 3027 14395 3028 3028 14396 3028 3028 14397 2434 2434 14398 2433 2433 14399 2434 2434 14400 3028 3028 14401 3029 3029 14402 3029 3029 14403 2435 2435 14404 2434 2434 14405 2435 2435 14406 3029 3029 14407 3030 3030 14408 3030 3030 14409 2436 2436 14410 2435 2435 14411 2436 2436 14412 3030 3030 14413 3031 3031 14414 3031 3031 14415 2437 2437 14416 2436 2436 14417 2437 2437 14418 3031 3031 14419 3032 3032 14420 3032 3032 14421 2438 2438 14422 2437 2437 14423 2438 2438 14424 3032 3032 14425 3033 3033 14426 3033 3033 14427 2439 2439 14428 2438 2438 14429 2439 2439 14430 3033 3033 14431 3034 3034 14432 3034 3034 14433 2440 2440 14434 2439 2439 14435 2440 2440 14436 3034 3034 14437 3035 3035 14438 3035 3035 14439 2441 2441 14440 2440 2440 14441 2441 2441 14442 3035 3035 14443 3036 3036 14444 3036 3036 14445 2442 2442 14446 2441 2441 14447 2442 2442 14448 3036 3036 14449 3037 3037 14450 3037 3037 14451 2443 2443 14452 2442 2442 14453 2443 2443 14454 3037 3037 14455 3038 3038 14456 3038 3038 14457 2444 2444 14458 2443 2443 14459 2444 2444 14460 3038 3038 14461 58 58 14462 58 58 14463 46 46 14464 2444 2444 14465 2445 2445 14466 3039 3039 14467 3040 3040 14468 3040 3040 14469 2446 2446 14470 2445 2445 14471 2446 2446 14472 3040 3040 14473 3041 3041 14474 3041 3041 14475 2447 2447 14476 2446 2446 14477 2447 2447 14478 3041 3041 14479 3042 3042 14480 3042 3042 14481 2448 2448 14482 2447 2447 14483 2448 2448 14484 3042 3042 14485 3043 3043 14486 3043 3043 14487 2449 2449 14488 2448 2448 14489 2449 2449 14490 3043 3043 14491 3044 3044 14492 3044 3044 14493 2450 2450 14494 2449 2449 14495 2450 2450 14496 3044 3044 14497 3045 3045 14498 3045 3045 14499 2451 2451 14500 2450 2450 14501 2451 2451 14502 3045 3045 14503 3046 3046 14504 3046 3046 14505 2452 2452 14506 2451 2451 14507 2452 2452 14508 3046 3046 14509 3047 3047 14510 3047 3047 14511 2453 2453 14512 2452 2452 14513 2453 2453 14514 3047 3047 14515 3048 3048 14516 3048 3048 14517 2454 2454 14518 2453 2453 14519 2454 2454 14520 3048 3048 14521 3049 3049 14522 3049 3049 14523 2455 2455 14524 2454 2454 14525 2455 2455 14526 3049 3049 14527 3050 3050 14528 3050 3050 14529 2456 2456 14530 2455 2455 14531 2456 2456 14532 3050 3050 14533 3051 3051 14534 3051 3051 14535 2457 2457 14536 2456 2456 14537 2457 2457 14538 3051 3051 14539 3052 3052 14540 3052 3052 14541 2458 2458 14542 2457 2457 14543 2458 2458 14544 3052 3052 14545 3053 3053 14546 3053 3053 14547 2459 2459 14548 2458 2458 14549 2459 2459 14550 3053 3053 14551 3054 3054 14552 3054 3054 14553 2460 2460 14554 2459 2459 14555 2460 2460 14556 3054 3054 14557 3055 3055 14558 3055 3055 14559 2461 2461 14560 2460 2460 14561 2461 2461 14562 3055 3055 14563 3056 3056 14564 3056 3056 14565 2462 2462 14566 2461 2461 14567 2462 2462 14568 3056 3056 14569 3057 3057 14570 3057 3057 14571 2463 2463 14572 2462 2462 14573 2463 2463 14574 3057 3057 14575 3058 3058 14576 3058 3058 14577 2464 2464 14578 2463 2463 14579 2464 2464 14580 3058 3058 14581 3059 3059 14582 3059 3059 14583 2465 2465 14584 2464 2464 14585 2465 2465 14586 3059 3059 14587 3060 3060 14588 3060 3060 14589 2466 2466 14590 2465 2465 14591 2466 2466 14592 3060 3060 14593 3061 3061 14594 3061 3061 14595 2467 2467 14596 2466 2466 14597 2467 2467 14598 3061 3061 14599 3062 3062 14600 3062 3062 14601 2468 2468 14602 2467 2467 14603 2468 2468 14604 3062 3062 14605 3063 3063 14606 3063 3063 14607 2469 2469 14608 2468 2468 14609 2469 2469 14610 3063 3063 14611 3064 3064 14612 3064 3064 14613 2470 2470 14614 2469 2469 14615 2470 2470 14616 3064 3064 14617 3065 3065 14618 3065 3065 14619 2471 2471 14620 2470 2470 14621 2471 2471 14622 3065 3065 14623 3066 3066 14624 3066 3066 14625 2472 2472 14626 2471 2471 14627 2472 2472 14628 3066 3066 14629 3067 3067 14630 3067 3067 14631 2473 2473 14632 2472 2472 14633 2473 2473 14634 3067 3067 14635 3068 3068 14636 3068 3068 14637 2474 2474 14638 2473 2473 14639 2474 2474 14640 3068 3068 14641 3069 3069 14642 3069 3069 14643 2475 2475 14644 2474 2474 14645 2475 2475 14646 3069 3069 14647 3070 3070 14648 3070 3070 14649 2476 2476 14650 2475 2475 14651 2476 2476 14652 3070 3070 14653 3071 3071 14654 3071 3071 14655 2477 2477 14656 2476 2476 14657 2477 2477 14658 3071 3071 14659 3072 3072 14660 3072 3072 14661 2478 2478 14662 2477 2477 14663 2478 2478 14664 3072 3072 14665 3073 3073 14666 3073 3073 14667 2479 2479 14668 2478 2478 14669 2479 2479 14670 3073 3073 14671 3074 3074 14672 3074 3074 14673 2480 2480 14674 2479 2479 14675 2480 2480 14676 3074 3074 14677 3075 3075 14678 3075 3075 14679 2481 2481 14680 2480 2480 14681 2481 2481 14682 3075 3075 14683 3076 3076 14684 3076 3076 14685 2482 2482 14686 2481 2481 14687 2482 2482 14688 3076 3076 14689 3077 3077 14690 3077 3077 14691 2483 2483 14692 2482 2482 14693 2483 2483 14694 3077 3077 14695 3078 3078 14696 3078 3078 14697 2484 2484 14698 2483 2483 14699 2484 2484 14700 3078 3078 14701 3079 3079 14702 3079 3079 14703 2485 2485 14704 2484 2484 14705 2485 2485 14706 3079 3079 14707 3080 3080 14708 3080 3080 14709 2486 2486 14710 2485 2485 14711 2486 2486 14712 3080 3080 14713 3081 3081 14714 3081 3081 14715 2487 2487 14716 2486 2486 14717 2487 2487 14718 3081 3081 14719 3082 3082 14720 3082 3082 14721 2488 2488 14722 2487 2487 14723 2488 2488 14724 3082 3082 14725 3083 3083 14726 3083 3083 14727 2489 2489 14728 2488 2488 14729 2489 2489 14730 3083 3083 14731 3084 3084 14732 3084 3084 14733 2490 2490 14734 2489 2489 14735 2490 2490 14736 3084 3084 14737 3085 3085 14738 3085 3085 14739 2491 2491 14740 2490 2490 14741 2491 2491 14742 3085 3085 14743 3086 3086 14744 3086 3086 14745 2492 2492 14746 2491 2491 14747 2492 2492 14748 3086 3086 14749 3087 3087 14750 3087 3087 14751 2493 2493 14752 2492 2492 14753 2493 2493 14754 3087 3087 14755 3088 3088 14756 3088 3088 14757 2494 2494 14758 2493 2493 14759 2494 2494 14760 3088 3088 14761 3089 3089 14762 3089 3089 14763 2495 2495 14764 2494 2494 14765 2495 2495 14766 3089 3089 14767 3090 3090 14768 3090 3090 14769 2496 2496 14770 2495 2495 14771 2496 2496 14772 3090 3090 14773 3091 3091 14774 3091 3091 14775 2497 2497 14776 2496 2496 14777 2497 2497 14778 3091 3091 14779 3092 3092 14780 3092 3092 14781 2498 2498 14782 2497 2497 14783 2498 2498 14784 3092 3092 14785 3093 3093 14786 3093 3093 14787 2499 2499 14788 2498 2498 14789 2499 2499 14790 3093 3093 14791 3094 3094 14792 3094 3094 14793 2500 2500 14794 2499 2499 14795 2500 2500 14796 3094 3094 14797 3095 3095 14798 3095 3095 14799 2501 2501 14800 2500 2500 14801 2501 2501 14802 3095 3095 14803 3096 3096 14804 3096 3096 14805 2502 2502 14806 2501 2501 14807 2502 2502 14808 3096 3096 14809 3097 3097 14810 3097 3097 14811 2503 2503 14812 2502 2502 14813 2503 2503 14814 3097 3097 14815 3098 3098 14816 3098 3098 14817 2504 2504 14818 2503 2503 14819 2504 2504 14820 3098 3098 14821 3099 3099 14822 3099 3099 14823 2505 2505 14824 2504 2504 14825 2505 2505 14826 3099 3099 14827 3100 3100 14828 3100 3100 14829 2506 2506 14830 2505 2505 14831 2506 2506 14832 3100 3100 14833 3101 3101 14834 3101 3101 14835 2507 2507 14836 2506 2506 14837 2507 2507 14838 3101 3101 14839 3102 3102 14840 3102 3102 14841 2508 2508 14842 2507 2507 14843 2508 2508 14844 3102 3102 14845 3103 3103 14846 3103 3103 14847 2509 2509 14848 2508 2508 14849 2509 2509 14850 3103 3103 14851 3104 3104 14852 3104 3104 14853 2510 2510 14854 2509 2509 14855 2510 2510 14856 3104 3104 14857 3105 3105 14858 3105 3105 14859 2511 2511 14860 2510 2510 14861 2511 2511 14862 3105 3105 14863 3106 3106 14864 3106 3106 14865 2512 2512 14866 2511 2511 14867 2512 2512 14868 3106 3106 14869 3107 3107 14870 3107 3107 14871 2513 2513 14872 2512 2512 14873 2513 2513 14874 3107 3107 14875 3108 3108 14876 3108 3108 14877 2514 2514 14878 2513 2513 14879 2514 2514 14880 3108 3108 14881 3109 3109 14882 3109 3109 14883 2515 2515 14884 2514 2514 14885 2515 2515 14886 3109 3109 14887 3110 3110 14888 3110 3110 14889 2516 2516 14890 2515 2515 14891 2516 2516 14892 3110 3110 14893 3111 3111 14894 3111 3111 14895 2517 2517 14896 2516 2516 14897 2517 2517 14898 3111 3111 14899 3112 3112 14900 3112 3112 14901 2518 2518 14902 2517 2517 14903 2518 2518 14904 3112 3112 14905 3113 3113 14906 3113 3113 14907 2519 2519 14908 2518 2518 14909 2519 2519 14910 3113 3113 14911 3114 3114 14912 3114 3114 14913 2520 2520 14914 2519 2519 14915 2520 2520 14916 3114 3114 14917 3115 3115 14918 3115 3115 14919 2521 2521 14920 2520 2520 14921 2521 2521 14922 3115 3115 14923 3116 3116 14924 3116 3116 14925 2522 2522 14926 2521 2521 14927 2522 2522 14928 3116 3116 14929 3117 3117 14930 3117 3117 14931 2523 2523 14932 2522 2522 14933 2523 2523 14934 3117 3117 14935 3118 3118 14936 3118 3118 14937 2524 2524 14938 2523 2523 14939 2524 2524 14940 3118 3118 14941 3119 3119 14942 3119 3119 14943 2525 2525 14944 2524 2524 14945 2525 2525 14946 3119 3119 14947 3120 3120 14948 3120 3120 14949 2526 2526 14950 2525 2525 14951 2526 2526 14952 3120 3120 14953 3121 3121 14954 3121 3121 14955 2527 2527 14956 2526 2526 14957 2527 2527 14958 3121 3121 14959 3122 3122 14960 3122 3122 14961 2528 2528 14962 2527 2527 14963 2528 2528 14964 3122 3122 14965 3123 3123 14966 3123 3123 14967 2529 2529 14968 2528 2528 14969 2529 2529 14970 3123 3123 14971 3124 3124 14972 3124 3124 14973 2530 2530 14974 2529 2529 14975 2530 2530 14976 3124 3124 14977 3125 3125 14978 3125 3125 14979 2531 2531 14980 2530 2530 14981 2531 2531 14982 3125 3125 14983 3126 3126 14984 3126 3126 14985 2532 2532 14986 2531 2531 14987 2532 2532 14988 3126 3126 14989 3127 3127 14990 3127 3127 14991 2533 2533 14992 2532 2532 14993 2533 2533 14994 3127 3127 14995 3128 3128 14996 3128 3128 14997 2534 2534 14998 2533 2533 14999 2534 2534 15000 3128 3128 15001 3129 3129 15002 3129 3129 15003 2535 2535 15004 2534 2534 15005 2535 2535 15006 3129 3129 15007 3130 3130 15008 3130 3130 15009 2536 2536 15010 2535 2535 15011 2536 2536 15012 3130 3130 15013 3131 3131 15014 3131 3131 15015 2537 2537 15016 2536 2536 15017 2537 2537 15018 3131 3131 15019 3132 3132 15020 3132 3132 15021 2538 2538 15022 2537 2537 15023 2538 2538 15024 3132 3132 15025 3133 3133 15026 3133 3133 15027 2539 2539 15028 2538 2538 15029 2539 2539 15030 3133 3133 15031 3134 3134 15032 3134 3134 15033 2540 2540 15034 2539 2539 15035 2540 2540 15036 3134 3134 15037 3135 3135 15038 3135 3135 15039 2541 2541 15040 2540 2540 15041 2541 2541 15042 3135 3135 15043 3136 3136 15044 3136 3136 15045 2542 2542 15046 2541 2541 15047 2542 2542 15048 3136 3136 15049 3137 3137 15050 3137 3137 15051 2543 2543 15052 2542 2542 15053 2543 2543 15054 3137 3137 15055 60 60 15056 60 60 15057 48 48 15058 2543 2543 15059 3138 3138 15060 3139 3139 15061 3140 3140 15062 3140 3140 15063 2544 2544 15064 3138 3138 15065 2544 2544 15066 3140 3140 15067 3141 3141 15068 3141 3141 15069 2545 2545 15070 2544 2544 15071 2545 2545 15072 3141 3141 15073 3142 3142 15074 3142 3142 15075 2546 2546 15076 2545 2545 15077 2546 2546 15078 3142 3142 15079 3143 3143 15080 3143 3143 15081 2547 2547 15082 2546 2546 15083 2547 2547 15084 3143 3143 15085 3144 3144 15086 3144 3144 15087 2548 2548 15088 2547 2547 15089 2548 2548 15090 3144 3144 15091 3145 3145 15092 3145 3145 15093 2549 2549 15094 2548 2548 15095 2549 2549 15096 3145 3145 15097 3146 3146 15098 3146 3146 15099 2550 2550 15100 2549 2549 15101 2550 2550 15102 3146 3146 15103 3147 3147 15104 3147 3147 15105 2551 2551 15106 2550 2550 15107 2551 2551 15108 3147 3147 15109 3148 3148 15110 3148 3148 15111 2552 2552 15112 2551 2551 15113 2552 2552 15114 3148 3148 15115 3149 3149 15116 3149 3149 15117 2553 2553 15118 2552 2552 15119 2553 2553 15120 3149 3149 15121 3150 3150 15122 3150 3150 15123 2554 2554 15124 2553 2553 15125 2554 2554 15126 3150 3150 15127 3151 3151 15128 3151 3151 15129 2555 2555 15130 2554 2554 15131 2555 2555 15132 3151 3151 15133 3152 3152 15134 3152 3152 15135 2556 2556 15136 2555 2555 15137 2556 2556 15138 3152 3152 15139 3153 3153 15140 3153 3153 15141 2557 2557 15142 2556 2556 15143 2557 2557 15144 3153 3153 15145 3154 3154 15146 3154 3154 15147 2558 2558 15148 2557 2557 15149 2558 2558 15150 3154 3154 15151 3155 3155 15152 3155 3155 15153 2559 2559 15154 2558 2558 15155 2559 2559 15156 3155 3155 15157 3156 3156 15158 3156 3156 15159 2560 2560 15160 2559 2559 15161 2560 2560 15162 3156 3156 15163 3157 3157 15164 3157 3157 15165 2561 2561 15166 2560 2560 15167 2561 2561 15168 3157 3157 15169 3158 3158 15170 3158 3158 15171 2562 2562 15172 2561 2561 15173 2562 2562 15174 3158 3158 15175 3159 3159 15176 3159 3159 15177 2563 2563 15178 2562 2562 15179 2563 2563 15180 3159 3159 15181 3160 3160 15182 3160 3160 15183 2564 2564 15184 2563 2563 15185 2564 2564 15186 3160 3160 15187 3161 3161 15188 3161 3161 15189 2565 2565 15190 2564 2564 15191 2565 2565 15192 3161 3161 15193 3162 3162 15194 3162 3162 15195 2566 2566 15196 2565 2565 15197 2566 2566 15198 3162 3162 15199 3163 3163 15200 3163 3163 15201 2567 2567 15202 2566 2566 15203 2567 2567 15204 3163 3163 15205 3164 3164 15206 3164 3164 15207 2568 2568 15208 2567 2567 15209 2568 2568 15210 3164 3164 15211 3165 3165 15212 3165 3165 15213 2569 2569 15214 2568 2568 15215 2569 2569 15216 3165 3165 15217 3166 3166 15218 3166 3166 15219 2570 2570 15220 2569 2569 15221 2570 2570 15222 3166 3166 15223 3167 3167 15224 3167 3167 15225 2571 2571 15226 2570 2570 15227 2571 2571 15228 3167 3167 15229 3168 3168 15230 3168 3168 15231 2572 2572 15232 2571 2571 15233 2572 2572 15234 3168 3168 15235 3169 3169 15236 3169 3169 15237 2573 2573 15238 2572 2572 15239 2573 2573 15240 3169 3169 15241 3170 3170 15242 3170 3170 15243 2574 2574 15244 2573 2573 15245 2574 2574 15246 3170 3170 15247 3171 3171 15248 3171 3171 15249 2575 2575 15250 2574 2574 15251 2575 2575 15252 3171 3171 15253 3172 3172 15254 3172 3172 15255 2576 2576 15256 2575 2575 15257 2576 2576 15258 3172 3172 15259 3173 3173 15260 3173 3173 15261 2577 2577 15262 2576 2576 15263 2577 2577 15264 3173 3173 15265 3174 3174 15266 3174 3174 15267 2578 2578 15268 2577 2577 15269 2578 2578 15270 3174 3174 15271 3175 3175 15272 3175 3175 15273 2579 2579 15274 2578 2578 15275 2579 2579 15276 3175 3175 15277 3176 3176 15278 3176 3176 15279 2580 2580 15280 2579 2579 15281 2580 2580 15282 3176 3176 15283 3177 3177 15284 3177 3177 15285 2581 2581 15286 2580 2580 15287 2581 2581 15288 3177 3177 15289 3178 3178 15290 3178 3178 15291 2582 2582 15292 2581 2581 15293 2582 2582 15294 3178 3178 15295 3179 3179 15296 3179 3179 15297 2583 2583 15298 2582 2582 15299 2583 2583 15300 3179 3179 15301 3180 3180 15302 3180 3180 15303 2584 2584 15304 2583 2583 15305 2584 2584 15306 3180 3180 15307 3181 3181 15308 3181 3181 15309 2585 2585 15310 2584 2584 15311 2585 2585 15312 3181 3181 15313 3182 3182 15314 3182 3182 15315 2586 2586 15316 2585 2585 15317 2586 2586 15318 3182 3182 15319 3183 3183 15320 3183 3183 15321 2587 2587 15322 2586 2586 15323 2587 2587 15324 3183 3183 15325 3184 3184 15326 3184 3184 15327 2588 2588 15328 2587 2587 15329 2588 2588 15330 3184 3184 15331 3185 3185 15332 3185 3185 15333 2589 2589 15334 2588 2588 15335 2589 2589 15336 3185 3185 15337 3186 3186 15338 3186 3186 15339 2590 2590 15340 2589 2589 15341 2590 2590 15342 3186 3186 15343 3187 3187 15344 3187 3187 15345 2591 2591 15346 2590 2590 15347 2591 2591 15348 3187 3187 15349 3188 3188 15350 3188 3188 15351 2592 2592 15352 2591 2591 15353 2592 2592 15354 3188 3188 15355 3189 3189 15356 3189 3189 15357 2593 2593 15358 2592 2592 15359 2593 2593 15360 3189 3189 15361 3190 3190 15362 3190 3190 15363 2594 2594 15364 2593 2593 15365 2594 2594 15366 3190 3190 15367 3191 3191 15368 3191 3191 15369 2595 2595 15370 2594 2594 15371 2595 2595 15372 3191 3191 15373 3192 3192 15374 3192 3192 15375 2596 2596 15376 2595 2595 15377 2596 2596 15378 3192 3192 15379 3193 3193 15380 3193 3193 15381 2597 2597 15382 2596 2596 15383 2597 2597 15384 3193 3193 15385 3194 3194 15386 3194 3194 15387 2598 2598 15388 2597 2597 15389 2598 2598 15390 3194 3194 15391 3195 3195 15392 3195 3195 15393 2599 2599 15394 2598 2598 15395 2599 2599 15396 3195 3195 15397 3196 3196 15398 3196 3196 15399 2600 2600 15400 2599 2599 15401 2600 2600 15402 3196 3196 15403 3197 3197 15404 3197 3197 15405 2601 2601 15406 2600 2600 15407 2601 2601 15408 3197 3197 15409 3198 3198 15410 3198 3198 15411 2602 2602 15412 2601 2601 15413 2602 2602 15414 3198 3198 15415 3199 3199 15416 3199 3199 15417 2603 2603 15418 2602 2602 15419 2603 2603 15420 3199 3199 15421 3200 3200 15422 3200 3200 15423 2604 2604 15424 2603 2603 15425 2604 2604 15426 3200 3200 15427 3201 3201 15428 3201 3201 15429 2605 2605 15430 2604 2604 15431 2605 2605 15432 3201 3201 15433 3202 3202 15434 3202 3202 15435 2606 2606 15436 2605 2605 15437 2606 2606 15438 3202 3202 15439 3203 3203 15440 3203 3203 15441 2607 2607 15442 2606 2606 15443 2607 2607 15444 3203 3203 15445 3204 3204 15446 3204 3204 15447 2608 2608 15448 2607 2607 15449 2608 2608 15450 3204 3204 15451 3205 3205 15452 3205 3205 15453 2609 2609 15454 2608 2608 15455 2609 2609 15456 3205 3205 15457 3206 3206 15458 3206 3206 15459 2610 2610 15460 2609 2609 15461 2610 2610 15462 3206 3206 15463 3207 3207 15464 3207 3207 15465 2611 2611 15466 2610 2610 15467 2611 2611 15468 3207 3207 15469 3208 3208 15470 3208 3208 15471 2612 2612 15472 2611 2611 15473 2612 2612 15474 3208 3208 15475 3209 3209 15476 3209 3209 15477 2613 2613 15478 2612 2612 15479 2613 2613 15480 3209 3209 15481 3210 3210 15482 3210 3210 15483 2614 2614 15484 2613 2613 15485 2614 2614 15486 3210 3210 15487 3211 3211 15488 3211 3211 15489 2615 2615 15490 2614 2614 15491 2615 2615 15492 3211 3211 15493 3212 3212 15494 3212 3212 15495 2616 2616 15496 2615 2615 15497 2616 2616 15498 3212 3212 15499 3213 3213 15500 3213 3213 15501 2617 2617 15502 2616 2616 15503 2617 2617 15504 3213 3213 15505 3214 3214 15506 3214 3214 15507 2618 2618 15508 2617 2617 15509 2618 2618 15510 3214 3214 15511 3215 3215 15512 3215 3215 15513 2619 2619 15514 2618 2618 15515 2619 2619 15516 3215 3215 15517 3216 3216 15518 3216 3216 15519 2620 2620 15520 2619 2619 15521 2620 2620 15522 3216 3216 15523 3217 3217 15524 3217 3217 15525 2621 2621 15526 2620 2620 15527 2621 2621 15528 3217 3217 15529 3218 3218 15530 3218 3218 15531 2622 2622 15532 2621 2621 15533 2622 2622 15534 3218 3218 15535 3219 3219 15536 3219 3219 15537 2623 2623 15538 2622 2622 15539 2623 2623 15540 3219 3219 15541 3220 3220 15542 3220 3220 15543 2624 2624 15544 2623 2623 15545 2624 2624 15546 3220 3220 15547 3221 3221 15548 3221 3221 15549 2625 2625 15550 2624 2624 15551 2625 2625 15552 3221 3221 15553 3222 3222 15554 3222 3222 15555 2626 2626 15556 2625 2625 15557 2626 2626 15558 3222 3222 15559 3223 3223 15560 3223 3223 15561 2627 2627 15562 2626 2626 15563 2627 2627 15564 3223 3223 15565 3224 3224 15566 3224 3224 15567 2628 2628 15568 2627 2627 15569 2628 2628 15570 3224 3224 15571 3225 3225 15572 3225 3225 15573 2629 2629 15574 2628 2628 15575 2629 2629 15576 3225 3225 15577 3226 3226 15578 3226 3226 15579 2630 2630 15580 2629 2629 15581 2630 2630 15582 3226 3226 15583 3227 3227 15584 3227 3227 15585 2631 2631 15586 2630 2630 15587 2631 2631 15588 3227 3227 15589 3228 3228 15590 3228 3228 15591 2632 2632 15592 2631 2631 15593 2632 2632 15594 3228 3228 15595 3229 3229 15596 3229 3229 15597 2633 2633 15598 2632 2632 15599 2633 2633 15600 3229 3229 15601 3230 3230 15602 3230 3230 15603 2634 2634 15604 2633 2633 15605 2634 2634 15606 3230 3230 15607 3231 3231 15608 3231 3231 15609 2635 2635 15610 2634 2634 15611 2635 2635 15612 3231 3231 15613 3232 3232 15614 3232 3232 15615 2636 2636 15616 2635 2635 15617 2636 2636 15618 3232 3232 15619 3233 3233 15620 3233 3233 15621 2637 2637 15622 2636 2636 15623 2637 2637 15624 3233 3233 15625 3234 3234 15626 3234 3234 15627 2638 2638 15628 2637 2637 15629 2638 2638 15630 3234 3234 15631 3235 3235 15632 3235 3235 15633 2639 2639 15634 2638 2638 15635 2639 2639 15636 3235 3235 15637 3236 3236 15638 3236 3236 15639 2640 2640 15640 2639 2639 15641 2640 2640 15642 3236 3236 15643 3237 3237 15644 3237 3237 15645 2641 2641 15646 2640 2640 15647 2641 2641 15648 3237 3237 15649 3238 3238 15650 3238 3238 15651 2642 2642 15652 2641 2641 15653 2642 2642 15654 3238 3238 15655 62 62 15656 62 62 15657 50 50 15658 2642 2642 15659 2643 2643 15660 262 262 15661 263 263 15662 263 263 15663 2644 2644 15664 2643 2643 15665 2644 2644 15666 263 263 15667 264 264 15668 264 264 15669 2645 2645 15670 2644 2644 15671 2645 2645 15672 264 264 15673 265 265 15674 265 265 15675 2646 2646 15676 2645 2645 15677 2646 2646 15678 265 265 15679 266 266 15680 266 266 15681 2647 2647 15682 2646 2646 15683 2647 2647 15684 266 266 15685 267 267 15686 267 267 15687 2648 2648 15688 2647 2647 15689 2648 2648 15690 267 267 15691 268 268 15692 268 268 15693 2649 2649 15694 2648 2648 15695 2649 2649 15696 268 268 15697 269 269 15698 269 269 15699 2650 2650 15700 2649 2649 15701 2650 2650 15702 269 269 15703 270 270 15704 270 270 15705 2651 2651 15706 2650 2650 15707 2651 2651 15708 270 270 15709 271 271 15710 271 271 15711 2652 2652 15712 2651 2651 15713 2652 2652 15714 271 271 15715 272 272 15716 272 272 15717 2653 2653 15718 2652 2652 15719 2653 2653 15720 272 272 15721 273 273 15722 273 273 15723 2654 2654 15724 2653 2653 15725 2654 2654 15726 273 273 15727 274 274 15728 274 274 15729 2655 2655 15730 2654 2654 15731 2655 2655 15732 274 274 15733 275 275 15734 275 275 15735 2656 2656 15736 2655 2655 15737 2656 2656 15738 275 275 15739 276 276 15740 276 276 15741 2657 2657 15742 2656 2656 15743 2657 2657 15744 276 276 15745 277 277 15746 277 277 15747 2658 2658 15748 2657 2657 15749 2658 2658 15750 277 277 15751 278 278 15752 278 278 15753 2659 2659 15754 2658 2658 15755 2659 2659 15756 278 278 15757 279 279 15758 279 279 15759 2660 2660 15760 2659 2659 15761 2660 2660 15762 279 279 15763 280 280 15764 280 280 15765 2661 2661 15766 2660 2660 15767 2661 2661 15768 280 280 15769 281 281 15770 281 281 15771 2662 2662 15772 2661 2661 15773 2662 2662 15774 281 281 15775 282 282 15776 282 282 15777 2663 2663 15778 2662 2662 15779 2663 2663 15780 282 282 15781 283 283 15782 283 283 15783 2664 2664 15784 2663 2663 15785 2664 2664 15786 283 283 15787 284 284 15788 284 284 15789 2665 2665 15790 2664 2664 15791 2665 2665 15792 284 284 15793 285 285 15794 285 285 15795 2666 2666 15796 2665 2665 15797 2666 2666 15798 285 285 15799 286 286 15800 286 286 15801 2667 2667 15802 2666 2666 15803 2667 2667 15804 286 286 15805 287 287 15806 287 287 15807 2668 2668 15808 2667 2667 15809 2668 2668 15810 287 287 15811 288 288 15812 288 288 15813 2669 2669 15814 2668 2668 15815 2669 2669 15816 288 288 15817 289 289 15818 289 289 15819 2670 2670 15820 2669 2669 15821 2670 2670 15822 289 289 15823 290 290 15824 290 290 15825 2671 2671 15826 2670 2670 15827 2671 2671 15828 290 290 15829 291 291 15830 291 291 15831 2672 2672 15832 2671 2671 15833 2672 2672 15834 291 291 15835 292 292 15836 292 292 15837 2673 2673 15838 2672 2672 15839 2673 2673 15840 292 292 15841 293 293 15842 293 293 15843 2674 2674 15844 2673 2673 15845 2674 2674 15846 293 293 15847 294 294 15848 294 294 15849 2675 2675 15850 2674 2674 15851 2675 2675 15852 294 294 15853 295 295 15854 295 295 15855 2676 2676 15856 2675 2675 15857 2676 2676 15858 295 295 15859 296 296 15860 296 296 15861 2677 2677 15862 2676 2676 15863 2677 2677 15864 296 296 15865 297 297 15866 297 297 15867 2678 2678 15868 2677 2677 15869 2678 2678 15870 297 297 15871 298 298 15872 298 298 15873 2679 2679 15874 2678 2678 15875 2679 2679 15876 298 298 15877 299 299 15878 299 299 15879 2680 2680 15880 2679 2679 15881 2680 2680 15882 299 299 15883 300 300 15884 300 300 15885 2681 2681 15886 2680 2680 15887 2681 2681 15888 300 300 15889 301 301 15890 301 301 15891 2682 2682 15892 2681 2681 15893 2682 2682 15894 301 301 15895 302 302 15896 302 302 15897 2683 2683 15898 2682 2682 15899 2683 2683 15900 302 302 15901 303 303 15902 303 303 15903 2684 2684 15904 2683 2683 15905 2684 2684 15906 303 303 15907 304 304 15908 304 304 15909 2685 2685 15910 2684 2684 15911 2685 2685 15912 304 304 15913 305 305 15914 305 305 15915 2686 2686 15916 2685 2685 15917 2686 2686 15918 305 305 15919 306 306 15920 306 306 15921 2687 2687 15922 2686 2686 15923 2687 2687 15924 306 306 15925 307 307 15926 307 307 15927 2688 2688 15928 2687 2687 15929 2688 2688 15930 307 307 15931 308 308 15932 308 308 15933 2689 2689 15934 2688 2688 15935 2689 2689 15936 308 308 15937 309 309 15938 309 309 15939 2690 2690 15940 2689 2689 15941 2690 2690 15942 309 309 15943 310 310 15944 310 310 15945 2691 2691 15946 2690 2690 15947 2691 2691 15948 310 310 15949 311 311 15950 311 311 15951 2692 2692 15952 2691 2691 15953 2692 2692 15954 311 311 15955 312 312 15956 312 312 15957 2693 2693 15958 2692 2692 15959 2693 2693 15960 312 312 15961 313 313 15962 313 313 15963 2694 2694 15964 2693 2693 15965 2694 2694 15966 313 313 15967 314 314 15968 314 314 15969 2695 2695 15970 2694 2694 15971 2695 2695 15972 314 314 15973 315 315 15974 315 315 15975 2696 2696 15976 2695 2695 15977 2696 2696 15978 315 315 15979 316 316 15980 316 316 15981 2697 2697 15982 2696 2696 15983 2697 2697 15984 316 316 15985 317 317 15986 317 317 15987 2698 2698 15988 2697 2697 15989 2698 2698 15990 317 317 15991 318 318 15992 318 318 15993 2699 2699 15994 2698 2698 15995 2699 2699 15996 318 318 15997 319 319 15998 319 319 15999 2700 2700 16000 2699 2699 16001 2700 2700 16002 319 319 16003 320 320 16004 320 320 16005 2701 2701 16006 2700 2700 16007 2701 2701 16008 320 320 16009 321 321 16010 321 321 16011 2702 2702 16012 2701 2701 16013 2702 2702 16014 321 321 16015 322 322 16016 322 322 16017 2703 2703 16018 2702 2702 16019 2703 2703 16020 322 322 16021 323 323 16022 323 323 16023 2704 2704 16024 2703 2703 16025 2704 2704 16026 323 323 16027 324 324 16028 324 324 16029 2705 2705 16030 2704 2704 16031 2705 2705 16032 324 324 16033 325 325 16034 325 325 16035 2706 2706 16036 2705 2705 16037 2706 2706 16038 325 325 16039 326 326 16040 326 326 16041 2707 2707 16042 2706 2706 16043 2707 2707 16044 326 326 16045 327 327 16046 327 327 16047 2708 2708 16048 2707 2707 16049 2708 2708 16050 327 327 16051 328 328 16052 328 328 16053 2709 2709 16054 2708 2708 16055 2709 2709 16056 328 328 16057 329 329 16058 329 329 16059 2710 2710 16060 2709 2709 16061 2710 2710 16062 329 329 16063 330 330 16064 330 330 16065 2711 2711 16066 2710 2710 16067 2711 2711 16068 330 330 16069 331 331 16070 331 331 16071 2712 2712 16072 2711 2711 16073 2712 2712 16074 331 331 16075 332 332 16076 332 332 16077 2713 2713 16078 2712 2712 16079 2713 2713 16080 332 332 16081 333 333 16082 333 333 16083 2714 2714 16084 2713 2713 16085 2714 2714 16086 333 333 16087 334 334 16088 334 334 16089 2715 2715 16090 2714 2714 16091 2715 2715 16092 334 334 16093 335 335 16094 335 335 16095 2716 2716 16096 2715 2715 16097 2716 2716 16098 335 335 16099 336 336 16100 336 336 16101 2717 2717 16102 2716 2716 16103 2717 2717 16104 336 336 16105 337 337 16106 337 337 16107 2718 2718 16108 2717 2717 16109 2718 2718 16110 337 337 16111 338 338 16112 338 338 16113 2719 2719 16114 2718 2718 16115 2719 2719 16116 338 338 16117 339 339 16118 339 339 16119 2720 2720 16120 2719 2719 16121 2720 2720 16122 339 339 16123 340 340 16124 340 340 16125 2721 2721 16126 2720 2720 16127 2721 2721 16128 340 340 16129 341 341 16130 341 341 16131 2722 2722 16132 2721 2721 16133 2722 2722 16134 341 341 16135 342 342 16136 342 342 16137 2723 2723 16138 2722 2722 16139 2723 2723 16140 342 342 16141 343 343 16142 343 343 16143 2724 2724 16144 2723 2723 16145 2724 2724 16146 343 343 16147 344 344 16148 344 344 16149 2725 2725 16150 2724 2724 16151 2725 2725 16152 344 344 16153 345 345 16154 345 345 16155 2726 2726 16156 2725 2725 16157 2726 2726 16158 345 345 16159 346 346 16160 346 346 16161 2727 2727 16162 2726 2726 16163 2727 2727 16164 346 346 16165 347 347 16166 347 347 16167 2728 2728 16168 2727 2727 16169 2728 2728 16170 347 347 16171 348 348 16172 348 348 16173 2729 2729 16174 2728 2728 16175 2729 2729 16176 348 348 16177 349 349 16178 349 349 16179 2730 2730 16180 2729 2729 16181 2730 2730 16182 349 349 16183 350 350 16184 350 350 16185 2731 2731 16186 2730 2730 16187 2731 2731 16188 350 350 16189 351 351 16190 351 351 16191 2732 2732 16192 2731 2731 16193 2732 2732 16194 351 351 16195 352 352 16196 352 352 16197 2733 2733 16198 2732 2732 16199 2733 2733 16200 352 352 16201 353 353 16202 353 353 16203 2734 2734 16204 2733 2733 16205 2734 2734 16206 353 353 16207 354 354 16208 354 354 16209 2735 2735 16210 2734 2734 16211 2735 2735 16212 354 354 16213 355 355 16214 355 355 16215 2736 2736 16216 2735 2735 16217 2736 2736 16218 355 355 16219 356 356 16220 356 356 16221 2737 2737 16222 2736 2736 16223 2737 2737 16224 356 356 16225 357 357 16226 357 357 16227 2738 2738 16228 2737 2737 16229 2738 2738 16230 357 357 16231 358 358 16232 358 358 16233 2739 2739 16234 2738 2738 16235 2739 2739 16236 358 358 16237 359 359 16238 359 359 16239 2740 2740 16240 2739 2739 16241 2740 2740 16242 359 359 16243 360 360 16244 360 360 16245 2741 2741 16246 2740 2740 16247 2741 2741 16248 360 360 16249 4 4 16250 4 4 16251 52 52 16252 2741 2741 16253 2742 2742 16254 361 361 16255 364 364 16256 364 364 16257 2743 2743 16258 2742 2742 16259 2743 2743 16260 364 364 16261 366 366 16262 366 366 16263 2744 2744 16264 2743 2743 16265 2744 2744 16266 366 366 16267 368 368 16268 368 368 16269 2745 2745 16270 2744 2744 16271 2745 2745 16272 368 368 16273 370 370 16274 370 370 16275 2746 2746 16276 2745 2745 16277 2746 2746 16278 370 370 16279 372 372 16280 372 372 16281 2747 2747 16282 2746 2746 16283 2747 2747 16284 372 372 16285 374 374 16286 374 374 16287 2748 2748 16288 2747 2747 16289 2748 2748 16290 374 374 16291 376 376 16292 376 376 16293 2749 2749 16294 2748 2748 16295 2749 2749 16296 376 376 16297 378 378 16298 378 378 16299 2750 2750 16300 2749 2749 16301 2750 2750 16302 378 378 16303 380 380 16304 380 380 16305 2751 2751 16306 2750 2750 16307 2751 2751 16308 380 380 16309 382 382 16310 382 382 16311 2752 2752 16312 2751 2751 16313 2752 2752 16314 382 382 16315 384 384 16316 384 384 16317 2753 2753 16318 2752 2752 16319 2753 2753 16320 384 384 16321 386 386 16322 386 386 16323 2754 2754 16324 2753 2753 16325 2754 2754 16326 386 386 16327 388 388 16328 388 388 16329 2755 2755 16330 2754 2754 16331 2755 2755 16332 388 388 16333 390 390 16334 390 390 16335 2756 2756 16336 2755 2755 16337 2756 2756 16338 390 390 16339 392 392 16340 392 392 16341 2757 2757 16342 2756 2756 16343 2757 2757 16344 392 392 16345 394 394 16346 394 394 16347 2758 2758 16348 2757 2757 16349 2758 2758 16350 394 394 16351 396 396 16352 396 396 16353 2759 2759 16354 2758 2758 16355 2759 2759 16356 396 396 16357 398 398 16358 398 398 16359 2760 2760 16360 2759 2759 16361 2760 2760 16362 398 398 16363 400 400 16364 400 400 16365 2761 2761 16366 2760 2760 16367 2761 2761 16368 400 400 16369 402 402 16370 402 402 16371 2762 2762 16372 2761 2761 16373 2762 2762 16374 402 402 16375 404 404 16376 404 404 16377 2763 2763 16378 2762 2762 16379 2763 2763 16380 404 404 16381 406 406 16382 406 406 16383 2764 2764 16384 2763 2763 16385 2764 2764 16386 406 406 16387 408 408 16388 408 408 16389 2765 2765 16390 2764 2764 16391 2765 2765 16392 408 408 16393 410 410 16394 410 410 16395 2766 2766 16396 2765 2765 16397 2766 2766 16398 410 410 16399 412 412 16400 412 412 16401 2767 2767 16402 2766 2766 16403 2767 2767 16404 412 412 16405 414 414 16406 414 414 16407 2768 2768 16408 2767 2767 16409 2768 2768 16410 414 414 16411 416 416 16412 416 416 16413 2769 2769 16414 2768 2768 16415 2769 2769 16416 416 416 16417 418 418 16418 418 418 16419 2770 2770 16420 2769 2769 16421 2770 2770 16422 418 418 16423 420 420 16424 420 420 16425 2771 2771 16426 2770 2770 16427 2771 2771 16428 420 420 16429 422 422 16430 422 422 16431 2772 2772 16432 2771 2771 16433 2772 2772 16434 422 422 16435 424 424 16436 424 424 16437 2773 2773 16438 2772 2772 16439 2773 2773 16440 424 424 16441 426 426 16442 426 426 16443 2774 2774 16444 2773 2773 16445 2774 2774 16446 426 426 16447 428 428 16448 428 428 16449 2775 2775 16450 2774 2774 16451 2775 2775 16452 428 428 16453 430 430 16454 430 430 16455 2776 2776 16456 2775 2775 16457 2776 2776 16458 430 430 16459 432 432 16460 432 432 16461 2777 2777 16462 2776 2776 16463 2777 2777 16464 432 432 16465 434 434 16466 434 434 16467 2778 2778 16468 2777 2777 16469 2778 2778 16470 434 434 16471 436 436 16472 436 436 16473 2779 2779 16474 2778 2778 16475 2779 2779 16476 436 436 16477 438 438 16478 438 438 16479 2780 2780 16480 2779 2779 16481 2780 2780 16482 438 438 16483 440 440 16484 440 440 16485 2781 2781 16486 2780 2780 16487 2781 2781 16488 440 440 16489 442 442 16490 442 442 16491 2782 2782 16492 2781 2781 16493 2782 2782 16494 442 442 16495 444 444 16496 444 444 16497 2783 2783 16498 2782 2782 16499 2783 2783 16500 444 444 16501 446 446 16502 446 446 16503 2784 2784 16504 2783 2783 16505 2784 2784 16506 446 446 16507 448 448 16508 448 448 16509 2785 2785 16510 2784 2784 16511 2785 2785 16512 448 448 16513 450 450 16514 450 450 16515 2786 2786 16516 2785 2785 16517 2786 2786 16518 450 450 16519 452 452 16520 452 452 16521 2787 2787 16522 2786 2786 16523 2787 2787 16524 452 452 16525 454 454 16526 454 454 16527 2788 2788 16528 2787 2787 16529 2788 2788 16530 454 454 16531 456 456 16532 456 456 16533 2789 2789 16534 2788 2788 16535 2789 2789 16536 456 456 16537 458 458 16538 458 458 16539 2790 2790 16540 2789 2789 16541 2790 2790 16542 458 458 16543 460 460 16544 460 460 16545 2791 2791 16546 2790 2790 16547 2791 2791 16548 460 460 16549 462 462 16550 462 462 16551 2792 2792 16552 2791 2791 16553 2792 2792 16554 462 462 16555 464 464 16556 464 464 16557 2793 2793 16558 2792 2792 16559 2793 2793 16560 464 464 16561 466 466 16562 466 466 16563 2794 2794 16564 2793 2793 16565 2794 2794 16566 466 466 16567 468 468 16568 468 468 16569 2795 2795 16570 2794 2794 16571 2795 2795 16572 468 468 16573 470 470 16574 470 470 16575 2796 2796 16576 2795 2795 16577 2796 2796 16578 470 470 16579 472 472 16580 472 472 16581 2797 2797 16582 2796 2796 16583 2797 2797 16584 472 472 16585 474 474 16586 474 474 16587 2798 2798 16588 2797 2797 16589 2798 2798 16590 474 474 16591 476 476 16592 476 476 16593 2799 2799 16594 2798 2798 16595 2799 2799 16596 476 476 16597 478 478 16598 478 478 16599 2800 2800 16600 2799 2799 16601 2800 2800 16602 478 478 16603 480 480 16604 480 480 16605 2801 2801 16606 2800 2800 16607 2801 2801 16608 480 480 16609 482 482 16610 482 482 16611 2802 2802 16612 2801 2801 16613 2802 2802 16614 482 482 16615 484 484 16616 484 484 16617 2803 2803 16618 2802 2802 16619 2803 2803 16620 484 484 16621 486 486 16622 486 486 16623 2804 2804 16624 2803 2803 16625 2804 2804 16626 486 486 16627 488 488 16628 488 488 16629 2805 2805 16630 2804 2804 16631 2805 2805 16632 488 488 16633 490 490 16634 490 490 16635 2806 2806 16636 2805 2805 16637 2806 2806 16638 490 490 16639 492 492 16640 492 492 16641 2807 2807 16642 2806 2806 16643 2807 2807 16644 492 492 16645 494 494 16646 494 494 16647 2808 2808 16648 2807 2807 16649 2808 2808 16650 494 494 16651 496 496 16652 496 496 16653 2809 2809 16654 2808 2808 16655 2809 2809 16656 496 496 16657 498 498 16658 498 498 16659 2810 2810 16660 2809 2809 16661 2810 2810 16662 498 498 16663 500 500 16664 500 500 16665 2811 2811 16666 2810 2810 16667 2811 2811 16668 500 500 16669 502 502 16670 502 502 16671 2812 2812 16672 2811 2811 16673 2812 2812 16674 502 502 16675 504 504 16676 504 504 16677 2813 2813 16678 2812 2812 16679 2813 2813 16680 504 504 16681 506 506 16682 506 506 16683 2814 2814 16684 2813 2813 16685 2814 2814 16686 506 506 16687 508 508 16688 508 508 16689 2815 2815 16690 2814 2814 16691 2815 2815 16692 508 508 16693 510 510 16694 510 510 16695 2816 2816 16696 2815 2815 16697 2816 2816 16698 510 510 16699 512 512 16700 512 512 16701 2817 2817 16702 2816 2816 16703 2817 2817 16704 512 512 16705 514 514 16706 514 514 16707 2818 2818 16708 2817 2817 16709 2818 2818 16710 514 514 16711 516 516 16712 516 516 16713 2819 2819 16714 2818 2818 16715 2819 2819 16716 516 516 16717 518 518 16718 518 518 16719 2820 2820 16720 2819 2819 16721 2820 2820 16722 518 518 16723 520 520 16724 520 520 16725 2821 2821 16726 2820 2820 16727 2821 2821 16728 520 520 16729 522 522 16730 522 522 16731 2822 2822 16732 2821 2821 16733 2822 2822 16734 522 522 16735 524 524 16736 524 524 16737 2823 2823 16738 2822 2822 16739 2823 2823 16740 524 524 16741 526 526 16742 526 526 16743 2824 2824 16744 2823 2823 16745 2824 2824 16746 526 526 16747 528 528 16748 528 528 16749 2825 2825 16750 2824 2824 16751 2825 2825 16752 528 528 16753 530 530 16754 530 530 16755 2826 2826 16756 2825 2825 16757 2826 2826 16758 530 530 16759 532 532 16760 532 532 16761 2827 2827 16762 2826 2826 16763 2827 2827 16764 532 532 16765 534 534 16766 534 534 16767 2828 2828 16768 2827 2827 16769 2828 2828 16770 534 534 16771 536 536 16772 536 536 16773 2829 2829 16774 2828 2828 16775 2829 2829 16776 536 536 16777 538 538 16778 538 538 16779 2830 2830 16780 2829 2829 16781 2830 2830 16782 538 538 16783 540 540 16784 540 540 16785 2831 2831 16786 2830 2830 16787 2831 2831 16788 540 540 16789 542 542 16790 542 542 16791 2832 2832 16792 2831 2831 16793 2832 2832 16794 542 542 16795 544 544 16796 544 544 16797 2833 2833 16798 2832 2832 16799 2833 2833 16800 544 544 16801 546 546 16802 546 546 16803 2834 2834 16804 2833 2833 16805 2834 2834 16806 546 546 16807 548 548 16808 548 548 16809 2835 2835 16810 2834 2834 16811 2835 2835 16812 548 548 16813 550 550 16814 550 550 16815 2836 2836 16816 2835 2835 16817 2836 2836 16818 550 550 16819 552 552 16820 552 552 16821 2837 2837 16822 2836 2836 16823 2837 2837 16824 552 552 16825 554 554 16826 554 554 16827 2838 2838 16828 2837 2837 16829 2838 2838 16830 554 554 16831 556 556 16832 556 556 16833 2839 2839 16834 2838 2838 16835 2839 2839 16836 556 556 16837 558 558 16838 558 558 16839 2840 2840 16840 2839 2839 16841 2840 2840 16842 558 558 16843 6 6 16844 6 6 16845 54 54 16846 2840 2840 16847 2841 2841 16848 559 559 16849 562 562 16850 562 562 16851 2842 2842 16852 2841 2841 16853 2842 2842 16854 562 562 16855 564 564 16856 564 564 16857 2843 2843 16858 2842 2842 16859 2843 2843 16860 564 564 16861 566 566 16862 566 566 16863 2844 2844 16864 2843 2843 16865 2844 2844 16866 566 566 16867 568 568 16868 568 568 16869 2845 2845 16870 2844 2844 16871 2845 2845 16872 568 568 16873 570 570 16874 570 570 16875 2846 2846 16876 2845 2845 16877 2846 2846 16878 570 570 16879 572 572 16880 572 572 16881 2847 2847 16882 2846 2846 16883 2847 2847 16884 572 572 16885 574 574 16886 574 574 16887 2848 2848 16888 2847 2847 16889 2848 2848 16890 574 574 16891 576 576 16892 576 576 16893 2849 2849 16894 2848 2848 16895 2849 2849 16896 576 576 16897 578 578 16898 578 578 16899 2850 2850 16900 2849 2849 16901 2850 2850 16902 578 578 16903 580 580 16904 580 580 16905 2851 2851 16906 2850 2850 16907 2851 2851 16908 580 580 16909 582 582 16910 582 582 16911 2852 2852 16912 2851 2851 16913 2852 2852 16914 582 582 16915 584 584 16916 584 584 16917 2853 2853 16918 2852 2852 16919 2853 2853 16920 584 584 16921 586 586 16922 586 586 16923 2854 2854 16924 2853 2853 16925 2854 2854 16926 586 586 16927 588 588 16928 588 588 16929 2855 2855 16930 2854 2854 16931 2855 2855 16932 588 588 16933 590 590 16934 590 590 16935 2856 2856 16936 2855 2855 16937 2856 2856 16938 590 590 16939 592 592 16940 592 592 16941 2857 2857 16942 2856 2856 16943 2857 2857 16944 592 592 16945 594 594 16946 594 594 16947 2858 2858 16948 2857 2857 16949 2858 2858 16950 594 594 16951 596 596 16952 596 596 16953 2859 2859 16954 2858 2858 16955 2859 2859 16956 596 596 16957 598 598 16958 598 598 16959 2860 2860 16960 2859 2859 16961 2860 2860 16962 598 598 16963 600 600 16964 600 600 16965 2861 2861 16966 2860 2860 16967 2861 2861 16968 600 600 16969 602 602 16970 602 602 16971 2862 2862 16972 2861 2861 16973 2862 2862 16974 602 602 16975 604 604 16976 604 604 16977 2863 2863 16978 2862 2862 16979 2863 2863 16980 604 604 16981 606 606 16982 606 606 16983 2864 2864 16984 2863 2863 16985 2864 2864 16986 606 606 16987 608 608 16988 608 608 16989 2865 2865 16990 2864 2864 16991 2865 2865 16992 608 608 16993 610 610 16994 610 610 16995 2866 2866 16996 2865 2865 16997 2866 2866 16998 610 610 16999 612 612 17000 612 612 17001 2867 2867 17002 2866 2866 17003 2867 2867 17004 612 612 17005 614 614 17006 614 614 17007 2868 2868 17008 2867 2867 17009 2868 2868 17010 614 614 17011 616 616 17012 616 616 17013 2869 2869 17014 2868 2868 17015 2869 2869 17016 616 616 17017 618 618 17018 618 618 17019 2870 2870 17020 2869 2869 17021 2870 2870 17022 618 618 17023 620 620 17024 620 620 17025 2871 2871 17026 2870 2870 17027 2871 2871 17028 620 620 17029 622 622 17030 622 622 17031 2872 2872 17032 2871 2871 17033 2872 2872 17034 622 622 17035 624 624 17036 624 624 17037 2873 2873 17038 2872 2872 17039 2873 2873 17040 624 624 17041 626 626 17042 626 626 17043 2874 2874 17044 2873 2873 17045 2874 2874 17046 626 626 17047 628 628 17048 628 628 17049 2875 2875 17050 2874 2874 17051 2875 2875 17052 628 628 17053 630 630 17054 630 630 17055 2876 2876 17056 2875 2875 17057 2876 2876 17058 630 630 17059 632 632 17060 632 632 17061 2877 2877 17062 2876 2876 17063 2877 2877 17064 632 632 17065 634 634 17066 634 634 17067 2878 2878 17068 2877 2877 17069 2878 2878 17070 634 634 17071 636 636 17072 636 636 17073 2879 2879 17074 2878 2878 17075 2879 2879 17076 636 636 17077 638 638 17078 638 638 17079 2880 2880 17080 2879 2879 17081 2880 2880 17082 638 638 17083 640 640 17084 640 640 17085 2881 2881 17086 2880 2880 17087 2881 2881 17088 640 640 17089 642 642 17090 642 642 17091 2882 2882 17092 2881 2881 17093 2882 2882 17094 642 642 17095 644 644 17096 644 644 17097 2883 2883 17098 2882 2882 17099 2883 2883 17100 644 644 17101 646 646 17102 646 646 17103 2884 2884 17104 2883 2883 17105 2884 2884 17106 646 646 17107 648 648 17108 648 648 17109 2885 2885 17110 2884 2884 17111 2885 2885 17112 648 648 17113 650 650 17114 650 650 17115 2886 2886 17116 2885 2885 17117 2886 2886 17118 650 650 17119 652 652 17120 652 652 17121 2887 2887 17122 2886 2886 17123 2887 2887 17124 652 652 17125 654 654 17126 654 654 17127 2888 2888 17128 2887 2887 17129 2888 2888 17130 654 654 17131 656 656 17132 656 656 17133 2889 2889 17134 2888 2888 17135 2889 2889 17136 656 656 17137 658 658 17138 658 658 17139 2890 2890 17140 2889 2889 17141 2890 2890 17142 658 658 17143 660 660 17144 660 660 17145 2891 2891 17146 2890 2890 17147 2891 2891 17148 660 660 17149 662 662 17150 662 662 17151 2892 2892 17152 2891 2891 17153 2892 2892 17154 662 662 17155 664 664 17156 664 664 17157 2893 2893 17158 2892 2892 17159 2893 2893 17160 664 664 17161 666 666 17162 666 666 17163 2894 2894 17164 2893 2893 17165 2894 2894 17166 666 666 17167 668 668 17168 668 668 17169 2895 2895 17170 2894 2894 17171 2895 2895 17172 668 668 17173 670 670 17174 670 670 17175 2896 2896 17176 2895 2895 17177 2896 2896 17178 670 670 17179 672 672 17180 672 672 17181 2897 2897 17182 2896 2896 17183 2897 2897 17184 672 672 17185 674 674 17186 674 674 17187 2898 2898 17188 2897 2897 17189 2898 2898 17190 674 674 17191 676 676 17192 676 676 17193 2899 2899 17194 2898 2898 17195 2899 2899 17196 676 676 17197 678 678 17198 678 678 17199 2900 2900 17200 2899 2899 17201 2900 2900 17202 678 678 17203 680 680 17204 680 680 17205 2901 2901 17206 2900 2900 17207 2901 2901 17208 680 680 17209 682 682 17210 682 682 17211 2902 2902 17212 2901 2901 17213 2902 2902 17214 682 682 17215 684 684 17216 684 684 17217 2903 2903 17218 2902 2902 17219 2903 2903 17220 684 684 17221 686 686 17222 686 686 17223 2904 2904 17224 2903 2903 17225 2904 2904 17226 686 686 17227 688 688 17228 688 688 17229 2905 2905 17230 2904 2904 17231 2905 2905 17232 688 688 17233 690 690 17234 690 690 17235 2906 2906 17236 2905 2905 17237 2906 2906 17238 690 690 17239 692 692 17240 692 692 17241 2907 2907 17242 2906 2906 17243 2907 2907 17244 692 692 17245 694 694 17246 694 694 17247 2908 2908 17248 2907 2907 17249 2908 2908 17250 694 694 17251 696 696 17252 696 696 17253 2909 2909 17254 2908 2908 17255 2909 2909 17256 696 696 17257 698 698 17258 698 698 17259 2910 2910 17260 2909 2909 17261 2910 2910 17262 698 698 17263 700 700 17264 700 700 17265 2911 2911 17266 2910 2910 17267 2911 2911 17268 700 700 17269 702 702 17270 702 702 17271 2912 2912 17272 2911 2911 17273 2912 2912 17274 702 702 17275 704 704 17276 704 704 17277 2913 2913 17278 2912 2912 17279 2913 2913 17280 704 704 17281 706 706 17282 706 706 17283 2914 2914 17284 2913 2913 17285 2914 2914 17286 706 706 17287 708 708 17288 708 708 17289 2915 2915 17290 2914 2914 17291 2915 2915 17292 708 708 17293 710 710 17294 710 710 17295 2916 2916 17296 2915 2915 17297 2916 2916 17298 710 710 17299 712 712 17300 712 712 17301 2917 2917 17302 2916 2916 17303 2917 2917 17304 712 712 17305 714 714 17306 714 714 17307 2918 2918 17308 2917 2917 17309 2918 2918 17310 714 714 17311 716 716 17312 716 716 17313 2919 2919 17314 2918 2918 17315 2919 2919 17316 716 716 17317 718 718 17318 718 718 17319 2920 2920 17320 2919 2919 17321 2920 2920 17322 718 718 17323 720 720 17324 720 720 17325 2921 2921 17326 2920 2920 17327 2921 2921 17328 720 720 17329 722 722 17330 722 722 17331 2922 2922 17332 2921 2921 17333 2922 2922 17334 722 722 17335 724 724 17336 724 724 17337 2923 2923 17338 2922 2922 17339 2923 2923 17340 724 724 17341 726 726 17342 726 726 17343 2924 2924 17344 2923 2923 17345 2924 2924 17346 726 726 17347 728 728 17348 728 728 17349 2925 2925 17350 2924 2924 17351 2925 2925 17352 728 728 17353 730 730 17354 730 730 17355 2926 2926 17356 2925 2925 17357 2926 2926 17358 730 730 17359 732 732 17360 732 732 17361 2927 2927 17362 2926 2926 17363 2927 2927 17364 732 732 17365 734 734 17366 734 734 17367 2928 2928 17368 2927 2927 17369 2928 2928 17370 734 734 17371 736 736 17372 736 736 17373 2929 2929 17374 2928 2928 17375 2929 2929 17376 736 736 17377 738 738 17378 738 738 17379 2930 2930 17380 2929 2929 17381 2930 2930 17382 738 738 17383 740 740 17384 740 740 17385 2931 2931 17386 2930 2930 17387 2931 2931 17388 740 740 17389 742 742 17390 742 742 17391 2932 2932 17392 2931 2931 17393 2932 2932 17394 742 742 17395 744 744 17396 744 744 17397 2933 2933 17398 2932 2932 17399 2933 2933 17400 744 744 17401 746 746 17402 746 746 17403 2934 2934 17404 2933 2933 17405 2934 2934 17406 746 746 17407 748 748 17408 748 748 17409 2935 2935 17410 2934 2934 17411 2935 2935 17412 748 748 17413 750 750 17414 750 750 17415 2936 2936 17416 2935 2935 17417 2936 2936 17418 750 750 17419 752 752 17420 752 752 17421 2937 2937 17422 2936 2936 17423 2937 2937 17424 752 752 17425 754 754 17426 754 754 17427 2938 2938 17428 2937 2937 17429 2938 2938 17430 754 754 17431 756 756 17432 756 756 17433 2939 2939 17434 2938 2938 17435 2939 2939 17436 756 756 17437 10 10 17438 10 10 17439 56 56 17440 2939 2939 17441 2940 2940 17442 757 757 17443 760 760 17444 760 760 17445 2941 2941 17446 2940 2940 17447 2941 2941 17448 760 760 17449 762 762 17450 762 762 17451 2942 2942 17452 2941 2941 17453 2942 2942 17454 762 762 17455 764 764 17456 764 764 17457 2943 2943 17458 2942 2942 17459 2943 2943 17460 764 764 17461 766 766 17462 766 766 17463 2944 2944 17464 2943 2943 17465 2944 2944 17466 766 766 17467 768 768 17468 768 768 17469 2945 2945 17470 2944 2944 17471 2945 2945 17472 768 768 17473 770 770 17474 770 770 17475 2946 2946 17476 2945 2945 17477 2946 2946 17478 770 770 17479 772 772 17480 772 772 17481 2947 2947 17482 2946 2946 17483 2947 2947 17484 772 772 17485 774 774 17486 774 774 17487 2948 2948 17488 2947 2947 17489 2948 2948 17490 774 774 17491 776 776 17492 776 776 17493 2949 2949 17494 2948 2948 17495 2949 2949 17496 776 776 17497 778 778 17498 778 778 17499 2950 2950 17500 2949 2949 17501 2950 2950 17502 778 778 17503 780 780 17504 780 780 17505 2951 2951 17506 2950 2950 17507 2951 2951 17508 780 780 17509 782 782 17510 782 782 17511 2952 2952 17512 2951 2951 17513 2952 2952 17514 782 782 17515 784 784 17516 784 784 17517 2953 2953 17518 2952 2952 17519 2953 2953 17520 784 784 17521 786 786 17522 786 786 17523 2954 2954 17524 2953 2953 17525 2954 2954 17526 786 786 17527 788 788 17528 788 788 17529 2955 2955 17530 2954 2954 17531 2955 2955 17532 788 788 17533 790 790 17534 790 790 17535 2956 2956 17536 2955 2955 17537 2956 2956 17538 790 790 17539 792 792 17540 792 792 17541 2957 2957 17542 2956 2956 17543 2957 2957 17544 792 792 17545 794 794 17546 794 794 17547 2958 2958 17548 2957 2957 17549 2958 2958 17550 794 794 17551 796 796 17552 796 796 17553 2959 2959 17554 2958 2958 17555 2959 2959 17556 796 796 17557 798 798 17558 798 798 17559 2960 2960 17560 2959 2959 17561 2960 2960 17562 798 798 17563 800 800 17564 800 800 17565 2961 2961 17566 2960 2960 17567 2961 2961 17568 800 800 17569 802 802 17570 802 802 17571 2962 2962 17572 2961 2961 17573 2962 2962 17574 802 802 17575 804 804 17576 804 804 17577 2963 2963 17578 2962 2962 17579 2963 2963 17580 804 804 17581 806 806 17582 806 806 17583 2964 2964 17584 2963 2963 17585 2964 2964 17586 806 806 17587 808 808 17588 808 808 17589 2965 2965 17590 2964 2964 17591 2965 2965 17592 808 808 17593 810 810 17594 810 810 17595 2966 2966 17596 2965 2965 17597 2966 2966 17598 810 810 17599 812 812 17600 812 812 17601 2967 2967 17602 2966 2966 17603 2967 2967 17604 812 812 17605 814 814 17606 814 814 17607 2968 2968 17608 2967 2967 17609 2968 2968 17610 814 814 17611 816 816 17612 816 816 17613 2969 2969 17614 2968 2968 17615 2969 2969 17616 816 816 17617 818 818 17618 818 818 17619 2970 2970 17620 2969 2969 17621 2970 2970 17622 818 818 17623 820 820 17624 820 820 17625 2971 2971 17626 2970 2970 17627 2971 2971 17628 820 820 17629 822 822 17630 822 822 17631 2972 2972 17632 2971 2971 17633 2972 2972 17634 822 822 17635 824 824 17636 824 824 17637 2973 2973 17638 2972 2972 17639 2973 2973 17640 824 824 17641 826 826 17642 826 826 17643 2974 2974 17644 2973 2973 17645 2974 2974 17646 826 826 17647 828 828 17648 828 828 17649 2975 2975 17650 2974 2974 17651 2975 2975 17652 828 828 17653 830 830 17654 830 830 17655 2976 2976 17656 2975 2975 17657 2976 2976 17658 830 830 17659 832 832 17660 832 832 17661 2977 2977 17662 2976 2976 17663 2977 2977 17664 832 832 17665 834 834 17666 834 834 17667 2978 2978 17668 2977 2977 17669 2978 2978 17670 834 834 17671 836 836 17672 836 836 17673 2979 2979 17674 2978 2978 17675 2979 2979 17676 836 836 17677 838 838 17678 838 838 17679 2980 2980 17680 2979 2979 17681 2980 2980 17682 838 838 17683 840 840 17684 840 840 17685 2981 2981 17686 2980 2980 17687 2981 2981 17688 840 840 17689 842 842 17690 842 842 17691 2982 2982 17692 2981 2981 17693 2982 2982 17694 842 842 17695 844 844 17696 844 844 17697 2983 2983 17698 2982 2982 17699 2983 2983 17700 844 844 17701 846 846 17702 846 846 17703 2984 2984 17704 2983 2983 17705 2984 2984 17706 846 846 17707 848 848 17708 848 848 17709 2985 2985 17710 2984 2984 17711 2985 2985 17712 848 848 17713 850 850 17714 850 850 17715 2986 2986 17716 2985 2985 17717 2986 2986 17718 850 850 17719 852 852 17720 852 852 17721 2987 2987 17722 2986 2986 17723 2987 2987 17724 852 852 17725 854 854 17726 854 854 17727 2988 2988 17728 2987 2987 17729 2988 2988 17730 854 854 17731 856 856 17732 856 856 17733 2989 2989 17734 2988 2988 17735 2989 2989 17736 856 856 17737 858 858 17738 858 858 17739 2990 2990 17740 2989 2989 17741 2990 2990 17742 858 858 17743 860 860 17744 860 860 17745 2991 2991 17746 2990 2990 17747 2991 2991 17748 860 860 17749 862 862 17750 862 862 17751 2992 2992 17752 2991 2991 17753 2992 2992 17754 862 862 17755 864 864 17756 864 864 17757 2993 2993 17758 2992 2992 17759 2993 2993 17760 864 864 17761 866 866 17762 866 866 17763 2994 2994 17764 2993 2993 17765 2994 2994 17766 866 866 17767 868 868 17768 868 868 17769 2995 2995 17770 2994 2994 17771 2995 2995 17772 868 868 17773 870 870 17774 870 870 17775 2996 2996 17776 2995 2995 17777 2996 2996 17778 870 870 17779 872 872 17780 872 872 17781 2997 2997 17782 2996 2996 17783 2997 2997 17784 872 872 17785 874 874 17786 874 874 17787 2998 2998 17788 2997 2997 17789 2998 2998 17790 874 874 17791 876 876 17792 876 876 17793 2999 2999 17794 2998 2998 17795 2999 2999 17796 876 876 17797 878 878 17798 878 878 17799 3000 3000 17800 2999 2999 17801 3000 3000 17802 878 878 17803 880 880 17804 880 880 17805 3001 3001 17806 3000 3000 17807 3001 3001 17808 880 880 17809 882 882 17810 882 882 17811 3002 3002 17812 3001 3001 17813 3002 3002 17814 882 882 17815 884 884 17816 884 884 17817 3003 3003 17818 3002 3002 17819 3003 3003 17820 884 884 17821 886 886 17822 886 886 17823 3004 3004 17824 3003 3003 17825 3004 3004 17826 886 886 17827 888 888 17828 888 888 17829 3005 3005 17830 3004 3004 17831 3005 3005 17832 888 888 17833 890 890 17834 890 890 17835 3006 3006 17836 3005 3005 17837 3006 3006 17838 890 890 17839 892 892 17840 892 892 17841 3007 3007 17842 3006 3006 17843 3007 3007 17844 892 892 17845 894 894 17846 894 894 17847 3008 3008 17848 3007 3007 17849 3008 3008 17850 894 894 17851 896 896 17852 896 896 17853 3009 3009 17854 3008 3008 17855 3009 3009 17856 896 896 17857 898 898 17858 898 898 17859 3010 3010 17860 3009 3009 17861 3010 3010 17862 898 898 17863 900 900 17864 900 900 17865 3011 3011 17866 3010 3010 17867 3011 3011 17868 900 900 17869 902 902 17870 902 902 17871 3012 3012 17872 3011 3011 17873 3012 3012 17874 902 902 17875 904 904 17876 904 904 17877 3013 3013 17878 3012 3012 17879 3013 3013 17880 904 904 17881 906 906 17882 906 906 17883 3014 3014 17884 3013 3013 17885 3014 3014 17886 906 906 17887 908 908 17888 908 908 17889 3015 3015 17890 3014 3014 17891 3015 3015 17892 908 908 17893 910 910 17894 910 910 17895 3016 3016 17896 3015 3015 17897 3016 3016 17898 910 910 17899 912 912 17900 912 912 17901 3017 3017 17902 3016 3016 17903 3017 3017 17904 912 912 17905 914 914 17906 914 914 17907 3018 3018 17908 3017 3017 17909 3018 3018 17910 914 914 17911 916 916 17912 916 916 17913 3019 3019 17914 3018 3018 17915 3019 3019 17916 916 916 17917 918 918 17918 918 918 17919 3020 3020 17920 3019 3019 17921 3020 3020 17922 918 918 17923 920 920 17924 920 920 17925 3021 3021 17926 3020 3020 17927 3021 3021 17928 920 920 17929 922 922 17930 922 922 17931 3022 3022 17932 3021 3021 17933 3022 3022 17934 922 922 17935 924 924 17936 924 924 17937 3023 3023 17938 3022 3022 17939 3023 3023 17940 924 924 17941 926 926 17942 926 926 17943 3024 3024 17944 3023 3023 17945 3024 3024 17946 926 926 17947 928 928 17948 928 928 17949 3025 3025 17950 3024 3024 17951 3025 3025 17952 928 928 17953 930 930 17954 930 930 17955 3026 3026 17956 3025 3025 17957 3026 3026 17958 930 930 17959 932 932 17960 932 932 17961 3027 3027 17962 3026 3026 17963 3027 3027 17964 932 932 17965 934 934 17966 934 934 17967 3028 3028 17968 3027 3027 17969 3028 3028 17970 934 934 17971 936 936 17972 936 936 17973 3029 3029 17974 3028 3028 17975 3029 3029 17976 936 936 17977 938 938 17978 938 938 17979 3030 3030 17980 3029 3029 17981 3030 3030 17982 938 938 17983 940 940 17984 940 940 17985 3031 3031 17986 3030 3030 17987 3031 3031 17988 940 940 17989 942 942 17990 942 942 17991 3032 3032 17992 3031 3031 17993 3032 3032 17994 942 942 17995 944 944 17996 944 944 17997 3033 3033 17998 3032 3032 17999 3033 3033 18000 944 944 18001 946 946 18002 946 946 18003 3034 3034 18004 3033 3033 18005 3034 3034 18006 946 946 18007 948 948 18008 948 948 18009 3035 3035 18010 3034 3034 18011 3035 3035 18012 948 948 18013 950 950 18014 950 950 18015 3036 3036 18016 3035 3035 18017 3036 3036 18018 950 950 18019 952 952 18020 952 952 18021 3037 3037 18022 3036 3036 18023 3037 3037 18024 952 952 18025 954 954 18026 954 954 18027 3038 3038 18028 3037 3037 18029 3038 3038 18030 954 954 18031 14 14 18032 14 14 18033 58 58 18034 3038 3038 18035 3039 3039 18036 955 955 18037 958 958 18038 958 958 18039 3040 3040 18040 3039 3039 18041 3040 3040 18042 958 958 18043 960 960 18044 960 960 18045 3041 3041 18046 3040 3040 18047 3041 3041 18048 960 960 18049 962 962 18050 962 962 18051 3042 3042 18052 3041 3041 18053 3042 3042 18054 962 962 18055 964 964 18056 964 964 18057 3043 3043 18058 3042 3042 18059 3043 3043 18060 964 964 18061 966 966 18062 966 966 18063 3044 3044 18064 3043 3043 18065 3044 3044 18066 966 966 18067 968 968 18068 968 968 18069 3045 3045 18070 3044 3044 18071 3045 3045 18072 968 968 18073 970 970 18074 970 970 18075 3046 3046 18076 3045 3045 18077 3046 3046 18078 970 970 18079 972 972 18080 972 972 18081 3047 3047 18082 3046 3046 18083 3047 3047 18084 972 972 18085 974 974 18086 974 974 18087 3048 3048 18088 3047 3047 18089 3048 3048 18090 974 974 18091 976 976 18092 976 976 18093 3049 3049 18094 3048 3048 18095 3049 3049 18096 976 976 18097 978 978 18098 978 978 18099 3050 3050 18100 3049 3049 18101 3050 3050 18102 978 978 18103 980 980 18104 980 980 18105 3051 3051 18106 3050 3050 18107 3051 3051 18108 980 980 18109 982 982 18110 982 982 18111 3052 3052 18112 3051 3051 18113 3052 3052 18114 982 982 18115 984 984 18116 984 984 18117 3053 3053 18118 3052 3052 18119 3053 3053 18120 984 984 18121 986 986 18122 986 986 18123 3054 3054 18124 3053 3053 18125 3054 3054 18126 986 986 18127 988 988 18128 988 988 18129 3055 3055 18130 3054 3054 18131 3055 3055 18132 988 988 18133 990 990 18134 990 990 18135 3056 3056 18136 3055 3055 18137 3056 3056 18138 990 990 18139 992 992 18140 992 992 18141 3057 3057 18142 3056 3056 18143 3057 3057 18144 992 992 18145 994 994 18146 994 994 18147 3058 3058 18148 3057 3057 18149 3058 3058 18150 994 994 18151 996 996 18152 996 996 18153 3059 3059 18154 3058 3058 18155 3059 3059 18156 996 996 18157 998 998 18158 998 998 18159 3060 3060 18160 3059 3059 18161 3060 3060 18162 998 998 18163 1000 1000 18164 1000 1000 18165 3061 3061 18166 3060 3060 18167 3061 3061 18168 1000 1000 18169 1002 1002 18170 1002 1002 18171 3062 3062 18172 3061 3061 18173 3062 3062 18174 1002 1002 18175 1004 1004 18176 1004 1004 18177 3063 3063 18178 3062 3062 18179 3063 3063 18180 1004 1004 18181 1006 1006 18182 1006 1006 18183 3064 3064 18184 3063 3063 18185 3064 3064 18186 1006 1006 18187 1008 1008 18188 1008 1008 18189 3065 3065 18190 3064 3064 18191 3065 3065 18192 1008 1008 18193 1010 1010 18194 1010 1010 18195 3066 3066 18196 3065 3065 18197 3066 3066 18198 1010 1010 18199 1012 1012 18200 1012 1012 18201 3067 3067 18202 3066 3066 18203 3067 3067 18204 1012 1012 18205 1014 1014 18206 1014 1014 18207 3068 3068 18208 3067 3067 18209 3068 3068 18210 1014 1014 18211 1016 1016 18212 1016 1016 18213 3069 3069 18214 3068 3068 18215 3069 3069 18216 1016 1016 18217 1018 1018 18218 1018 1018 18219 3070 3070 18220 3069 3069 18221 3070 3070 18222 1018 1018 18223 1020 1020 18224 1020 1020 18225 3071 3071 18226 3070 3070 18227 3071 3071 18228 1020 1020 18229 1022 1022 18230 1022 1022 18231 3072 3072 18232 3071 3071 18233 3072 3072 18234 1022 1022 18235 1024 1024 18236 1024 1024 18237 3073 3073 18238 3072 3072 18239 3073 3073 18240 1024 1024 18241 1026 1026 18242 1026 1026 18243 3074 3074 18244 3073 3073 18245 3074 3074 18246 1026 1026 18247 1028 1028 18248 1028 1028 18249 3075 3075 18250 3074 3074 18251 3075 3075 18252 1028 1028 18253 1030 1030 18254 1030 1030 18255 3076 3076 18256 3075 3075 18257 3076 3076 18258 1030 1030 18259 1032 1032 18260 1032 1032 18261 3077 3077 18262 3076 3076 18263 3077 3077 18264 1032 1032 18265 1034 1034 18266 1034 1034 18267 3078 3078 18268 3077 3077 18269 3078 3078 18270 1034 1034 18271 1036 1036 18272 1036 1036 18273 3079 3079 18274 3078 3078 18275 3079 3079 18276 1036 1036 18277 1038 1038 18278 1038 1038 18279 3080 3080 18280 3079 3079 18281 3080 3080 18282 1038 1038 18283 1040 1040 18284 1040 1040 18285 3081 3081 18286 3080 3080 18287 3081 3081 18288 1040 1040 18289 1042 1042 18290 1042 1042 18291 3082 3082 18292 3081 3081 18293 3082 3082 18294 1042 1042 18295 1044 1044 18296 1044 1044 18297 3083 3083 18298 3082 3082 18299 3083 3083 18300 1044 1044 18301 1046 1046 18302 1046 1046 18303 3084 3084 18304 3083 3083 18305 3084 3084 18306 1046 1046 18307 1048 1048 18308 1048 1048 18309 3085 3085 18310 3084 3084 18311 3085 3085 18312 1048 1048 18313 1050 1050 18314 1050 1050 18315 3086 3086 18316 3085 3085 18317 3086 3086 18318 1050 1050 18319 1052 1052 18320 1052 1052 18321 3087 3087 18322 3086 3086 18323 3087 3087 18324 1052 1052 18325 1054 1054 18326 1054 1054 18327 3088 3088 18328 3087 3087 18329 3088 3088 18330 1054 1054 18331 1056 1056 18332 1056 1056 18333 3089 3089 18334 3088 3088 18335 3089 3089 18336 1056 1056 18337 1058 1058 18338 1058 1058 18339 3090 3090 18340 3089 3089 18341 3090 3090 18342 1058 1058 18343 1060 1060 18344 1060 1060 18345 3091 3091 18346 3090 3090 18347 3091 3091 18348 1060 1060 18349 1062 1062 18350 1062 1062 18351 3092 3092 18352 3091 3091 18353 3092 3092 18354 1062 1062 18355 1064 1064 18356 1064 1064 18357 3093 3093 18358 3092 3092 18359 3093 3093 18360 1064 1064 18361 1066 1066 18362 1066 1066 18363 3094 3094 18364 3093 3093 18365 3094 3094 18366 1066 1066 18367 1068 1068 18368 1068 1068 18369 3095 3095 18370 3094 3094 18371 3095 3095 18372 1068 1068 18373 1070 1070 18374 1070 1070 18375 3096 3096 18376 3095 3095 18377 3096 3096 18378 1070 1070 18379 1072 1072 18380 1072 1072 18381 3097 3097 18382 3096 3096 18383 3097 3097 18384 1072 1072 18385 1074 1074 18386 1074 1074 18387 3098 3098 18388 3097 3097 18389 3098 3098 18390 1074 1074 18391 1076 1076 18392 1076 1076 18393 3099 3099 18394 3098 3098 18395 3099 3099 18396 1076 1076 18397 1078 1078 18398 1078 1078 18399 3100 3100 18400 3099 3099 18401 3100 3100 18402 1078 1078 18403 1080 1080 18404 1080 1080 18405 3101 3101 18406 3100 3100 18407 3101 3101 18408 1080 1080 18409 1082 1082 18410 1082 1082 18411 3102 3102 18412 3101 3101 18413 3102 3102 18414 1082 1082 18415 1084 1084 18416 1084 1084 18417 3103 3103 18418 3102 3102 18419 3103 3103 18420 1084 1084 18421 1086 1086 18422 1086 1086 18423 3104 3104 18424 3103 3103 18425 3104 3104 18426 1086 1086 18427 1088 1088 18428 1088 1088 18429 3105 3105 18430 3104 3104 18431 3105 3105 18432 1088 1088 18433 1090 1090 18434 1090 1090 18435 3106 3106 18436 3105 3105 18437 3106 3106 18438 1090 1090 18439 1092 1092 18440 1092 1092 18441 3107 3107 18442 3106 3106 18443 3107 3107 18444 1092 1092 18445 1094 1094 18446 1094 1094 18447 3108 3108 18448 3107 3107 18449 3108 3108 18450 1094 1094 18451 1096 1096 18452 1096 1096 18453 3109 3109 18454 3108 3108 18455 3109 3109 18456 1096 1096 18457 1098 1098 18458 1098 1098 18459 3110 3110 18460 3109 3109 18461 3110 3110 18462 1098 1098 18463 1100 1100 18464 1100 1100 18465 3111 3111 18466 3110 3110 18467 3111 3111 18468 1100 1100 18469 1102 1102 18470 1102 1102 18471 3112 3112 18472 3111 3111 18473 3112 3112 18474 1102 1102 18475 1104 1104 18476 1104 1104 18477 3113 3113 18478 3112 3112 18479 3113 3113 18480 1104 1104 18481 1106 1106 18482 1106 1106 18483 3114 3114 18484 3113 3113 18485 3114 3114 18486 1106 1106 18487 1108 1108 18488 1108 1108 18489 3115 3115 18490 3114 3114 18491 3115 3115 18492 1108 1108 18493 1110 1110 18494 1110 1110 18495 3116 3116 18496 3115 3115 18497 3116 3116 18498 1110 1110 18499 1112 1112 18500 1112 1112 18501 3117 3117 18502 3116 3116 18503 3117 3117 18504 1112 1112 18505 1114 1114 18506 1114 1114 18507 3118 3118 18508 3117 3117 18509 3118 3118 18510 1114 1114 18511 1116 1116 18512 1116 1116 18513 3119 3119 18514 3118 3118 18515 3119 3119 18516 1116 1116 18517 1118 1118 18518 1118 1118 18519 3120 3120 18520 3119 3119 18521 3120 3120 18522 1118 1118 18523 1120 1120 18524 1120 1120 18525 3121 3121 18526 3120 3120 18527 3121 3121 18528 1120 1120 18529 1122 1122 18530 1122 1122 18531 3122 3122 18532 3121 3121 18533 3122 3122 18534 1122 1122 18535 1124 1124 18536 1124 1124 18537 3123 3123 18538 3122 3122 18539 3123 3123 18540 1124 1124 18541 1126 1126 18542 1126 1126 18543 3124 3124 18544 3123 3123 18545 3124 3124 18546 1126 1126 18547 1128 1128 18548 1128 1128 18549 3125 3125 18550 3124 3124 18551 3125 3125 18552 1128 1128 18553 1130 1130 18554 1130 1130 18555 3126 3126 18556 3125 3125 18557 3126 3126 18558 1130 1130 18559 1132 1132 18560 1132 1132 18561 3127 3127 18562 3126 3126 18563 3127 3127 18564 1132 1132 18565 1134 1134 18566 1134 1134 18567 3128 3128 18568 3127 3127 18569 3128 3128 18570 1134 1134 18571 1136 1136 18572 1136 1136 18573 3129 3129 18574 3128 3128 18575 3129 3129 18576 1136 1136 18577 1138 1138 18578 1138 1138 18579 3130 3130 18580 3129 3129 18581 3130 3130 18582 1138 1138 18583 1140 1140 18584 1140 1140 18585 3131 3131 18586 3130 3130 18587 3131 3131 18588 1140 1140 18589 1142 1142 18590 1142 1142 18591 3132 3132 18592 3131 3131 18593 3132 3132 18594 1142 1142 18595 1144 1144 18596 1144 1144 18597 3133 3133 18598 3132 3132 18599 3133 3133 18600 1144 1144 18601 1146 1146 18602 1146 1146 18603 3134 3134 18604 3133 3133 18605 3134 3134 18606 1146 1146 18607 1148 1148 18608 1148 1148 18609 3135 3135 18610 3134 3134 18611 3135 3135 18612 1148 1148 18613 1150 1150 18614 1150 1150 18615 3136 3136 18616 3135 3135 18617 3136 3136 18618 1150 1150 18619 1152 1152 18620 1152 1152 18621 3137 3137 18622 3136 3136 18623 3137 3137 18624 1152 1152 18625 18 18 18626 18 18 18627 60 60 18628 3137 3137 18629 3139 3139 18630 3239 3239 18631 1153 1153 18632 1153 1153 18633 3140 3140 18634 3139 3139 18635 3140 3140 18636 1153 1153 18637 1156 1156 18638 1156 1156 18639 3141 3141 18640 3140 3140 18641 3141 3141 18642 1156 1156 18643 1158 1158 18644 1158 1158 18645 3142 3142 18646 3141 3141 18647 3142 3142 18648 1158 1158 18649 1160 1160 18650 1160 1160 18651 3143 3143 18652 3142 3142 18653 3143 3143 18654 1160 1160 18655 1162 1162 18656 1162 1162 18657 3144 3144 18658 3143 3143 18659 3144 3144 18660 1162 1162 18661 1164 1164 18662 1164 1164 18663 3145 3145 18664 3144 3144 18665 3145 3145 18666 1164 1164 18667 1166 1166 18668 1166 1166 18669 3146 3146 18670 3145 3145 18671 3146 3146 18672 1166 1166 18673 1168 1168 18674 1168 1168 18675 3147 3147 18676 3146 3146 18677 3147 3147 18678 1168 1168 18679 1170 1170 18680 1170 1170 18681 3148 3148 18682 3147 3147 18683 3148 3148 18684 1170 1170 18685 1172 1172 18686 1172 1172 18687 3149 3149 18688 3148 3148 18689 3149 3149 18690 1172 1172 18691 1174 1174 18692 1174 1174 18693 3150 3150 18694 3149 3149 18695 3150 3150 18696 1174 1174 18697 1176 1176 18698 1176 1176 18699 3151 3151 18700 3150 3150 18701 3151 3151 18702 1176 1176 18703 1178 1178 18704 1178 1178 18705 3152 3152 18706 3151 3151 18707 3152 3152 18708 1178 1178 18709 1180 1180 18710 1180 1180 18711 3153 3153 18712 3152 3152 18713 3153 3153 18714 1180 1180 18715 1182 1182 18716 1182 1182 18717 3154 3154 18718 3153 3153 18719 3154 3154 18720 1182 1182 18721 1184 1184 18722 1184 1184 18723 3155 3155 18724 3154 3154 18725 3155 3155 18726 1184 1184 18727 1186 1186 18728 1186 1186 18729 3156 3156 18730 3155 3155 18731 3156 3156 18732 1186 1186 18733 1188 1188 18734 1188 1188 18735 3157 3157 18736 3156 3156 18737 3157 3157 18738 1188 1188 18739 1190 1190 18740 1190 1190 18741 3158 3158 18742 3157 3157 18743 3158 3158 18744 1190 1190 18745 1192 1192 18746 1192 1192 18747 3159 3159 18748 3158 3158 18749 3159 3159 18750 1192 1192 18751 1194 1194 18752 1194 1194 18753 3160 3160 18754 3159 3159 18755 3160 3160 18756 1194 1194 18757 1196 1196 18758 1196 1196 18759 3161 3161 18760 3160 3160 18761 3161 3161 18762 1196 1196 18763 1198 1198 18764 1198 1198 18765 3162 3162 18766 3161 3161 18767 3162 3162 18768 1198 1198 18769 1200 1200 18770 1200 1200 18771 3163 3163 18772 3162 3162 18773 3163 3163 18774 1200 1200 18775 1202 1202 18776 1202 1202 18777 3164 3164 18778 3163 3163 18779 3164 3164 18780 1202 1202 18781 1204 1204 18782 1204 1204 18783 3165 3165 18784 3164 3164 18785 3165 3165 18786 1204 1204 18787 1206 1206 18788 1206 1206 18789 3166 3166 18790 3165 3165 18791 3166 3166 18792 1206 1206 18793 1208 1208 18794 1208 1208 18795 3167 3167 18796 3166 3166 18797 3167 3167 18798 1208 1208 18799 1210 1210 18800 1210 1210 18801 3168 3168 18802 3167 3167 18803 3168 3168 18804 1210 1210 18805 1212 1212 18806 1212 1212 18807 3169 3169 18808 3168 3168 18809 3169 3169 18810 1212 1212 18811 1214 1214 18812 1214 1214 18813 3170 3170 18814 3169 3169 18815 3170 3170 18816 1214 1214 18817 1216 1216 18818 1216 1216 18819 3171 3171 18820 3170 3170 18821 3171 3171 18822 1216 1216 18823 1218 1218 18824 1218 1218 18825 3172 3172 18826 3171 3171 18827 3172 3172 18828 1218 1218 18829 1220 1220 18830 1220 1220 18831 3173 3173 18832 3172 3172 18833 3173 3173 18834 1220 1220 18835 1222 1222 18836 1222 1222 18837 3174 3174 18838 3173 3173 18839 3174 3174 18840 1222 1222 18841 1224 1224 18842 1224 1224 18843 3175 3175 18844 3174 3174 18845 3175 3175 18846 1224 1224 18847 1226 1226 18848 1226 1226 18849 3176 3176 18850 3175 3175 18851 3176 3176 18852 1226 1226 18853 1228 1228 18854 1228 1228 18855 3177 3177 18856 3176 3176 18857 3177 3177 18858 1228 1228 18859 1230 1230 18860 1230 1230 18861 3178 3178 18862 3177 3177 18863 3178 3178 18864 1230 1230 18865 1232 1232 18866 1232 1232 18867 3179 3179 18868 3178 3178 18869 3179 3179 18870 1232 1232 18871 1234 1234 18872 1234 1234 18873 3180 3180 18874 3179 3179 18875 3180 3180 18876 1234 1234 18877 1236 1236 18878 1236 1236 18879 3181 3181 18880 3180 3180 18881 3181 3181 18882 1236 1236 18883 1238 1238 18884 1238 1238 18885 3182 3182 18886 3181 3181 18887 3182 3182 18888 1238 1238 18889 1240 1240 18890 1240 1240 18891 3183 3183 18892 3182 3182 18893 3183 3183 18894 1240 1240 18895 1242 1242 18896 1242 1242 18897 3184 3184 18898 3183 3183 18899 3184 3184 18900 1242 1242 18901 1244 1244 18902 1244 1244 18903 3185 3185 18904 3184 3184 18905 3185 3185 18906 1244 1244 18907 1246 1246 18908 1246 1246 18909 3186 3186 18910 3185 3185 18911 3186 3186 18912 1246 1246 18913 1248 1248 18914 1248 1248 18915 3187 3187 18916 3186 3186 18917 3187 3187 18918 1248 1248 18919 1250 1250 18920 1250 1250 18921 3188 3188 18922 3187 3187 18923 3188 3188 18924 1250 1250 18925 1252 1252 18926 1252 1252 18927 3189 3189 18928 3188 3188 18929 3189 3189 18930 1252 1252 18931 1254 1254 18932 1254 1254 18933 3190 3190 18934 3189 3189 18935 3190 3190 18936 1254 1254 18937 1256 1256 18938 1256 1256 18939 3191 3191 18940 3190 3190 18941 3191 3191 18942 1256 1256 18943 1258 1258 18944 1258 1258 18945 3192 3192 18946 3191 3191 18947 3192 3192 18948 1258 1258 18949 1260 1260 18950 1260 1260 18951 3193 3193 18952 3192 3192 18953 3193 3193 18954 1260 1260 18955 1262 1262 18956 1262 1262 18957 3194 3194 18958 3193 3193 18959 3194 3194 18960 1262 1262 18961 1264 1264 18962 1264 1264 18963 3195 3195 18964 3194 3194 18965 3195 3195 18966 1264 1264 18967 1266 1266 18968 1266 1266 18969 3196 3196 18970 3195 3195 18971 3196 3196 18972 1266 1266 18973 1268 1268 18974 1268 1268 18975 3197 3197 18976 3196 3196 18977 3197 3197 18978 1268 1268 18979 1270 1270 18980 1270 1270 18981 3198 3198 18982 3197 3197 18983 3198 3198 18984 1270 1270 18985 1272 1272 18986 1272 1272 18987 3199 3199 18988 3198 3198 18989 3199 3199 18990 1272 1272 18991 1274 1274 18992 1274 1274 18993 3200 3200 18994 3199 3199 18995 3200 3200 18996 1274 1274 18997 1276 1276 18998 1276 1276 18999 3201 3201 19000 3200 3200 19001 3201 3201 19002 1276 1276 19003 1278 1278 19004 1278 1278 19005 3202 3202 19006 3201 3201 19007 3202 3202 19008 1278 1278 19009 1280 1280 19010 1280 1280 19011 3203 3203 19012 3202 3202 19013 3203 3203 19014 1280 1280 19015 1282 1282 19016 1282 1282 19017 3204 3204 19018 3203 3203 19019 3204 3204 19020 1282 1282 19021 1284 1284 19022 1284 1284 19023 3205 3205 19024 3204 3204 19025 3205 3205 19026 1284 1284 19027 1286 1286 19028 1286 1286 19029 3206 3206 19030 3205 3205 19031 3206 3206 19032 1286 1286 19033 1288 1288 19034 1288 1288 19035 3207 3207 19036 3206 3206 19037 3207 3207 19038 1288 1288 19039 1290 1290 19040 1290 1290 19041 3208 3208 19042 3207 3207 19043 3208 3208 19044 1290 1290 19045 1292 1292 19046 1292 1292 19047 3209 3209 19048 3208 3208 19049 3209 3209 19050 1292 1292 19051 1294 1294 19052 1294 1294 19053 3210 3210 19054 3209 3209 19055 3210 3210 19056 1294 1294 19057 1296 1296 19058 1296 1296 19059 3211 3211 19060 3210 3210 19061 3211 3211 19062 1296 1296 19063 1298 1298 19064 1298 1298 19065 3212 3212 19066 3211 3211 19067 3212 3212 19068 1298 1298 19069 1300 1300 19070 1300 1300 19071 3213 3213 19072 3212 3212 19073 3213 3213 19074 1300 1300 19075 1302 1302 19076 1302 1302 19077 3214 3214 19078 3213 3213 19079 3214 3214 19080 1302 1302 19081 1304 1304 19082 1304 1304 19083 3215 3215 19084 3214 3214 19085 3215 3215 19086 1304 1304 19087 1306 1306 19088 1306 1306 19089 3216 3216 19090 3215 3215 19091 3216 3216 19092 1306 1306 19093 1308 1308 19094 1308 1308 19095 3217 3217 19096 3216 3216 19097 3217 3217 19098 1308 1308 19099 1310 1310 19100 1310 1310 19101 3218 3218 19102 3217 3217 19103 3218 3218 19104 1310 1310 19105 1312 1312 19106 1312 1312 19107 3219 3219 19108 3218 3218 19109 3219 3219 19110 1312 1312 19111 1314 1314 19112 1314 1314 19113 3220 3220 19114 3219 3219 19115 3220 3220 19116 1314 1314 19117 1316 1316 19118 1316 1316 19119 3221 3221 19120 3220 3220 19121 3221 3221 19122 1316 1316 19123 1318 1318 19124 1318 1318 19125 3222 3222 19126 3221 3221 19127 3222 3222 19128 1318 1318 19129 1320 1320 19130 1320 1320 19131 3223 3223 19132 3222 3222 19133 3223 3223 19134 1320 1320 19135 1322 1322 19136 1322 1322 19137 3224 3224 19138 3223 3223 19139 3224 3224 19140 1322 1322 19141 1324 1324 19142 1324 1324 19143 3225 3225 19144 3224 3224 19145 3225 3225 19146 1324 1324 19147 1326 1326 19148 1326 1326 19149 3226 3226 19150 3225 3225 19151 3226 3226 19152 1326 1326 19153 1328 1328 19154 1328 1328 19155 3227 3227 19156 3226 3226 19157 3227 3227 19158 1328 1328 19159 1330 1330 19160 1330 1330 19161 3228 3228 19162 3227 3227 19163 3228 3228 19164 1330 1330 19165 1332 1332 19166 1332 1332 19167 3229 3229 19168 3228 3228 19169 3229 3229 19170 1332 1332 19171 1334 1334 19172 1334 1334 19173 3230 3230 19174 3229 3229 19175 3230 3230 19176 1334 1334 19177 1336 1336 19178 1336 1336 19179 3231 3231 19180 3230 3230 19181 3231 3231 19182 1336 1336 19183 1338 1338 19184 1338 1338 19185 3232 3232 19186 3231 3231 19187 3232 3232 19188 1338 1338 19189 1340 1340 19190 1340 1340 19191 3233 3233 19192 3232 3232 19193 3233 3233 19194 1340 1340 19195 1342 1342 19196 1342 1342 19197 3234 3234 19198 3233 3233 19199 3234 3234 19200 1342 1342 19201 1344 1344 19202 1344 1344 19203 3235 3235 19204 3234 3234 19205 3235 3235 19206 1344 1344 19207 1346 1346 19208 1346 1346 19209 3236 3236 19210 3235 3235 19211 3236 3236 19212 1346 1346 19213 1348 1348 19214 1348 1348 19215 3237 3237 19216 3236 3236 19217 3237 3237 19218 1348 1348 19219 1350 1350 19220 1350 1350 19221 3238 3238 19222 3237 3237 19223 3238 3238 19224 1350 1350 19225 22 22 19226 22 22 19227 62 62 19228 3238 3238 19229 8 8 19230 29 29 19231 3240 3240 19232 3240 3240 19233 3241 3241 19234 8 8 19235 12 12 19236 31 31 19237 3242 3242 19238 3242 3242 19239 3243 3243 19240 12 12 19241 16 16 19242 33 33 19243 3244 3244 19244 3244 3244 19245 3245 3245 19246 16 16 19247 20 20 19248 35 35 19249 3246 3246 19250 3246 3246 19251 3247 3247 19252 20 20 19253 24 24 19254 37 37 19255 3248 3248 19256 3248 3248 19257 3249 3249 19258 24 24 19259 27 27 19260 39 39 19261 3250 3250 19262 3250 3250 19263 3251 3251 19264 27 27 19265 29 29 19266 41 41 19267 3252 3252 19268 3252 3252 19269 3240 3240 19270 29 29 19271 31 31 19272 43 43 19273 3253 3253 19274 3253 3253 19275 3242 3242 19276 31 31 19277 33 33 19278 45 45 19279 3254 3254 19280 3254 3254 19281 3244 3244 19282 33 33 19283 35 35 19284 47 47 19285 3255 3255 19286 3255 3255 19287 3246 3246 19288 35 35 19289 37 37 19290 49 49 19291 3256 3256 19292 3256 3256 19293 3248 3248 19294 37 37 19295 39 39 19296 51 51 19297 3257 3257 19298 3257 3257 19299 3250 3250 19300 39 39 19301 41 41 19302 53 53 19303 3258 3258 19304 3258 3258 19305 3252 3252 19306 41 41 19307 43 43 19308 55 55 19309 3259 3259 19310 3259 3259 19311 3253 3253 19312 43 43 19313 45 45 19314 57 57 19315 3260 3260 19316 3260 3260 19317 3254 3254 19318 45 45 19319 47 47 19320 59 59 19321 3261 3261 19322 3261 3261 19323 3255 3255 19324 47 47 19325 49 49 19326 61 61 19327 3262 3262 19328 3262 3262 19329 3256 3256 19330 49 49 19331 51 51 19332 63 63 19333 3263 3263 19334 3263 3263 19335 3257 3257 19336 51 51 19337 53 53 19338 5 5 19339 3264 3264 19340 3264 3264 19341 3258 3258 19342 53 53 19343 55 55 19344 9 9 19345 3265 3265 19346 3265 3265 19347 3259 3259 19348 55 55 19349 57 57 19350 13 13 19351 3266 3266 19352 3266 3266 19353 3260 3260 19354 57 57 19355 59 59 19356 17 17 19357 3267 3267 19358 3267 3267 19359 3261 3261 19360 59 59 19361 61 61 19362 21 21 19363 3268 3268 19364 3268 3268 19365 3262 3262 19366 61 61 19367 63 63 19368 25 25 19369 3269 3269 19370 3269 3269 19371 3263 3263 19372 63 63 19373 3 3 19374 2 2 19375 3270 3270 19376 3270 3270 19377 3271 3271 19378 3 3 19379 5 5 19380 3 3 19381 3271 3271 19382 3271 3271 19383 3264 3264 19384 5 5 19385 9 9 19386 8 8 19387 3241 3241 19388 3241 3241 19389 3265 3265 19390 9 9 19391 13 13 19392 12 12 19393 3243 3243 19394 3243 3243 19395 3266 3266 19396 13 13 19397 17 17 19398 16 16 19399 3245 3245 19400 3245 3245 19401 3267 3267 19402 17 17 19403 21 21 19404 20 20 19405 3247 3247 19406 3247 3247 19407 3268 3268 19408 21 21 19409 25 25 19410 24 24 19411 3249 3249 19412 3249 3249 19413 3269 3269 19414 25 25 19415 2 2 19416 27 27 19417 3251 3251 19418 3251 3251 19419 3270 3270 19420 2 2 19421 3246 3246 19422 3255 3255 19423 3272 3272 19424 3272 3272 19425 3273 3273 19426 3246 3246 19427 3248 3248 19428 3256 3256 19429 3274 3274 19430 3274 3274 19431 3275 3275 19432 3248 3248 19433 3250 3250 19434 3257 3257 19435 3276 3276 19436 3276 3276 19437 3277 3277 19438 3250 3250 19439 3252 3252 19440 3258 3258 19441 3278 3278 19442 3278 3278 19443 3279 3279 19444 3252 3252 19445 3253 3253 19446 3259 3259 19447 3280 3280 19448 3280 3280 19449 3281 3281 19450 3253 3253 19451 3254 3254 19452 3260 3260 19453 3282 3282 19454 3282 3282 19455 3283 3283 19456 3254 3254 19457 3255 3255 19458 3261 3261 19459 3284 3284 19460 3284 3284 19461 3272 3272 19462 3255 3255 19463 3256 3256 19464 3262 3262 19465 3285 3285 19466 3285 3285 19467 3274 3274 19468 3256 3256 19469 3257 3257 19470 3263 3263 19471 3286 3286 19472 3286 3286 19473 3276 3276 19474 3257 3257 19475 3258 3258 19476 3264 3264 19477 3287 3287 19478 3287 3287 19479 3278 3278 19480 3258 3258 19481 3259 3259 19482 3265 3265 19483 3288 3288 19484 3288 3288 19485 3280 3280 19486 3259 3259 19487 3260 3260 19488 3266 3266 19489 3289 3289 19490 3289 3289 19491 3282 3282 19492 3260 3260 19493 3261 3261 19494 3267 3267 19495 3290 3290 19496 3290 3290 19497 3284 3284 19498 3261 3261 19499 3262 3262 19500 3268 3268 19501 3291 3291 19502 3291 3291 19503 3285 3285 19504 3262 3262 19505 3263 3263 19506 3269 3269 19507 3292 3292 19508 3292 3292 19509 3286 3286 19510 3263 3263 19511 3271 3271 19512 3270 3270 19513 3293 3293 19514 3293 3293 19515 3294 3294 19516 3271 3271 19517 3264 3264 19518 3271 3271 19519 3294 3294 19520 3294 3294 19521 3287 3287 19522 3264 3264 19523 3265 3265 19524 3241 3241 19525 3295 3295 19526 3295 3295 19527 3288 3288 19528 3265 3265 19529 3266 3266 19530 3243 3243 19531 3296 3296 19532 3296 3296 19533 3289 3289 19534 3266 3266 19535 3267 3267 19536 3245 3245 19537 3297 3297 19538 3297 3297 19539 3290 3290 19540 3267 3267 19541 3268 3268 19542 3247 3247 19543 3298 3298 19544 3298 3298 19545 3291 3291 19546 3268 3268 19547 3269 3269 19548 3249 3249 19549 3299 3299 19550 3299 3299 19551 3292 3292 19552 3269 3269 19553 3270 3270 19554 3251 3251 19555 3300 3300 19556 3300 3300 19557 3293 3293 19558 3270 3270 19559 3241 3241 19560 3240 3240 19561 3301 3301 19562 3301 3301 19563 3295 3295 19564 3241 3241 19565 3243 3243 19566 3242 3242 19567 3302 3302 19568 3302 3302 19569 3296 3296 19570 3243 3243 19571 3245 3245 19572 3244 3244 19573 3303 3303 19574 3303 3303 19575 3297 3297 19576 3245 3245 19577 3247 3247 19578 3246 3246 19579 3273 3273 19580 3273 3273 19581 3298 3298 19582 3247 3247 19583 3249 3249 19584 3248 3248 19585 3275 3275 19586 3275 3275 19587 3299 3299 19588 3249 3249 19589 3251 3251 19590 3250 3250 19591 3277 3277 19592 3277 3277 19593 3300 3300 19594 3251 3251 19595 3240 3240 19596 3252 3252 19597 3279 3279 19598 3279 3279 19599 3301 3301 19600 3240 3240 19601 3242 3242 19602 3253 3253 19603 3281 3281 19604 3281 3281 19605 3302 3302 19606 3242 3242 19607 3244 3244 19608 3254 3254 19609 3283 3283 19610 3283 3283 19611 3303 3303 19612 3244 3244 19613 3290 3290 19614 3297 3297 19615 3304 3304 19616 3304 3304 19617 3305 3305 19618 3290 3290 19619 3291 3291 19620 3298 3298 19621 3306 3306 19622 3306 3306 19623 3307 3307 19624 3291 3291 19625 3292 3292 19626 3299 3299 19627 3308 3308 19628 3308 3308 19629 3309 3309 19630 3292 3292 19631 3293 3293 19632 3300 3300 19633 3310 3310 19634 3310 3310 19635 3311 3311 19636 3293 3293 19637 3295 3295 19638 3301 3301 19639 3312 3312 19640 3312 3312 19641 3313 3313 19642 3295 3295 19643 3296 3296 19644 3302 3302 19645 3314 3314 19646 3314 3314 19647 3315 3315 19648 3296 3296 19649 3297 3297 19650 3303 3303 19651 3316 3316 19652 3316 3316 19653 3304 3304 19654 3297 3297 19655 3298 3298 19656 3273 3273 19657 3317 3317 19658 3317 3317 19659 3306 3306 19660 3298 3298 19661 3299 3299 19662 3275 3275 19663 3318 3318 19664 3318 3318 19665 3308 3308 19666 3299 3299 19667 3300 3300 19668 3277 3277 19669 3319 3319 19670 3319 3319 19671 3310 3310 19672 3300 3300 19673 3301 3301 19674 3279 3279 19675 3320 3320 19676 3320 3320 19677 3312 3312 19678 3301 3301 19679 3302 3302 19680 3281 3281 19681 3321 3321 19682 3321 3321 19683 3314 3314 19684 3302 3302 19685 3303 3303 19686 3283 3283 19687 3322 3322 19688 3322 3322 19689 3316 3316 19690 3303 3303 19691 3273 3273 19692 3272 3272 19693 3323 3323 19694 3323 3323 19695 3317 3317 19696 3273 3273 19697 3275 3275 19698 3274 3274 19699 3324 3324 19700 3324 3324 19701 3318 3318 19702 3275 3275 19703 3277 3277 19704 3276 3276 19705 3325 3325 19706 3325 3325 19707 3319 3319 19708 3277 3277 19709 3279 3279 19710 3278 3278 19711 3326 3326 19712 3326 3326 19713 3320 3320 19714 3279 3279 19715 3281 3281 19716 3280 3280 19717 3327 3327 19718 3327 3327 19719 3321 3321 19720 3281 3281 19721 3272 3272 19722 3284 3284 19723 3328 3328 19724 3328 3328 19725 3323 3323 19726 3272 3272 19727 3274 3274 19728 3285 3285 19729 3329 3329 19730 3329 3329 19731 3324 3324 19732 3274 3274 19733 3276 3276 19734 3286 3286 19735 3330 3330 19736 3330 3330 19737 3325 3325 19738 3276 3276 19739 3278 3278 19740 3287 3287 19741 3331 3331 19742 3331 3331 19743 3326 3326 19744 3278 3278 19745 3280 3280 19746 3288 3288 19747 3332 3332 19748 3332 3332 19749 3327 3327 19750 3280 3280 19751 3284 3284 19752 3290 3290 19753 3305 3305 19754 3305 3305 19755 3328 3328 19756 3284 3284 19757 3285 3285 19758 3291 3291 19759 3307 3307 19760 3307 3307 19761 3329 3329 19762 3285 3285 19763 3286 3286 19764 3292 3292 19765 3309 3309 19766 3309 3309 19767 3330 3330 19768 3286 3286 19769 3294 3294 19770 3293 3293 19771 3311 3311 19772 3311 3311 19773 3333 3333 19774 3294 3294 19775 3287 3287 19776 3294 3294 19777 3333 3333 19778 3333 3333 19779 3331 3331 19780 3287 3287 19781 3288 3288 19782 3295 3295 19783 3313 3313 19784 3313 3313 19785 3332 3332 19786 3288 3288 19787 3289 3289 19788 3296 3296 19789 3315 3315 19790 3315 3315 19791 3334 3334 19792 3289 3289 19793 3313 3313 19794 3312 3312 19795 3335 3335 19796 3315 3315 19797 3314 3314 19798 3335 3336 19799 3304 3304 19800 3316 3316 19801 3335 3337 19802 3306 3306 19803 3317 3317 19804 3335 3338 19805 3308 3308 19806 3318 3318 19807 3335 3339 19808 3310 3310 19809 3319 3319 19810 3335 3339 19811 3312 3312 19812 3320 3320 19813 3335 3335 19814 3314 3314 19815 3321 3321 19816 3335 3336 19817 3316 3316 19818 3322 3322 19819 3335 3340 19820 3317 3317 19821 3323 3323 19822 3335 3341 19823 3318 3318 19824 3324 3324 19825 3335 3339 19826 3319 3319 19827 3325 3325 19828 3335 3339 19829 3320 3320 19830 3326 3326 19831 3335 3342 19832 3321 3321 19833 3327 3327 19834 3335 3343 19835 3323 3323 19836 3328 3328 19837 3335 3344 19838 3324 3324 19839 3329 3329 19840 3335 3339 19841 3325 3325 19842 3330 3330 19843 3335 3339 19844 3326 3326 19845 3331 3331 19846 3335 3345 19847 3327 3327 19848 3332 3332 19849 3335 3335 19850 3328 3328 19851 3305 3305 19852 3335 3346 19853 3329 3329 19854 3307 3307 19855 3335 3339 19856 3330 3330 19857 3309 3309 19858 3335 3339 19859 3333 3333 19860 3311 3311 19861 3335 3347 19862 3331 3331 19863 3333 3333 19864 3335 3348 19865 3332 3332 19866 3313 3313 19867 3335 3335 19868 3334 3334 19869 3315 3315 19870 3335 3336 19871 3305 3305 19872 3304 3304 19873 3335 3349 19874 3307 3307 19875 3306 3306 19876 3335 3350 19877 3309 3309 19878 3308 3308 19879 3335 3339 19880 3311 3311 19881 3310 3310 19882 3335 3351 19883 3336 3352 19884 3337 3353 19885 3338 3354 19886 3338 3354 19887 3339 3355 19888 3336 3352 19889 3340 3356 19890 3341 3357 19891 3342 3358 19892 3342 3358 19893 3343 3359 19894 3340 3356 19895 3344 3360 19896 3336 3352 19897 3339 3355 19898 3339 3355 19899 3345 3361 19900 3344 3360 19901 3346 3362 19902 3340 3356 19903 3343 3359 19904 3343 3359 19905 3347 3363 19906 3346 3362 19907 3348 3364 19908 3349 3365 19909 3350 3366 19910 3350 3366 19911 3351 3367 19912 3348 3364 19913 3352 3368 19914 3344 3360 19915 3345 3361 19916 3345 3361 19917 3353 3369 19918 3352 3368 19919 3354 3370 19920 3346 3362 19921 3347 3363 19922 3347 3363 19923 3355 3371 19924 3354 3370 19925 3356 3372 19926 3348 3364 19927 3351 3367 19928 3351 3367 19929 3357 3373 19930 3356 3372 19931 3358 3374 19932 3352 3368 19933 3353 3369 19934 3353 3369 19935 3359 3375 19936 3358 3374 19937 3360 3376 19938 3354 3370 19939 3355 3371 19940 3355 3371 19941 3361 3377 19942 3360 3376 19943 3362 3378 19944 3356 3372 19945 3357 3373 19946 3357 3373 19947 3363 3379 19948 3362 3378 19949 3364 3380 19950 3358 3374 19951 3359 3375 19952 3359 3375 19953 3365 3381 19954 3364 3380 19955 3337 3353 19956 3360 3376 19957 3361 3377 19958 3361 3377 19959 3338 3354 19960 3337 3353 19961 3341 3357 19962 3366 3382 19963 3367 3383 19964 3367 3383 19965 3342 3358 19966 3341 3357 19967 3368 3384 19968 3362 3378 19969 3363 3379 19970 3363 3379 19971 3369 3385 19972 3368 3384 19973 3370 3386 19974 3371 3387 19975 3372 3388 19976 3372 3388 19977 3373 3389 19978 3370 3386 19979 3359 3375 19980 3353 3369 19981 3374 3390 19982 3374 3390 19983 3375 3391 19984 3359 3375 19985 3361 3377 19986 3355 3371 19987 3376 3392 19988 3376 3392 19989 3377 3393 19990 3361 3377 19991 3367 3383 19992 3378 3394 19993 3379 3395 19994 3379 3395 19995 3380 3396 19996 3367 3383 19997 3363 3379 19998 3357 3373 19999 3381 3397 20000 3381 3397 20001 3382 3398 20002 3363 3379 20003 3383 3399 20004 3384 3400 20005 3385 3401 20006 3385 3401 20007 3386 3402 20008 3383 3399 20009 3387 3403 20010 3370 3386 20011 3373 3389 20012 3373 3389 20013 3388 3404 20014 3387 3403 20015 3365 3381 20016 3359 3375 20017 3375 3391 20018 3375 3391 20019 3389 3405 20020 3365 3381 20021 3338 3354 20022 3361 3377 20023 3377 3393 20024 3377 3393 20025 3390 3406 20026 3338 3354 20027 3342 3358 20028 3367 3383 20029 3380 3396 20030 3380 3396 20031 3391 3407 20032 3342 3358 20033 3369 3385 20034 3363 3379 20035 3382 3398 20036 3382 3398 20037 3392 3408 20038 3369 3385 20039 3393 3409 20040 3383 3399 20041 3386 3402 20042 3386 3402 20043 3394 3410 20044 3393 3409 20045 3395 3411 20046 3396 3412 20047 3397 3413 20048 3397 3413 20049 3398 3414 20050 3395 3411 20051 3396 3412 20052 3387 3403 20053 3388 3404 20054 3388 3404 20055 3397 3413 20056 3396 3412 20057 3399 3415 20058 3365 3381 20059 3389 3405 20060 3389 3405 20061 3400 3416 20062 3399 3415 20063 3339 3355 20064 3338 3354 20065 3390 3406 20066 3390 3406 20067 3401 3417 20068 3339 3355 20069 3343 3359 20070 3342 3358 20071 3391 3407 20072 3391 3407 20073 3402 3418 20074 3343 3359 20075 3403 3419 20076 3369 3385 20077 3392 3408 20078 3392 3408 20079 3404 3420 20080 3403 3419 20081 3350 3366 20082 3393 3409 20083 3394 3410 20084 3394 3410 20085 3405 3421 20086 3350 3366 20087 3406 3422 20088 3395 3411 20089 3398 3414 20090 3398 3414 20091 3407 3423 20092 3406 3422 20093 3408 3424 20094 3399 3415 20095 3400 3416 20096 3400 3416 20097 3409 3425 20098 3408 3424 20099 3345 3361 20100 3339 3355 20101 3401 3417 20102 3401 3417 20103 3410 3426 20104 3345 3361 20105 3347 3363 20106 3343 3359 20107 3402 3418 20108 3402 3418 20109 3411 3427 20110 3347 3363 20111 3412 3428 20112 3403 3419 20113 3404 3420 20114 3404 3420 20115 3413 3429 20116 3412 3428 20117 3351 3367 20118 3350 3366 20119 3405 3421 20120 3405 3421 20121 3414 3430 20122 3351 3367 20123 3415 3431 20124 3406 3422 20125 3407 3423 20126 3407 3423 20127 3416 3432 20128 3415 3431 20129 3371 3387 20130 3408 3424 20131 3409 3425 20132 3409 3425 20133 3372 3388 20134 3371 3387 20135 3353 3369 20136 3345 3361 20137 3410 3426 20138 3410 3426 20139 3374 3390 20140 3353 3369 20141 3355 3371 20142 3347 3363 20143 3411 3427 20144 3411 3427 20145 3376 3392 20146 3355 3371 20147 3378 3394 20148 3412 3428 20149 3413 3429 20150 3413 3429 20151 3379 3395 20152 3378 3394 20153 3357 3373 20154 3351 3367 20155 3414 3430 20156 3414 3430 20157 3381 3397 20158 3357 3373 20159 3384 3400 20160 3415 3431 20161 3416 3432 20162 3416 3432 20163 3385 3401 20164 3384 3400 20165 3407 3423 20166 3398 3414 20167 3417 3433 20168 3417 3433 20169 3418 3434 20170 3407 3423 20171 3409 3425 20172 3400 3416 20173 3419 3435 20174 3419 3435 20175 3420 3436 20176 3409 3425 20177 3410 3426 20178 3401 3417 20179 3421 3437 20180 3421 3437 20181 3422 3438 20182 3410 3426 20183 3411 3427 20184 3402 3418 20185 3423 3439 20186 3423 3439 20187 3424 3440 20188 3411 3427 20189 3413 3429 20190 3404 3420 20191 3425 3441 20192 3425 3441 20193 3426 3442 20194 3413 3429 20195 3414 3430 20196 3405 3421 20197 3427 3443 20198 3427 3443 20199 3428 3444 20200 3414 3430 20201 3416 3432 20202 3407 3423 20203 3418 3434 20204 3418 3434 20205 3429 3445 20206 3416 3432 20207 3372 3388 20208 3409 3425 20209 3420 3436 20210 3420 3436 20211 3430 3446 20212 3372 3388 20213 3374 3390 20214 3410 3426 20215 3422 3438 20216 3422 3438 20217 3431 3447 20218 3374 3390 20219 3376 3392 20220 3411 3427 20221 3424 3440 20222 3424 3440 20223 3432 3448 20224 3376 3392 20225 3379 3395 20226 3413 3429 20227 3426 3442 20228 3426 3442 20229 3433 3449 20230 3379 3395 20231 3381 3397 20232 3414 3430 20233 3428 3444 20234 3428 3444 20235 3434 3450 20236 3381 3397 20237 3385 3401 20238 3416 3432 20239 3429 3445 20240 3429 3445 20241 3435 3451 20242 3385 3401 20243 3373 3389 20244 3372 3388 20245 3430 3446 20246 3430 3446 20247 3436 3452 20248 3373 3389 20249 3375 3391 20250 3374 3390 20251 3431 3447 20252 3431 3447 20253 3437 3453 20254 3375 3391 20255 3377 3393 20256 3376 3392 20257 3432 3448 20258 3432 3448 20259 3438 3454 20260 3377 3393 20261 3380 3396 20262 3379 3395 20263 3433 3449 20264 3433 3449 20265 3439 3455 20266 3380 3396 20267 3382 3398 20268 3381 3397 20269 3434 3450 20270 3434 3450 20271 3440 3456 20272 3382 3398 20273 3386 3402 20274 3385 3401 20275 3435 3451 20276 3435 3451 20277 3441 3457 20278 3386 3402 20279 3388 3404 20280 3373 3389 20281 3436 3452 20282 3436 3452 20283 3442 3458 20284 3388 3404 20285 3389 3405 20286 3375 3391 20287 3437 3453 20288 3437 3453 20289 3443 3459 20290 3389 3405 20291 3390 3406 20292 3377 3393 20293 3438 3454 20294 3438 3454 20295 3444 3460 20296 3390 3406 20297 3391 3407 20298 3380 3396 20299 3439 3455 20300 3439 3455 20301 3445 3461 20302 3391 3407 20303 3392 3408 20304 3382 3398 20305 3440 3456 20306 3440 3456 20307 3446 3462 20308 3392 3408 20309 3394 3410 20310 3386 3402 20311 3441 3457 20312 3441 3457 20313 3447 3463 20314 3394 3410 20315 3398 3414 20316 3397 3413 20317 3448 3464 20318 3448 3464 20319 3417 3433 20320 3398 3414 20321 3397 3413 20322 3388 3404 20323 3442 3458 20324 3442 3458 20325 3448 3464 20326 3397 3413 20327 3400 3416 20328 3389 3405 20329 3443 3459 20330 3443 3459 20331 3419 3435 20332 3400 3416 20333 3401 3417 20334 3390 3406 20335 3444 3460 20336 3444 3460 20337 3421 3437 20338 3401 3417 20339 3402 3418 20340 3391 3407 20341 3445 3461 20342 3445 3461 20343 3423 3439 20344 3402 3418 20345 3404 3420 20346 3392 3408 20347 3446 3462 20348 3446 3462 20349 3425 3441 20350 3404 3420 20351 3405 3421 20352 3394 3410 20353 3447 3463 20354 3447 3463 20355 3427 3443 20356 3405 3421 20357 3441 3457 20358 3435 3451 20359 3449 3465 20360 3449 3465 20361 3450 3466 20362 3441 3457 20363 3442 3458 20364 3436 3452 20365 3451 3467 20366 3451 3467 20367 3452 3468 20368 3442 3458 20369 3443 3459 20370 3437 3453 20371 3453 3469 20372 3453 3469 20373 3454 3470 20374 3443 3459 20375 3444 3460 20376 3438 3454 20377 3455 3471 20378 3455 3471 20379 3456 3472 20380 3444 3460 20381 3445 3461 20382 3439 3455 20383 3457 3473 20384 3457 3473 20385 3458 3474 20386 3445 3461 20387 3446 3462 20388 3440 3456 20389 3459 3475 20390 3459 3475 20391 3460 3476 20392 3446 3462 20393 3447 3463 20394 3441 3457 20395 3450 3466 20396 3450 3466 20397 3461 3477 20398 3447 3463 20399 3417 3433 20400 3448 3464 20401 3462 3478 20402 3462 3478 20403 3463 3479 20404 3417 3433 20405 3448 3464 20406 3442 3458 20407 3452 3468 20408 3452 3468 20409 3462 3478 20410 3448 3464 20411 3419 3435 20412 3443 3459 20413 3454 3470 20414 3454 3470 20415 3464 3480 20416 3419 3435 20417 3421 3437 20418 3444 3460 20419 3456 3472 20420 3456 3472 20421 3465 3481 20422 3421 3437 20423 3423 3439 20424 3445 3461 20425 3458 3474 20426 3458 3474 20427 3466 3482 20428 3423 3439 20429 3425 3441 20430 3446 3462 20431 3460 3476 20432 3460 3476 20433 3467 3483 20434 3425 3441 20435 3427 3443 20436 3447 3463 20437 3461 3477 20438 3461 3477 20439 3468 3484 20440 3427 3443 20441 3418 3434 20442 3417 3433 20443 3463 3479 20444 3463 3479 20445 3469 3485 20446 3418 3434 20447 3420 3436 20448 3419 3435 20449 3464 3480 20450 3464 3480 20451 3470 3486 20452 3420 3436 20453 3422 3438 20454 3421 3437 20455 3465 3481 20456 3465 3481 20457 3471 3487 20458 3422 3438 20459 3424 3440 20460 3423 3439 20461 3466 3482 20462 3466 3482 20463 3472 3488 20464 3424 3440 20465 3426 3442 20466 3425 3441 20467 3467 3483 20468 3467 3483 20469 3473 3489 20470 3426 3442 20471 3428 3444 20472 3427 3443 20473 3468 3484 20474 3468 3484 20475 3474 3490 20476 3428 3444 20477 3429 3445 20478 3418 3434 20479 3469 3485 20480 3469 3485 20481 3475 3491 20482 3429 3445 20483 3430 3446 20484 3420 3436 20485 3470 3486 20486 3470 3486 20487 3476 3492 20488 3430 3446 20489 3431 3447 20490 3422 3438 20491 3471 3487 20492 3471 3487 20493 3477 3493 20494 3431 3447 20495 3432 3448 20496 3424 3440 20497 3472 3488 20498 3472 3488 20499 3478 3494 20500 3432 3448 20501 3433 3449 20502 3426 3442 20503 3473 3489 20504 3473 3489 20505 3479 3495 20506 3433 3449 20507 3434 3450 20508 3428 3444 20509 3474 3490 20510 3474 3490 20511 3480 3496 20512 3434 3450 20513 3435 3451 20514 3429 3445 20515 3475 3491 20516 3475 3491 20517 3449 3465 20518 3435 3451 20519 3436 3452 20520 3430 3446 20521 3476 3492 20522 3476 3492 20523 3451 3467 20524 3436 3452 20525 3437 3453 20526 3431 3447 20527 3477 3493 20528 3477 3493 20529 3453 3469 20530 3437 3453 20531 3438 3454 20532 3432 3448 20533 3478 3494 20534 3478 3494 20535 3455 3471 20536 3438 3454 20537 3439 3455 20538 3433 3449 20539 3479 3495 20540 3479 3495 20541 3457 3473 20542 3439 3455 20543 3440 3456 20544 3434 3450 20545 3480 3496 20546 3480 3496 20547 3459 3475 20548 3440 3456 20549 3474 3490 20550 3468 3484 20551 3481 3497 20552 3475 3491 20553 3469 3485 20554 3481 3497 20555 3476 3492 20556 3470 3486 20557 3481 3497 20558 3477 3493 20559 3471 3487 20560 3481 3497 20561 3478 3494 20562 3472 3488 20563 3481 3497 20564 3479 3495 20565 3473 3489 20566 3481 3497 20567 3480 3496 20568 3474 3490 20569 3481 3497 20570 3449 3465 20571 3475 3491 20572 3481 3497 20573 3451 3467 20574 3476 3492 20575 3481 3497 20576 3453 3469 20577 3477 3493 20578 3481 3497 20579 3455 3471 20580 3478 3494 20581 3481 3497 20582 3457 3473 20583 3479 3495 20584 3481 3497 20585 3459 3475 20586 3480 3496 20587 3481 3497 20588 3450 3466 20589 3449 3465 20590 3481 3497 20591 3452 3468 20592 3451 3467 20593 3481 3497 20594 3454 3470 20595 3453 3469 20596 3481 3497 20597 3456 3472 20598 3455 3471 20599 3481 3497 20600 3458 3474 20601 3457 3473 20602 3481 3497 20603 3460 3476 20604 3459 3475 20605 3481 3497 20606 3461 3477 20607 3450 3466 20608 3481 3497 20609 3463 3479 20610 3462 3478 20611 3481 3497 20612 3462 3478 20613 3452 3468 20614 3481 3497 20615 3464 3480 20616 3454 3470 20617 3481 3497 20618 3465 3481 20619 3456 3472 20620 3481 3497 20621 3466 3482 20622 3458 3474 20623 3481 3497 20624 3467 3483 20625 3460 3476 20626 3481 3497 20627 3468 3484 20628 3461 3477 20629 3481 3497 20630 3469 3485 20631 3463 3479 20632 3481 3497 20633 3470 3486 20634 3464 3480 20635 3481 3497 20636 3471 3487 20637 3465 3481 20638 3481 3497 20639 3472 3488 20640 3466 3482 20641 3481 3497 20642 3473 3489 20643 3467 3483 20644 3481 3497 20645 3482 3498 20646 1351 1351 20647 65 65 20648 65 65 20649 64 64 20650 3482 3498 20651 3483 3499 20652 3482 3498 20653 64 64 20654 64 64 20655 262 262 20656 3483 3499 20657 3364 3380 20658 1452 1452 20659 362 362 20660 362 362 20661 361 361 20662 3364 3380 20663 3337 3353 20664 3336 3352 20665 560 560 20666 560 560 20667 559 559 20668 3337 3353 20669 3341 3357 20670 3340 3356 20671 758 758 20672 758 758 20673 757 757 20674 3341 3357 20675 3368 3384 20676 3484 3500 20677 956 956 20678 956 956 20679 955 955 20680 3368 3384 20681 3239 3239 20682 3349 3365 20683 1154 1154 20684 1154 1154 20685 1153 1153 20686 3239 3239 20687 3336 3352 20688 3344 3360 20689 1553 1553 20690 1553 1553 20691 560 560 20692 3336 3352 20693 3340 3356 20694 3346 3362 20695 1652 1652 20696 1652 1652 20697 758 758 20698 3340 3356 20699 3484 3500 20700 3485 3501 20701 1751 1751 20702 1751 1751 20703 956 956 20704 3484 3500 20705 3349 3365 20706 3348 3364 20707 1850 1850 20708 1850 1850 20709 1154 1154 20710 3349 3365 20711 1352 1352 20712 3486 3502 20713 1949 1949 20714 1949 1949 20715 1353 1353 20716 1352 1352 20717 3344 3360 20718 3352 3368 20719 2148 2148 20720 2148 2148 20721 1553 1553 20722 3344 3360 20723 3346 3362 20724 3354 3370 20725 2247 2247 20726 2247 2247 20727 1652 1652 20728 3346 3362 20729 3485 3501 20730 3487 3503 20731 2346 2346 20732 2346 2346 20733 1751 1751 20734 3485 3501 20735 3348 3364 20736 3356 3372 20737 2445 2445 20738 2445 2445 20739 1850 1850 20740 3348 3364 20741 3486 3502 20742 3138 3138 20743 2544 2544 20744 2544 2544 20745 1949 1949 20746 3486 3502 20747 2048 2048 20748 3488 3504 20749 2643 2643 20750 2643 2643 20751 2049 2049 20752 2048 2048 20753 3352 3368 20754 3358 3374 20755 2742 2742 20756 2742 2742 20757 2148 2148 20758 3352 3368 20759 3354 3370 20760 3360 3376 20761 2841 2841 20762 2841 2841 20763 2247 2247 20764 3354 3370 20765 3487 3503 20766 3366 3382 20767 2940 2940 20768 2940 2940 20769 2346 2346 20770 3487 3503 20771 3356 3372 20772 3362 3378 20773 3039 3039 20774 3039 3039 20775 2445 2445 20776 3356 3372 20777 3488 3504 20778 3483 3499 20779 262 262 20780 262 262 20781 2643 2643 20782 3488 3504 20783 3358 3374 20784 3364 3380 20785 361 361 20786 361 361 20787 2742 2742 20788 3358 3374 20789 3360 3376 20790 3337 3353 20791 559 559 20792 559 559 20793 2841 2841 20794 3360 3376 20795 3366 3382 20796 3341 3357 20797 757 757 20798 757 757 20799 2940 2940 20800 3366 3382 20801 3362 3378 20802 3368 3384 20803 955 955 20804 955 955 20805 3039 3039 20806 3362 3378 20807 3283 3283 20808 3282 3282 20809 3322 3322 20810 3282 3282 20811 3289 3289 20812 3334 3334 20813 3334 3334 20814 3322 3322 20815 3282 3282 20816 3322 3322 20817 3334 3334 20818 3335 3340 20819 1452 1452 20820 3364 3380 20821 3365 3381 20822 3365 3381 20823 3399 3415 20824 1452 1452 20825 3484 3500 20826 3368 3384 20827 3369 3385 20828 3369 3385 20829 3403 3419 20830 3484 3500 20831 3349 3365 20832 3239 3239 20833 3393 3409 20834 3393 3409 20835 3350 3366 20836 3349 3365 20837 1352 1352 20838 1351 1351 20839 3395 3411 20840 3395 3411 20841 3406 3422 20842 1352 1352 20843 1453 1453 20844 1452 1452 20845 3399 3415 20846 3399 3415 20847 3408 3424 20848 1453 1453 20849 3485 3501 20850 3484 3500 20851 3403 3419 20852 3403 3419 20853 3412 3428 20854 3485 3501 20855 3486 3502 20856 1352 1352 20857 3406 3422 20858 3406 3422 20859 3415 3431 20860 3486 3502 20861 2048 2048 20862 1453 1453 20863 3408 3424 20864 3408 3424 20865 3371 3387 20866 2048 2048 20867 3487 3503 20868 3485 3501 20869 3412 3428 20870 3412 3428 20871 3378 3394 20872 3487 3503 20873 3138 3138 20874 3486 3502 20875 3415 3431 20876 3415 3431 20877 3384 3400 20878 3138 3138 20879 3488 3504 20880 2048 2048 20881 3371 3387 20882 3371 3387 20883 3370 3386 20884 3488 3504 20885 3366 3382 20886 3487 3503 20887 3378 3394 20888 3378 3394 20889 3367 3383 20890 3366 3382 20891 3139 3139 20892 3138 3138 20893 3384 3400 20894 3384 3400 20895 3383 3399 20896 3139 3139 20897 3483 3499 20898 3488 3504 20899 3370 3386 20900 3370 3386 20901 3387 3403 20902 3483 3499 20903 3239 3239 20904 3139 3139 20905 3383 3399 20906 3383 3399 20907 3393 3409 20908 3239 3239 20909 1351 1351 20910 3482 3498 20911 3396 3412 20912 3396 3412 20913 3395 3411 20914 1351 1351 20915 3482 3498 20916 3483 3499 20917 3387 3403 20918 3387 3403 20919 3396 3412 20920 3482 3498 20921</p>
        </triangles>
      </mesh>
    </geometry>
  </library_geometries>
  <library_controllers>
    <controller id="_35tentacle_skeleton__35tentacle-skin" name="035tentacle_skeleton">
      <skin source="#_35tentacle-mesh">
        <bind_shape_matrix>1 0 0 0 0 1 0 0 0 0 1 0 0 0 0 1</bind_shape_matrix>
        <source id="_35tentacle_skeleton__35tentacle-skin-joints">
          <Name_array id="_35tentacle_skeleton__35tentacle-skin-joints-array" count="14">Scene_Root hairplanes tentacle_LP Armature Bone Bone_001 Bone_002 Bone_003 Bone_004 Bone_005 Bone_006 Bone_007 Bone_008 Bone_009</Name_array>
          <technique_common>
            <accessor source="#_35tentacle_skeleton__35tentacle-skin-joints-array" count="14" stride="1">
              <param name="JOINT" type="name"/>
            </accessor>
          </technique_common>
        </source>
        <source id="_35tentacle_skeleton__35tentacle-skin-bind_poses">
          <float_array id="_35tentacle_skeleton__35tentacle-skin-bind_poses-array" count="224">1 0 0 0 0 4.76837e-7 1 0 0 -1 3.71403e-7 0 0 0 0 1 1 0 0 0 0 4.76837e-7 1 0 0 -1 3.71403e-7 0 0 0 0 1 1 0 0 0 0 4.76837e-7 1 0 0 -1 3.71403e-7 0 0 0 0 1 -1 0 0 0 0 -4.76837e-7 -1 0 0 -1 3.71403e-7 0 0 0 0 1 0 -1 4.15115e-7 0.482946 1 0 -4.28022e-7 0 4.28022e-7 5.20549e-7 1 0 0 0 0 1 0 -1 5.50218e-7 -3.243324 1 0 -4.45051e-7 0 4.45051e-7 6.55652e-7 1 4.75579e-7 0 0 0 1 0 -1 5.50218e-7 -6.893644 1 0 -4.45051e-7 0 4.45051e-7 6.55652e-7 1 1.07802e-6 0 0 0 1 0 -1 5.50214e-7 -10.79571 1 0 -4.45047e-7 1.19218e-7 4.45047e-7 6.55647e-7 1 1.72197e-6 0 0 0 1 0 -1 5.50214e-7 -14.32016 1 0 -4.45047e-7 1.45295e-7 4.45047e-7 6.55647e-7 1 2.30363e-6 0 0 0 1 0 -1 5.50222e-7 -17.78166 1 0 -4.45055e-7 1.67646e-7 4.45055e-7 6.55656e-7 1 2.87505e-6 0 0 0 1 0 -1 5.50222e-7 -21.62775 1 0 -4.45055e-7 1.97449e-7 4.45055e-7 6.55656e-7 1 3.50982e-6 0 0 0 1 0 -1 5.50222e-7 -25.12419 1 0 -4.45055e-7 2.19801e-7 4.45055e-7 6.55656e-7 1 4.08689e-6 0 0 0 1 0 -1 5.50222e-7 -28.44582 1 0 -4.45055e-7 2.45878e-7 4.45055e-7 6.55656e-7 1 4.6351e-6 0 0 0 1 0 -1 5.50222e-7 -30.84963 1 0 -4.45055e-7 2.60779e-7 4.45055e-7 6.55656e-7 1 5.03183e-6 0 0 0 1</float_array>
          <technique_common>
            <accessor source="#_35tentacle_skeleton__35tentacle-skin-bind_poses-array" count="14" stride="16">
              <param name="TRANSFORM" type="float4x4"/>
            </accessor>
          </technique_common>
        </source>
        <source id="_35tentacle_skeleton__35tentacle-skin-weights">
          <float_array id="_35tentacle_skeleton__35tentacle-skin-weights-array" count="3489">1 1 1 1 1 1 1 1 1 1 1 1 1 1 1 1 1 1 1 1 1 1 1 1 1 1 1 1 1 1 1 1 1 1 1 1 1 1 1 1 1 1 1 1 1 1 1 1 1 1 1 1 1 1 1 1 1 1 1 1 1 1 1 1 1 1 1 1 1 1 1 1 1 1 1 1 1 1 1 1 1 1 1 1 1 1 1 1 1 1 1 1 1 1 1 1 1 1 1 1 1 1 1 1 1 1 1 1 1 1 1 1 1 1 1 1 1 1 1 1 1 1 1 1 1 1 1 1 1 1 1 1 1 1 1 1 1 1 1 1 1 1 1 1 1 1 1 1 1 1 1 1 1 1 1 1 1 1 1 1 1 1 1 1 1 1 1 1 1 1 1 1 1 1 1 1 1 1 1 1 1 1 1 1 1 1 1 1 1 1 1 1 1 1 1 1 1 1 1 1 1 1 1 1 1 1 1 1 1 1 1 1 1 1 1 1 1 1 1 1 1 1 1 1 1 1 1 1 1 1 1 1 1 1 1 1 1 1 1 1 1 1 1 1 1 1 1 1 1 1 1 1 1 1 1 1 1 1 1 1 1 1 1 1 1 1 1 1 1 1 1 1 1 1 1 1 1 1 1 1 1 1 1 1 1 1 1 1 1 1 1 1 1 1 1 1 1 1 1 1 1 1 1 1 1 1 1 1 1 1 1 1 1 1 1 1 1 1 1 1 1 1 1 1 1 1 1 1 1 1 1 1 1 1 1 1 1 1 1 1 1 1 1 1 1 1 1 1 1 1 1 1 1 1 1 1 1 1 1 1 1 1 1 1 1 1 1 1 1 1 1 1 1 1 1 1 1 1 1 1 1 1 1 1 1 1 1 1 1 1 1 1 1 1 1 1 1 1 1 1 1 1 1 1 1 1 1 1 1 1 1 1 1 1 1 1 1 1 1 1 1 1 1 1 1 1 1 1 1 1 1 1 1 1 1 1 1 1 1 1 1 1 1 1 1 1 1 1 1 1 1 1 1 1 1 1 1 1 1 1 1 1 1 1 1 1 1 1 1 1 1 1 1 1 1 1 1 1 1 1 1 1 1 1 1 1 1 1 1 1 1 1 1 1 1 1 1 1 1 1 1 1 1 1 1 1 1 1 1 1 1 1 1 1 1 1 1 1 1 1 1 1 1 1 1 1 1 1 1 1 1 1 1 1 1 1 1 1 1 1 1 1 1 1 1 1 1 1 1 1 1 1 1 1 1 1 1 1 1 1 1 1 1 1 1 1 1 1 1 1 1 1 1 1 1 1 1 1 1 1 1 1 1 1 1 1 1 1 1 1 1 1 1 1 1 1 1 1 1 1 1 1 1 1 1 1 1 1 1 1 1 1 1 1 1 1 1 1 1 1 1 1 1 1 1 1 1 1 1 1 1 1 1 1 1 1 1 1 1 1 1 1 1 1 1 1 1 1 1 1 1 1 1 1 1 1 1 1 1 1 1 1 1 1 1 1 1 1 1 1 1 1 1 1 1 1 1 1 1 1 1 1 1 1 1 1 1 1 1 1 1 1 1 1 1 1 1 1 1 1 1 1 1 1 1 1 1 1 1 1 1 1 1 1 1 1 1 1 1 1 1 1 1 1 1 1 1 1 1 1 1 1 1 1 1 1 1 1 1 1 1 1 1 1 1 1 1 1 1 1 1 1 1 1 1 1 1 1 1 1 1 1 1 1 1 1 1 1 1 1 1 1 1 1 1 1 1 1 1 1 1 1 1 1 1 1 1 1 1 1 1 1 1 1 1 1 1 1 1 1 1 1 1 1 1 1 1 1 1 1 1 1 1 1 1 1 1 1 1 1 1 1 1 1 1 1 1 1 1 1 1 1 1 1 1 1 1 1 1 1 1 1 1 1 1 1 1 1 1 1 1 1 1 1 1 1 1 1 1 1 1 1 1 1 1 1 1 1 1 1 1 1 1 1 1 1 1 1 1 1 1 1 1 1 1 1 1 1 1 1 1 1 1 1 1 1 1 1 1 1 1 1 1 1 1 1 1 1 1 1 1 1 1 1 1 1 1 1 1 1 1 1 1 1 1 1 1 1 1 1 1 1 1 1 1 1 1 1 1 1 1 1 1 1 1 1 1 1 1 1 1 1 1 1 1 1 1 1 1 1 1 1 1 1 1 1 1 1 1 1 1 1 1 1 1 1 1 1 1 1 1 1 1 1 1 1 1 1 1 1 1 1 1 1 1 1 1 1 1 1 1 1 1 1 1 1 1 1 1 1 1 1 1 1 1 1 1 1 1 1 1 1 1 1 1 1 1 1 1 1 1 1 1 1 1 1 1 1 1 1 1 1 1 1 1 1 1 1 1 1 1 1 1 1 1 1 1 1 1 1 1 1 1 1 1 1 1 1 1 1 1 1 1 1 1 1 1 1 1 1 1 1 1 1 1 1 1 1 1 1 1 1 1 1 1 1 1 1 1 1 1 1 1 1 1 1 1 1 1 1 1 1 1 1 1 1 1 1 1 1 1 1 1 1 1 1 1 1 1 1 1 1 1 1 1 1 1 1 1 1 1 1 1 1 1 1 1 1 1 1 1 1 1 1 1 1 1 1 1 1 1 1 1 1 1 1 1 1 1 1 1 1 1 1 1 1 1 1 1 1 1 1 1 1 1 1 1 1 1 1 1 1 1 1 1 1 1 1 1 1 1 1 1 1 1 1 1 1 1 1 1 1 1 1 1 1 1 1 1 1 1 1 1 1 1 1 1 1 1 1 1 1 1 1 1 1 1 1 1 1 1 1 1 1 1 1 1 1 1 1 1 1 1 1 1 1 1 1 1 1 1 1 1 1 1 1 1 1 1 1 1 1 1 1 1 1 1 1 1 1 1 1 1 1 1 1 1 1 1 1 1 1 1 1 1 1 1 1 1 1 1 1 1 1 1 1 1 1 1 1 1 1 1 1 1 1 1 1 1 1 1 1 1 1 1 1 1 1 1 1 1 1 1 1 1 1 1 1 1 1 1 1 1 1 1 1 1 1 1 1 1 1 1 1 1 1 1 1 1 1 1 1 1 1 1 1 1 1 1 1 1 1 1 1 1 1 1 1 1 1 1 1 1 1 1 1 1 1 1 1 1 1 1 1 1 1 1 1 1 1 1 1 1 1 1 1 1 1 1 1 1 1 1 1 1 1 1 1 1 1 1 1 1 1 1 1 1 1 1 1 1 1 1 1 1 1 1 1 1 1 1 1 1 1 1 1 1 1 1 1 1 1 1 1 1 1 1 1 1 1 1 1 1 1 1 1 1 1 1 1 1 1 1 1 1 1 1 1 1 1 1 1 1 1 1 1 1 1 1 1 1 1 1 1 1 1 1 1 1 1 1 1 1 1 1 1 1 1 1 1 1 1 1 1 1 1 1 1 1 1 1 1 1 1 1 1 1 1 1 1 1 1 1 1 1 1 1 1 1 1 1 1 1 1 1 1 1 1 1 1 1 1 1 1 1 1 1 1 1 1 1 1 1 1 1 1 1 1 1 1 1 1 1 1 1 1 1 1 1 1 1 1 1 1 1 1 1 1 1 1 1 1 1 1 1 1 1 1 1 1 1 1 1 1 1 1 1 1 1 1 1 1 1 1 1 1 1 1 1 1 1 1 1 1 1 1 1 1 1 1 1 1 1 1 1 1 1 1 1 1 1 1 1 1 1 1 1 1 1 1 1 1 1 1 1 1 1 1 1 1 1 1 1 1 1 1 1 1 1 1 1 1 1 1 1 1 1 1 1 1 1 1 1 1 1 1 1 1 1 1 1 1 1 1 1 1 1 1 1 1 1 1 1 1 1 1 1 1 1 1 1 1 1 1 1 1 1 1 1 1 1 1 1 1 1 1 1 1 1 1 1 1 1 1 1 1 1 1 1 1 1 1 1 1 1 1 1 1 1 1 1 1 1 1 1 1 1 1 1 1 1 1 1 1 1 1 1 1 1 1 1 1 1 1 1 1 1 1 1 1 1 1 1 1 1 1 1 1 1 1 1 1 1 1 1 1 1 1 1 1 1 1 1 1 1 1 1 1 1 1 1 1 1 1 1 1 1 1 1 1 1 1 1 1 1 1 1 1 1 1 1 1 1 1 1 1 1 1 1 1 1 1 1 1 1 1 1 1 1 1 1 1 1 1 1 1 1 1 1 1 1 1 1 1 1 1 1 1 1 1 1 1 1 1 1 1 1 1 1 1 1 1 1 1 1 1 1 1 1 1 1 1 1 1 1 1 1 1 1 1 1 1 1 1 1 1 1 1 1 1 1 1 1 1 1 1 1 1 1 1 1 1 1 1 1 1 1 1 1 1 1 1 1 1 1 1 1 1 1 1 1 1 1 1 1 1 1 1 1 1 1 1 1 1 1 1 1 1 1 1 1 1 1 1 1 1 1 1 1 1 1 1 1 1 1 1 1 1 1 1 1 1 1 1 1 1 1 1 1 1 1 1 1 1 1 1 1 1 1 1 1 1 1 1 1 1 1 1 1 1 1 1 1 1 1 1 1 1 1 1 1 1 1 1 1 1 1 1 1 1 1 1 1 1 1 1 1 1 1 1 1 1 1 1 1 1 1 1 1 1 1 1 1 1 1 1 1 1 1 1 1 1 1 1 1 1 1 1 1 1 1 1 1 1 1 1 1 1 1 1 1 1 1 1 1 1 1 1 1 1 1 1 1 1 1 1 1 1 1 1 1 1 1 1 1 1 1 1 1 1 1 1 1 1 1 1 1 1 1 1 1 1 1 1 1 1 1 1 1 1 1 1 1 1 1 1 1 1 1 1 1 1 1 1 1 1 1 1 1 1 1 1 1 1 1 1 1 1 1 1 1 1 1 1 1 1 1 1 1 1 1 1 1 1 1 1 1 1 1 1 1 1 1 1 1 1 1 1 1 1 1 1 1 1 1 1 1 1 1 1 1 1 1 1 1 1 1 1 1 1 1 1 1 1 1 1 1 1 1 1 1 1 1 1 1 1 1 1 1 1 1 1 1 1 1 1 1 1 1 1 1 1 1 1 1 1 1 1 1 1 1 1 1 1 1 1 1 1 1 1 1 1 1 1 1 1 1 1 1 1 1 1 1 1 1 1 1 1 1 1 1 1 1 1 1 1 1 1 1 1 1 1 1 1 1 1 1 1 1 1 1 1 1 1 1 1 1 1 1 1 1 1 1 1 1 1 1 1 1 1 1 1 1 1 1 1 1 1 1 1 1 1 1 1 1 1 1 1 1 1 1 1 1 1 1 1 1 1 1 1 1 1 1 1 1 1 1 1 1 1 1 1 1 1 1 1 1 1 1 1 1 1 1 1 1 1 1 1 1 1 1 1 1 1 1 1 1 1 1 1 1 1 1 1 1 1 1 1 1 1 1 1 1 1 1 1 1 1 1 1 1 1 1 1 1 1 1 1 1 1 1 1 1 1 1 1 1 1 1 1 1 1 1 1 1 1 1 1 1 1 1 1 1 1 1 1 1 1 1 1 1 1 1 1 1 1 1 1 1 1 1 1 1 1 1 1 1 1 1 1 1 1 1 1 1 1 1 1 1 1 1 1 1 1 1 1 1 1 1 1 1 1 1 1 1 1 1 1 1 1 1 1 1 1 1 1 1 1 1 1 1 1 1 1 1 1 1 1 1 1 1 1 1 1 1 1 1 1 1 1 1 1 1 1 1 1 1 1 1 1 1 1 1 1 1 1 1 1 1 1 1 1 1 1 1 1 1 1 1 1 1 1 1 1 1 1 1 1 1 1 1 1 1 1 1 1 1 1 1 1 1 1 1 1 1 1 1 1 1 1 1 1 1 1 1 1 1 1 1 1 1 1 1 1 1 1 1 1 1 1 1 1 1 1 1 1 1 1 1 1 1 1 1 1 1 1 1 1 1 1 1 1 1 1 1 1 1 1 1 1 1 1 1 1 1 1 1 1 1 1 1 1 1 1 1 1 1 1 1 1 1 1 1 1 1 1 1 1 1 1 1 1 1 1 1 1 1 1 1 1 1 1 1 1 1 1 1 1 1 1 1 1 1 1 1 1 1 1 1 1 1 1 1 1 1 1 1 1 1 1 1 1 1 1 1 1 1 1 1 1 1 1 1 1 1 1 1 1 1 1 1 1 1 1 1 1 1 1 1 1 1 1 1 1 1 1 1 1 1 1 1 1 1 1 1 1 1 1 1 1 1 1 1 1 1 1 1 1 1 1 1 1 1 1 1 1 1 1 1 1 1 1 1 1 1 1 1 1 1 1 1 1 1 1 1 1 1 1 1 1 1 1 1 1 1 1 1 1 1 1 1 1 1 1 1 1 1 1 1 1 1 1 1 1 1 1 1 1 1 1 1 1 1 1 1 1 1 1 1 1 1 1 1 1 1 1 1 1 1 1 1 1 1 1 1 1 1 1 1 1 1 1 1 1 1 1 1 1 1 1 1 1 1 1 1 1 1 1 1 1 1 1 1 1 1 1 1 1 1 1 1 1 1 1 1 1 1 1 1 1 1 1 1 1 1 1 1 1 1 1 1 1 1 1 1 1 1 1 1 1 1 1 1 1 1 1 1 1 1 1 1 1 1 1 1 1 1 1 1 1 1 1 1 1 1 1 1 1 1 1 1 1 1 1 1 1 1 1 1 1 1 1 1 1 1 1 1 1 1 1 1 1 1 1 1 1 1 1 1 1 1 1 1 1 1 1 1 1 1 1 1 1 1 1 1 1 1 1 1 1 1 1 1 1 1 1 1 1 1 1 1 1 1 1 1 1 1 1 1 1 1 1 1 1 1 1 1 1 1 1 1 1 1 1 1 1 1 1 1 1 1 1 1 1 1 1 1 1 1 1 1 1 1 1 1 1 1 1 1 1 1 1 1 1 1 1 1 1 1 1 1 1 1 1 1 1 1 1 1 1 1 1 1 1 1 1 1 1 1 1 1 1 1 1 1 1 1 1 1 1 1 1 1 1 1 1 1 1 1 1 1 1 1 1 1 1 1 1 1 1 1 1 1 1 1 1 1 1 1 1 1 1 1 1 1 1 1 1 1 1 1 1 1 1 1 1 1 1 1 1 1 1 1 1 1 1 1 1 1 1 1 1 1 1 1 1 1 1 1 1 1 1 1 1 1 1 1 1 1 1 1 1 1 1 1 1 1 1 1 1 1 1 1 1 1 1 1 1 1 1 1 1 1 1 1 1 1 1 1 1 1 1 1 1 1 1 1 1 1 1 1 1 1 1 1 1 1 1 1 1 1 1 1 1 1 1 1 1 1 1 1 1 1 1 1 1 1 1 1 1 1 1 1 1 1 1 1 1 1 1 1 1 1 1 1 1 1 1 1 1 1 1 1 1 1 1 1 1 1 1 1 1 1 1 1 1 1 1 1 1 1 1 1 1 1 1 1 1 1 1 1 1 1 1 1 1 1 1 1 1 1 1 1 1 1 1 1 1 1 1 1 1 1 1 1 1 1 1 1 1 1 1 1 1 1 1 1 1 1 1 1 1 1 1 1 1 1 1 1 1 1 1 1 1 1 1 1 1 1 1 1 1 1 1 1 1 1 1 1 1 1 1 1 1 1 1 1 1 1 1 1 1 1 1 1 1 1 1 1 1 1 1 1 1 1 1 1 1 1 1 1 1 1 1 1 1 1 1 1 1 1 1 1 1 1 1 1 1 1 1 1 1 1 1 1 1 1 1 1 1 1 1 1 1 1 1 1 1 1 1 1 1 1 1 1 1 1 1 1 1 1 1 1 1 1 1 1 1 1 1 1 1 1 1 1 1 1 1 1 1 1 1 1 1 1 1 1 1 1 1 1 1 1 1 1 1 1 1 1</float_array>
          <technique_common>
            <accessor source="#_35tentacle_skeleton__35tentacle-skin-weights-array" count="3489" stride="1">
              <param name="WEIGHT" type="float"/>
            </accessor>
          </technique_common>
        </source>
        <joints>
          <input semantic="JOINT" source="#_35tentacle_skeleton__35tentacle-skin-joints"/>
          <input semantic="INV_BIND_MATRIX" source="#_35tentacle_skeleton__35tentacle-skin-bind_poses"/>
        </joints>
        <vertex_weights count="3489">
          <input semantic="JOINT" source="#_35tentacle_skeleton__35tentacle-skin-joints" offset="0"/>
          <input semantic="WEIGHT" source="#_35tentacle_skeleton__35tentacle-skin-weights" offset="1"/>
          <vcount>1 1 1 1 1 1 1 1 1 1 1 1 1 1 1 1 1 1 1 1 1 1 1 1 1 1 1 1 1 1 1 1 1 1 1 1 1 1 1 1 1 1 1 1 1 1 1 1 1 1 1 1 1 1 1 1 1 1 1 1 1 1 1 1 1 1 1 1 1 1 1 1 1 1 1 1 1 1 1 1 1 1 1 1 1 1 1 1 1 1 1 1 1 1 1 1 1 1 1 1 1 1 1 1 1 1 1 1 1 1 1 1 1 1 1 1 1 1 1 1 1 1 1 1 1 1 1 1 1 1 1 1 1 1 1 1 1 1 1 1 1 1 1 1 1 1 1 1 1 1 1 1 1 1 1 1 1 1 1 1 1 1 1 1 1 1 1 1 1 1 1 1 1 1 1 1 1 1 1 1 1 1 1 1 1 1 1 1 1 1 1 1 1 1 1 1 1 1 1 1 1 1 1 1 1 1 1 1 1 1 1 1 1 1 1 1 1 1 1 1 1 1 1 1 1 1 1 1 1 1 1 1 1 1 1 1 1 1 1 1 1 1 1 1 1 1 1 1 1 1 1 1 1 1 1 1 1 1 1 1 1 1 1 1 1 1 1 1 1 1 1 1 1 1 1 1 1 1 1 1 1 1 1 1 1 1 1 1 1 1 1 1 1 1 1 1 1 1 1 1 1 1 1 1 1 1 1 1 1 1 1 1 1 1 1 1 1 1 1 1 1 1 1 1 1 1 1 1 1 1 1 1 1 1 1 1 1 1 1 1 1 1 1 1 1 1 1 1 1 1 1 1 1 1 1 1 1 1 1 1 1 1 1 1 1 1 1 1 1 1 1 1 1 1 1 1 1 1 1 1 1 1 1 1 1 1 1 1 1 1 1 1 1 1 1 1 1 1 1 1 1 1 1 1 1 1 1 1 1 1 1 1 1 1 1 1 1 1 1 1 1 1 1 1 1 1 1 1 1 1 1 1 1 1 1 1 1 1 1 1 1 1 1 1 1 1 1 1 1 1 1 1 1 1 1 1 1 1 1 1 1 1 1 1 1 1 1 1 1 1 1 1 1 1 1 1 1 1 1 1 1 1 1 1 1 1 1 1 1 1 1 1 1 1 1 1 1 1 1 1 1 1 1 1 1 1 1 1 1 1 1 1 1 1 1 1 1 1 1 1 1 1 1 1 1 1 1 1 1 1 1 1 1 1 1 1 1 1 1 1 1 1 1 1 1 1 1 1 1 1 1 1 1 1 1 1 1 1 1 1 1 1 1 1 1 1 1 1 1 1 1 1 1 1 1 1 1 1 1 1 1 1 1 1 1 1 1 1 1 1 1 1 1 1 1 1 1 1 1 1 1 1 1 1 1 1 1 1 1 1 1 1 1 1 1 1 1 1 1 1 1 1 1 1 1 1 1 1 1 1 1 1 1 1 1 1 1 1 1 1 1 1 1 1 1 1 1 1 1 1 1 1 1 1 1 1 1 1 1 1 1 1 1 1 1 1 1 1 1 1 1 1 1 1 1 1 1 1 1 1 1 1 1 1 1 1 1 1 1 1 1 1 1 1 1 1 1 1 1 1 1 1 1 1 1 1 1 1 1 1 1 1 1 1 1 1 1 1 1 1 1 1 1 1 1 1 1 1 1 1 1 1 1 1 1 1 1 1 1 1 1 1 1 1 1 1 1 1 1 1 1 1 1 1 1 1 1 1 1 1 1 1 1 1 1 1 1 1 1 1 1 1 1 1 1 1 1 1 1 1 1 1 1 1 1 1 1 1 1 1 1 1 1 1 1 1 1 1 1 1 1 1 1 1 1 1 1 1 1 1 1 1 1 1 1 1 1 1 1 1 1 1 1 1 1 1 1 1 1 1 1 1 1 1 1 1 1 1 1 1 1 1 1 1 1 1 1 1 1 1 1 1 1 1 1 1 1 1 1 1 1 1 1 1 1 1 1 1 1 1 1 1 1 1 1 1 1 1 1 1 1 1 1 1 1 1 1 1 1 1 1 1 1 1 1 1 1 1 1 1 1 1 1 1 1 1 1 1 1 1 1 1 1 1 1 1 1 1 1 1 1 1 1 1 1 1 1 1 1 1 1 1 1 1 1 1 1 1 1 1 1 1 1 1 1 1 1 1 1 1 1 1 1 1 1 1 1 1 1 1 1 1 1 1 1 1 1 1 1 1 1 1 1 1 1 1 1 1 1 1 1 1 1 1 1 1 1 1 1 1 1 1 1 1 1 1 1 1 1 1 1 1 1 1 1 1 1 1 1 1 1 1 1 1 1 1 1 1 1 1 1 1 1 1 1 1 1 1 1 1 1 1 1 1 1 1 1 1 1 1 1 1 1 1 1 1 1 1 1 1 1 1 1 1 1 1 1 1 1 1 1 1 1 1 1 1 1 1 1 1 1 1 1 1 1 1 1 1 1 1 1 1 1 1 1 1 1 1 1 1 1 1 1 1 1 1 1 1 1 1 1 1 1 1 1 1 1 1 1 1 1 1 1 1 1 1 1 1 1 1 1 1 1 1 1 1 1 1 1 1 1 1 1 1 1 1 1 1 1 1 1 1 1 1 1 1 1 1 1 1 1 1 1 1 1 1 1 1 1 1 1 1 1 1 1 1 1 1 1 1 1 1 1 1 1 1 1 1 1 1 1 1 1 1 1 1 1 1 1 1 1 1 1 1 1 1 1 1 1 1 1 1 1 1 1 1 1 1 1 1 1 1 1 1 1 1 1 1 1 1 1 1 1 1 1 1 1 1 1 1 1 1 1 1 1 1 1 1 1 1 1 1 1 1 1 1 1 1 1 1 1 1 1 1 1 1 1 1 1 1 1 1 1 1 1 1 1 1 1 1 1 1 1 1 1 1 1 1 1 1 1 1 1 1 1 1 1 1 1 1 1 1 1 1 1 1 1 1 1 1 1 1 1 1 1 1 1 1 1 1 1 1 1 1 1 1 1 1 1 1 1 1 1 1 1 1 1 1 1 1 1 1 1 1 1 1 1 1 1 1 1 1 1 1 1 1 1 1 1 1 1 1 1 1 1 1 1 1 1 1 1 1 1 1 1 1 1 1 1 1 1 1 1 1 1 1 1 1 1 1 1 1 1 1 1 1 1 1 1 1 1 1 1 1 1 1 1 1 1 1 1 1 1 1 1 1 1 1 1 1 1 1 1 1 1 1 1 1 1 1 1 1 1 1 1 1 1 1 1 1 1 1 1 1 1 1 1 1 1 1 1 1 1 1 1 1 1 1 1 1 1 1 1 1 1 1 1 1 1 1 1 1 1 1 1 1 1 1 1 1 1 1 1 1 1 1 1 1 1 1 1 1 1 1 1 1 1 1 1 1 1 1 1 1 1 1 1 1 1 1 1 1 1 1 1 1 1 1 1 1 1 1 1 1 1 1 1 1 1 1 1 1 1 1 1 1 1 1 1 1 1 1 1 1 1 1 1 1 1 1 1 1 1 1 1 1 1 1 1 1 1 1 1 1 1 1 1 1 1 1 1 1 1 1 1 1 1 1 1 1 1 1 1 1 1 1 1 1 1 1 1 1 1 1 1 1 1 1 1 1 1 1 1 1 1 1 1 1 1 1 1 1 1 1 1 1 1 1 1 1 1 1 1 1 1 1 1 1 1 1 1 1 1 1 1 1 1 1 1 1 1 1 1 1 1 1 1 1 1 1 1 1 1 1 1 1 1 1 1 1 1 1 1 1 1 1 1 1 1 1 1 1 1 1 1 1 1 1 1 1 1 1 1 1 1 1 1 1 1 1 1 1 1 1 1 1 1 1 1 1 1 1 1 1 1 1 1 1 1 1 1 1 1 1 1 1 1 1 1 1 1 1 1 1 1 1 1 1 1 1 1 1 1 1 1 1 1 1 1 1 1 1 1 1 1 1 1 1 1 1 1 1 1 1 1 1 1 1 1 1 1 1 1 1 1 1 1 1 1 1 1 1 1 1 1 1 1 1 1 1 1 1 1 1 1 1 1 1 1 1 1 1 1 1 1 1 1 1 1 1 1 1 1 1 1 1 1 1 1 1 1 1 1 1 1 1 1 1 1 1 1 1 1 1 1 1 1 1 1 1 1 1 1 1 1 1 1 1 1 1 1 1 1 1 1 1 1 1 1 1 1 1 1 1 1 1 1 1 1 1 1 1 1 1 1 1 1 1 1 1 1 1 1 1 1 1 1 1 1 1 1 1 1 1 1 1 1 1 1 1 1 1 1 1 1 1 1 1 1 1 1 1 1 1 1 1 1 1 1 1 1 1 1 1 1 1 1 1 1 1 1 1 1 1 1 1 1 1 1 1 1 1 1 1 1 1 1 1 1 1 1 1 1 1 1 1 1 1 1 1 1 1 1 1 1 1 1 1 1 1 1 1 1 1 1 1 1 1 1 1 1 1 1 1 1 1 1 1 1 1 1 1 1 1 1 1 1 1 1 1 1 1 1 1 1 1 1 1 1 1 1 1 1 1 1 1 1 1 1 1 1 1 1 1 1 1 1 1 1 1 1 1 1 1 1 1 1 1 1 1 1 1 1 1 1 1 1 1 1 1 1 1 1 1 1 1 1 1 1 1 1 1 1 1 1 1 1 1 1 1 1 1 1 1 1 1 1 1 1 1 1 1 1 1 1 1 1 1 1 1 1 1 1 1 1 1 1 1 1 1 1 1 1 1 1 1 1 1 1 1 1 1 1 1 1 1 1 1 1 1 1 1 1 1 1 1 1 1 1 1 1 1 1 1 1 1 1 1 1 1 1 1 1 1 1 1 1 1 1 1 1 1 1 1 1 1 1 1 1 1 1 1 1 1 1 1 1 1 1 1 1 1 1 1 1 1 1 1 1 1 1 1 1 1 1 1 1 1 1 1 1 1 1 1 1 1 1 1 1 1 1 1 1 1 1 1 1 1 1 1 1 1 1 1 1 1 1 1 1 1 1 1 1 1 1 1 1 1 1 1 1 1 1 1 1 1 1 1 1 1 1 1 1 1 1 1 1 1 1 1 1 1 1 1 1 1 1 1 1 1 1 1 1 1 1 1 1 1 1 1 1 1 1 1 1 1 1 1 1 1 1 1 1 1 1 1 1 1 1 1 1 1 1 1 1 1 1 1 1 1 1 1 1 1 1 1 1 1 1 1 1 1 1 1 1 1 1 1 1 1 1 1 1 1 1 1 1 1 1 1 1 1 1 1 1 1 1 1 1 1 1 1 1 1 1 1 1 1 1 1 1 1 1 1 1 1 1 1 1 1 1 1 1 1 1 1 1 1 1 1 1 1 1 1 1 1 1 1 1 1 1 1 1 1 1 1 1 1 1 1 1 1 1 1 1 1 1 1 1 1 1 1 1 1 1 1 1 1 1 1 1 1 1 1 1 1 1 1 1 1 1 1 1 1 1 1 1 1 1 1 1 1 1 1 1 1 1 1 1 1 1 1 1 1 1 1 1 1 1 1 1 1 1 1 1 1 1 1 1 1 1 1 1 1 1 1 1 1 1 1 1 1 1 1 1 1 1 1 1 1 1 1 1 1 1 1 1 1 1 1 1 1 1 1 1 1 1 1 1 1 1 1 1 1 1 1 1 1 1 1 1 1 1 1 1 1 1 1 1 1 1 1 1 1 1 1 1 1 1 1 1 1 1 1 1 1 1 1 1 1 1 1 1 1 1 1 1 1 1 1 1 1 1 1 1 1 1 1 1 1 1 1 1 1 1 1 1 1 1 1 1 1 1 1 1 1 1 1 1 1 1 1 1 1 1 1 1 1 1 1 1 1 1 1 1 1 1 1 1 1 1 1 1 1 1 1 1 1 1 1 1 1 1 1 1 1 1 1 1 1 1 1 1 1 1 1 1 1 1 1 1 1 1 1 1 1 1 1 1 1 1 1 1 1 1 1 1 1 1 1 1 1 1 1 1 1 1 1 1 1 1 1 1 1 1 1 1 1 1 1 1 1 1 1 1 1 1 1 1 1 1 1 1 1 1 1 1 1 1 1 1 1 1 1 1 1 1 1 1 1 1 1 1 1 1 1 1 1 1 1 1 1 1 1 1 1 1 1 1 1 1 1 1 1 1 1 1 1 1 1 1 1 1 1 1 1 1 1 1 1 1 1 1 1 1 1 1 1 1 1 1 1 1 1 1 1 1 1 1 1 1 1 1 1 1 1 1 1 1 1 1 1 1 1 1 1 1 1 1 1 1 1 1 1 1 1 1 1 1 1 1 1 1 1 1 1 1 1 1 1 1 1 1 1 1 1 1 1 1 1 1 1 1 1 1 1 1 1 1 1 1 1 1 1 1 1 1 1 1 1 1 1 1 1 1 1 1 1 1 1 1 1 1 1 1 1 1 1 1 1 1 1 1 1 1 1 1 1 1 1 1 1 1 1 1 1 1 1 1 1 1 1 1 1 1 1 1 1 1 1 1 1 1 1 1 1 1 1 1 1 1 1 1 1 1 1 1 1 1 1 1 1 1 1 1 1 1 1 1 1 1 1 1 1 1 1 1 1 1 1 1 1 1 1 1 1 1 1 1 1 1 1 1 1 1 1 1 1 1 1 1 1 1 1 1 1 1 1 1 1 1 1 1 1 1 1 1 1 1 1 1 1 1 1 1 1 1 1 1 1 1 1 1 1 1 1 1 1 1 1 1 1 1 1 1 1 1 1 1 1 1 1 1 1 1 1 1 1 1 1 1 1 1 1 1 1 1 1 1 1 1 1 1 1 1 1 1 1 1 1 1 1 1 1 1 1 1 1 1 1 1 1 1 1 1 1 1 1 1 1 1 1 1 1 1 1 1 1 1 1 1 1 1 1 1 1 1 1 1 1 1 1 1 1 1 1 1 1 1 1 1 1 1 1 1 1 1 1 1 1 1 1 1 1 1 1 1 1 1 1 1 1 1 1 1 1 1 1 1 1 1 1 1 1 1 1 1 1 1 1 1 1 1 1 1 1 1 1 1 1 1 1 1 1 1 1 1 1 1 1 1 1 1 1 1 1 1 1 1 1 1 1 1 1 1 1 1 1 1 1 1 1 1 1 1 1 1 1 1 1 1 1 1 1 1 1 1 1 1 1 1 1 1 1 1 1 1 1 1 1 1 1 1 1 1 1 1 1 1 1 1 1 1 1 1 1 1 1 1 1 1 1 1 1 1 1 1 1 1 1 1 1 1 1 1 1 1 1 1 1 1 1 1 1 1 1 1 1 1 1 1 1 1 1 1 1 1 1 1 1 1 1 1 1 1 1 1 1 1 1 1 1 1 1 1 1 1 1 1 1 1 1 1 1 1 1 1 1 1 1 1 1 1 1 1 1 1 1 1 1 1 1 1 1 1 1 1 1 1 1 1 1 1 1 1 1 1 1 1 1 1 1 1 1 1 1 1 1 1 1 1 1 1 1 1 1 1 1 1 1 1 1 1 1 1 1 1 1 1 1 1 1 1 1 1 1 1 1 1 1 1 1 1 1 1 1 1 1 1 1 1 1 1 1 1 1 1 1 1 1 1 1 1 1 1 1 1 1 1 1 1 1 1 1 1 1 1 1 1 1 1 1 1 1 1 1 1 1 1 1 1 1 1 1 1 1 1 1 1 1 1 1 1 1 1 1 1 1 1 1 1 1 1 1 1 1 1 1 1 1 1 1 1 1 1 1 1 1 1 1 1 1 1 1 1 1 1 1 1 1 1 1 1 1 1 1 1 1 1 1 1 1 1 1 1 1 1 1 1 1 1 1 1 1 1 1 1 1 1 1 1 1 1 1 1 1 1 1 1 1 1 1 1 1 1 1 1 1 1 1 1 1 1 1 1 1 1 1 1 1 1 1 1 1 1 1 1 1 1 </vcount>
          <v>13 0 13 1 13 2 13 3 13 4 13 5 13 6 13 7 13 8 13 9 13 10 13 11 13 12 13 13 13 14 13 15 13 16 13 17 13 18 13 19 13 20 13 21 13 22 13 23 13 24 13 25 13 26 13 27 13 28 13 29 13 30 13 31 13 32 13 33 13 34 13 35 13 36 13 37 13 38 13 39 13 40 13 41 13 42 13 43 13 44 13 45 13 46 13 47 13 48 13 49 13 50 13 51 13 52 13 53 13 54 13 55 13 56 13 57 13 58 13 59 13 60 13 61 13 62 13 63 4 64 4 65 4 66 4 67 4 68 4 69 4 70 4 71 4 72 4 73 4 74 4 75 4 76 4 77 4 78 4 79 4 80 4 81 5 82 5 83 5 84 5 85 5 86 5 87 5 88 5 89 5 90 5 91 5 92 5 93 5 94 5 95 5 96 5 97 5 98 5 99 5 100 5 101 5 102 5 103 5 104 5 105 6 106 6 107 6 108 6 109 6 110 6 111 6 112 6 113 6 114 6 115 6 116 6 117 6 118 6 119 6 120 6 121 6 122 6 123 6 124 6 125 6 126 6 127 6 128 6 129 7 130 7 131 7 132 7 133 7 134 7 135 7 136 7 137 7 138 7 139 7 140 7 141 7 142 7 143 7 144 7 145 7 146 7 147 7 148 7 149 7 150 7 151 8 152 8 153 8 154 8 155 8 156 8 157 8 158 8 159 8 160 8 161 8 162 8 163 8 164 8 165 8 166 8 167 8 168 8 169 8 170 8 171 9 172 9 173 9 174 9 175 9 176 9 177 9 178 9 179 9 180 9 181 9 182 9 183 9 184 9 185 9 186 9 187 9 188 9 189 9 190 9 191 9 192 9 193 9 194 9 195 10 196 10 197 10 198 10 199 10 200 10 201 10 202 10 203 10 204 10 205 10 206 10 207 10 208 10 209 10 210 10 211 10 212 10 213 10 214 10 215 10 216 10 217 11 218 11 219 11 220 11 221 11 222 11 223 11 224 11 225 11 226 11 227 11 228 11 229 11 230 11 231 11 232 11 233 11 234 11 235 11 236 11 237 12 238 12 239 12 240 12 241 12 242 12 243 12 244 12 245 12 246 12 247 12 248 12 249 12 250 12 251 12 252 13 253 13 254 13 255 13 256 13 257 13 258 13 259 13 260 13 261 4 262 4 263 4 264 4 265 4 266 4 267 4 268 4 269 4 270 5 271 5 272 5 273 5 274 5 275 5 276 5 277 5 278 5 279 5 280 5 281 5 282 6 283 6 284 6 285 6 286 6 287 6 288 6 289 6 290 6 291 6 292 6 293 6 294 7 295 7 296 7 297 7 298 7 299 7 300 7 301 7 302 7 303 7 304 7 305 8 306 8 307 8 308 8 309 8 310 8 311 8 312 8 313 8 314 8 315 9 316 9 317 9 318 9 319 9 320 9 321 9 322 9 323 9 324 9 325 9 326 9 327 10 328 10 329 10 330 10 331 10 332 10 333 10 334 10 335 10 336 10 337 10 338 11 339 11 340 11 341 11 342 11 343 11 344 11 345 11 346 11 347 11 348 12 349 12 350 12 351 12 352 12 353 12 354 12 355 13 356 13 357 13 358 13 359 13 360 4 361 4 362 4 363 4 364 4 365 4 366 4 367 4 368 4 369 4 370 4 371 4 372 4 373 4 374 4 375 4 376 4 377 4 378 5 379 5 380 5 381 5 382 5 383 5 384 5 385 5 386 5 387 5 388 5 389 5 390 5 391 5 392 5 393 5 394 5 395 5 396 5 397 5 398 5 399 5 400 5 401 5 402 6 403 6 404 6 405 6 406 6 407 6 408 6 409 6 410 6 411 6 412 6 413 6 414 6 415 6 416 6 417 6 418 6 419 6 420 6 421 6 422 6 423 6 424 6 425 6 426 7 427 7 428 7 429 7 430 7 431 7 432 7 433 7 434 7 435 7 436 7 437 7 438 7 439 7 440 7 441 7 442 7 443 7 444 7 445 7 446 7 447 7 448 8 449 8 450 8 451 8 452 8 453 8 454 8 455 8 456 8 457 8 458 8 459 8 460 8 461 8 462 8 463 8 464 8 465 8 466 8 467 8 468 9 469 9 470 9 471 9 472 9 473 9 474 9 475 9 476 9 477 9 478 9 479 9 480 9 481 9 482 9 483 9 484 9 485 9 486 9 487 9 488 9 489 9 490 9 491 9 492 10 493 10 494 10 495 10 496 10 497 10 498 10 499 10 500 10 501 10 502 10 503 10 504 10 505 10 506 10 507 10 508 10 509 10 510 10 511 10 512 10 513 10 514 11 515 11 516 11 517 11 518 11 519 11 520 11 521 11 522 11 523 11 524 11 525 11 526 11 527 11 528 11 529 11 530 11 531 11 532 11 533 11 534 12 535 12 536 12 537 12 538 12 539 12 540 12 541 12 542 12 543 12 544 12 545 12 546 12 547 12 548 12 549 12 550 13 551 13 552 13 553 13 554 13 555 13 556 13 557 13 558 4 559 4 560 4 561 4 562 4 563 4 564 4 565 4 566 4 567 4 568 4 569 4 570 4 571 4 572 4 573 4 574 4 575 4 576 5 577 5 578 5 579 5 580 5 581 5 582 5 583 5 584 5 585 5 586 5 587 5 588 5 589 5 590 5 591 5 592 5 593 5 594 5 595 5 596 5 597 5 598 5 599 6 600 6 601 6 602 6 603 6 604 6 605 6 606 6 607 6 608 6 609 6 610 6 611 6 612 6 613 6 614 6 615 6 616 6 617 6 618 6 619 6 620 6 621 6 622 6 623 6 624 7 625 7 626 7 627 7 628 7 629 7 630 7 631 7 632 7 633 7 634 7 635 7 636 7 637 7 638 7 639 7 640 7 641 7 642 7 643 7 644 8 645 8 646 8 647 8 648 8 649 8 650 8 651 8 652 8 653 8 654 8 655 8 656 8 657 8 658 8 659 8 660 8 661 8 662 8 663 8 664 8 665 8 666 9 667 9 668 9 669 9 670 9 671 9 672 9 673 9 674 9 675 9 676 9 677 9 678 9 679 9 680 9 681 9 682 9 683 9 684 9 685 9 686 9 687 9 688 9 689 9 690 10 691 10 692 10 693 10 694 10 695 10 696 10 697 10 698 10 699 10 700 10 701 10 702 10 703 10 704 10 705 10 706 10 707 10 708 10 709 10 710 10 711 10 712 11 713 11 714 11 715 11 716 11 717 11 718 11 719 11 720 11 721 11 722 11 723 11 724 11 725 11 726 11 727 11 728 11 729 11 730 11 731 11 732 12 733 12 734 12 735 12 736 12 737 12 738 12 739 12 740 12 741 12 742 12 743 12 744 12 745 12 746 12 747 12 748 13 749 13 750 13 751 13 752 13 753 13 754 13 755 13 756 4 757 4 758 4 759 4 760 4 761 4 762 4 763 4 764 4 765 4 766 4 767 4 768 4 769 4 770 4 771 4 772 4 773 4 774 5 775 5 776 5 777 5 778 5 779 5 780 5 781 5 782 5 783 5 784 5 785 5 786 5 787 5 788 5 789 5 790 5 791 5 792 5 793 5 794 5 795 5 796 5 797 6 798 6 799 6 800 6 801 6 802 6 803 6 804 6 805 6 806 6 807 6 808 6 809 6 810 6 811 6 812 6 813 6 814 6 815 6 816 6 817 6 818 6 819 6 820 6 821 6 822 7 823 7 824 7 825 7 826 7 827 7 828 7 829 7 830 7 831 7 832 7 833 7 834 7 835 7 836 7 837 7 838 7 839 7 840 7 841 7 842 7 843 7 844 8 845 8 846 8 847 8 848 8 849 8 850 8 851 8 852 8 853 8 854 8 855 8 856 8 857 8 858 8 859 8 860 8 861 8 862 8 863 8 864 9 865 9 866 9 867 9 868 9 869 9 870 9 871 9 872 9 873 9 874 9 875 9 876 9 877 9 878 9 879 9 880 9 881 9 882 9 883 9 884 9 885 9 886 9 887 9 888 10 889 10 890 10 891 10 892 10 893 10 894 10 895 10 896 10 897 10 898 10 899 10 900 10 901 10 902 10 903 10 904 10 905 10 906 10 907 10 908 10 909 10 910 11 911 11 912 11 913 11 914 11 915 11 916 11 917 11 918 11 919 11 920 11 921 11 922 11 923 11 924 11 925 11 926 11 927 11 928 11 929 11 930 12 931 12 932 12 933 12 934 12 935 12 936 12 937 12 938 12 939 12 940 12 941 12 942 12 943 12 944 12 945 12 946 13 947 13 948 13 949 13 950 13 951 13 952 13 953 13 954 4 955 4 956 4 957 4 958 4 959 4 960 4 961 4 962 4 963 4 964 4 965 4 966 4 967 4 968 4 969 4 970 4 971 4 972 5 973 5 974 5 975 5 976 5 977 5 978 5 979 5 980 5 981 5 982 5 983 5 984 5 985 5 986 5 987 5 988 5 989 5 990 5 991 5 992 5 993 5 994 6 995 5 996 6 997 6 998 6 999 6 1000 6 1001 6 1002 6 1003 6 1004 6 1005 6 1006 6 1007 6 1008 6 1009 6 1010 6 1011 6 1012 6 1013 6 1014 6 1015 6 1016 6 1017 6 1018 6 1019 6 1020 7 1021 7 1022 7 1023 7 1024 7 1025 7 1026 7 1027 7 1028 7 1029 7 1030 7 1031 7 1032 7 1033 7 1034 7 1035 7 1036 7 1037 7 1038 7 1039 7 1040 7 1041 7 1042 8 1043 8 1044 8 1045 8 1046 8 1047 8 1048 8 1049 8 1050 8 1051 8 1052 8 1053 8 1054 8 1055 8 1056 8 1057 8 1058 8 1059 8 1060 8 1061 8 1062 9 1063 9 1064 9 1065 9 1066 9 1067 9 1068 9 1069 9 1070 9 1071 9 1072 9 1073 9 1074 9 1075 9 1076 9 1077 9 1078 9 1079 9 1080 9 1081 9 1082 9 1083 9 1084 9 1085 9 1086 10 1087 10 1088 10 1089 10 1090 10 1091 10 1092 10 1093 10 1094 10 1095 10 1096 10 1097 10 1098 10 1099 10 1100 10 1101 10 1102 10 1103 10 1104 10 1105 10 1106 10 1107 10 1108 11 1109 11 1110 11 1111 11 1112 11 1113 11 1114 11 1115 11 1116 11 1117 11 1118 11 1119 11 1120 11 1121 11 1122 11 1123 11 1124 11 1125 11 1126 11 1127 11 1128 12 1129 12 1130 12 1131 12 1132 12 1133 12 1134 12 1135 12 1136 12 1137 12 1138 12 1139 12 1140 12 1141 12 1142 12 1143 12 1144 13 1145 13 1146 13 1147 13 1148 13 1149 13 1150 13 1151 13 1152 4 1153 4 1154 4 1155 4 1156 4 1157 4 1158 4 1159 4 1160 4 1161 4 1162 4 1163 4 1164 4 1165 4 1166 4 1167 4 1168 4 1169 4 1170 5 1171 5 1172 5 1173 5 1174 5 1175 5 1176 5 1177 5 1178 5 1179 5 1180 5 1181 5 1182 5 1183 5 1184 5 1185 5 1186 5 1187 5 1188 5 1189 5 1190 5 1191 5 1192 5 1193 5 1194 6 1195 6 1196 6 1197 6 1198 6 1199 6 1200 6 1201 6 1202 6 1203 6 1204 6 1205 6 1206 6 1207 6 1208 6 1209 6 1210 6 1211 6 1212 6 1213 6 1214 6 1215 6 1216 6 1217 6 1218 7 1219 7 1220 7 1221 7 1222 7 1223 7 1224 7 1225 7 1226 7 1227 7 1228 7 1229 7 1230 7 1231 7 1232 7 1233 7 1234 7 1235 7 1236 7 1237 7 1238 7 1239 7 1240 8 1241 8 1242 8 1243 8 1244 8 1245 8 1246 8 1247 8 1248 8 1249 8 1250 8 1251 8 1252 8 1253 8 1254 8 1255 8 1256 8 1257 8 1258 8 1259 8 1260 9 1261 9 1262 9 1263 9 1264 9 1265 9 1266 9 1267 9 1268 9 1269 9 1270 9 1271 9 1272 9 1273 9 1274 9 1275 9 1276 9 1277 9 1278 9 1279 9 1280 9 1281 9 1282 9 1283 9 1284 10 1285 10 1286 10 1287 10 1288 10 1289 10 1290 10 1291 10 1292 10 1293 10 1294 10 1295 10 1296 10 1297 10 1298 10 1299 10 1300 10 1301 10 1302 10 1303 10 1304 10 1305 10 1306 11 1307 11 1308 11 1309 11 1310 11 1311 11 1312 11 1313 11 1314 11 1315 11 1316 11 1317 11 1318 11 1319 11 1320 11 1321 11 1322 11 1323 11 1324 11 1325 11 1326 12 1327 12 1328 12 1329 12 1330 12 1331 12 1332 12 1333 12 1334 12 1335 12 1336 12 1337 12 1338 12 1339 12 1340 12 1341 12 1342 13 1343 13 1344 13 1345 13 1346 13 1347 13 1348 13 1349 13 1350 4 1351 4 1352 4 1353 4 1354 4 1355 4 1356 4 1357 4 1358 4 1359 4 1360 4 1361 5 1362 5 1363 5 1364 5 1365 5 1366 5 1367 5 1368 5 1369 5 1370 5 1371 5 1372 5 1373 6 1374 6 1375 6 1376 6 1377 6 1378 6 1379 6 1380 6 1381 6 1382 6 1383 6 1384 6 1385 7 1386 7 1387 7 1388 7 1389 7 1390 7 1391 7 1392 7 1393 7 1394 7 1395 7 1396 8 1397 8 1398 8 1399 8 1400 8 1401 8 1402 8 1403 8 1404 8 1405 8 1406 9 1407 9 1408 9 1409 9 1410 9 1411 9 1412 9 1413 9 1414 9 1415 9 1416 9 1417 9 1418 10 1419 10 1420 10 1421 10 1422 10 1423 10 1424 10 1425 10 1426 10 1427 10 1428 10 1429 11 1430 11 1431 11 1432 11 1433 11 1434 11 1435 11 1436 11 1437 11 1438 11 1439 12 1440 12 1441 12 1442 12 1443 12 1444 12 1445 12 1446 12 1447 13 1448 13 1449 13 1450 13 1451 4 1452 4 1453 4 1454 4 1455 4 1456 4 1457 4 1458 4 1459 4 1460 4 1461 4 1462 5 1463 5 1464 5 1465 5 1466 5 1467 5 1468 5 1469 5 1470 5 1471 5 1472 5 1473 5 1474 6 1475 6 1476 6 1477 6 1478 6 1479 6 1480 6 1481 6 1482 6 1483 6 1484 6 1485 6 1486 7 1487 7 1488 7 1489 7 1490 7 1491 7 1492 7 1493 7 1494 7 1495 7 1496 7 1497 8 1498 8 1499 8 1500 8 1501 8 1502 8 1503 8 1504 8 1505 8 1506 8 1507 9 1508 9 1509 9 1510 9 1511 9 1512 9 1513 9 1514 9 1515 9 1516 9 1517 9 1518 9 1519 10 1520 10 1521 10 1522 10 1523 10 1524 10 1525 10 1526 10 1527 10 1528 10 1529 10 1530 11 1531 11 1532 11 1533 11 1534 11 1535 11 1536 11 1537 11 1538 11 1539 11 1540 12 1541 12 1542 12 1543 12 1544 12 1545 12 1546 12 1547 12 1548 13 1549 13 1550 13 1551 13 1552 4 1553 4 1554 4 1555 4 1556 4 1557 4 1558 4 1559 4 1560 4 1561 5 1562 5 1563 5 1564 5 1565 5 1566 5 1567 5 1568 5 1569 5 1570 5 1571 5 1572 5 1573 6 1574 6 1575 6 1576 6 1577 6 1578 6 1579 6 1580 6 1581 6 1582 6 1583 6 1584 6 1585 7 1586 7 1587 7 1588 7 1589 7 1590 7 1591 7 1592 7 1593 7 1594 7 1595 8 1596 8 1597 8 1598 8 1599 8 1600 8 1601 8 1602 8 1603 8 1604 8 1605 8 1606 9 1607 9 1608 9 1609 9 1610 9 1611 9 1612 9 1613 9 1614 9 1615 9 1616 9 1617 9 1618 10 1619 10 1620 10 1621 10 1622 10 1623 10 1624 10 1625 10 1626 10 1627 10 1628 10 1629 11 1630 11 1631 11 1632 11 1633 11 1634 11 1635 11 1636 11 1637 11 1638 11 1639 12 1640 12 1641 12 1642 12 1643 12 1644 12 1645 12 1646 13 1647 13 1648 13 1649 13 1650 13 1651 4 1652 4 1653 4 1654 4 1655 4 1656 4 1657 4 1658 4 1659 4 1660 5 1661 5 1662 5 1663 5 1664 5 1665 5 1666 5 1667 5 1668 5 1669 5 1670 5 1671 6 1672 6 1673 6 1674 6 1675 6 1676 6 1677 6 1678 6 1679 6 1680 6 1681 6 1682 6 1683 6 1684 7 1685 7 1686 7 1687 7 1688 7 1689 7 1690 7 1691 7 1692 7 1693 7 1694 7 1695 8 1696 8 1697 8 1698 8 1699 8 1700 8 1701 8 1702 8 1703 8 1704 8 1705 9 1706 9 1707 9 1708 9 1709 9 1710 9 1711 9 1712 9 1713 9 1714 9 1715 9 1716 9 1717 10 1718 10 1719 10 1720 10 1721 10 1722 10 1723 10 1724 10 1725 10 1726 10 1727 10 1728 11 1729 11 1730 11 1731 11 1732 11 1733 11 1734 11 1735 11 1736 11 1737 11 1738 12 1739 12 1740 12 1741 12 1742 12 1743 12 1744 12 1745 12 1746 13 1747 13 1748 13 1749 13 1750 4 1751 4 1752 4 1753 4 1754 4 1755 4 1756 4 1757 4 1758 4 1759 5 1760 5 1761 5 1762 5 1763 5 1764 5 1765 5 1766 5 1767 5 1768 5 1769 5 1770 6 1771 6 1772 6 1773 6 1774 6 1775 6 1776 6 1777 6 1778 6 1779 6 1780 6 1781 6 1782 6 1783 7 1784 7 1785 7 1786 7 1787 7 1788 7 1789 7 1790 7 1791 7 1792 7 1793 7 1794 8 1795 8 1796 8 1797 8 1798 8 1799 8 1800 8 1801 8 1802 8 1803 8 1804 9 1805 9 1806 9 1807 9 1808 9 1809 9 1810 9 1811 9 1812 9 1813 9 1814 9 1815 9 1816 10 1817 10 1818 10 1819 10 1820 10 1821 10 1822 10 1823 10 1824 10 1825 10 1826 10 1827 11 1828 11 1829 11 1830 11 1831 11 1832 11 1833 11 1834 11 1835 11 1836 11 1837 12 1838 12 1839 12 1840 12 1841 12 1842 12 1843 12 1844 12 1845 13 1846 13 1847 13 1848 13 1849 4 1850 4 1851 4 1852 4 1853 4 1854 4 1855 4 1856 4 1857 4 1858 5 1859 5 1860 5 1861 5 1862 5 1863 5 1864 5 1865 5 1866 5 1867 5 1868 5 1869 6 1870 6 1871 6 1872 6 1873 6 1874 6 1875 6 1876 6 1877 6 1878 6 1879 6 1880 6 1881 6 1882 7 1883 7 1884 7 1885 7 1886 7 1887 7 1888 7 1889 7 1890 7 1891 7 1892 7 1893 8 1894 8 1895 8 1896 8 1897 8 1898 8 1899 8 1900 8 1901 8 1902 8 1903 9 1904 9 1905 9 1906 9 1907 9 1908 9 1909 9 1910 9 1911 9 1912 9 1913 9 1914 9 1915 10 1916 10 1917 10 1918 10 1919 10 1920 10 1921 10 1922 10 1923 10 1924 10 1925 10 1926 11 1927 11 1928 11 1929 11 1930 11 1931 11 1932 11 1933 11 1934 11 1935 11 1936 12 1937 12 1938 12 1939 12 1940 12 1941 12 1942 12 1943 12 1944 13 1945 13 1946 13 1947 13 1948 4 1949 4 1950 4 1951 4 1952 4 1953 4 1954 4 1955 4 1956 4 1957 5 1958 5 1959 5 1960 5 1961 5 1962 5 1963 5 1964 5 1965 5 1966 5 1967 5 1968 6 1969 6 1970 6 1971 6 1972 6 1973 6 1974 6 1975 6 1976 6 1977 6 1978 6 1979 6 1980 6 1981 7 1982 7 1983 7 1984 7 1985 7 1986 7 1987 7 1988 7 1989 7 1990 7 1991 7 1992 8 1993 8 1994 8 1995 8 1996 8 1997 8 1998 8 1999 8 2000 8 2001 8 2002 9 2003 9 2004 9 2005 9 2006 9 2007 9 2008 9 2009 9 2010 9 2011 9 2012 9 2013 9 2014 10 2015 10 2016 10 2017 10 2018 10 2019 10 2020 10 2021 10 2022 10 2023 10 2024 10 2025 11 2026 11 2027 11 2028 11 2029 11 2030 11 2031 11 2032 11 2033 11 2034 11 2035 12 2036 12 2037 12 2038 12 2039 12 2040 12 2041 12 2042 12 2043 13 2044 13 2045 13 2046 13 2047 4 2048 4 2049 4 2050 4 2051 4 2052 4 2053 4 2054 4 2055 4 2056 4 2057 5 2058 5 2059 5 2060 5 2061 5 2062 5 2063 5 2064 5 2065 5 2066 5 2067 5 2068 5 2069 6 2070 6 2071 6 2072 6 2073 6 2074 6 2075 6 2076 6 2077 6 2078 6 2079 6 2080 6 2081 7 2082 7 2083 7 2084 7 2085 7 2086 7 2087 7 2088 7 2089 7 2090 7 2091 7 2092 8 2093 8 2094 8 2095 8 2096 8 2097 8 2098 8 2099 8 2100 8 2101 8 2102 9 2103 9 2104 9 2105 9 2106 9 2107 9 2108 9 2109 9 2110 9 2111 9 2112 9 2113 9 2114 10 2115 10 2116 10 2117 10 2118 10 2119 10 2120 10 2121 10 2122 10 2123 10 2124 10 2125 11 2126 11 2127 11 2128 11 2129 11 2130 11 2131 11 2132 11 2133 11 2134 11 2135 12 2136 12 2137 12 2138 12 2139 12 2140 12 2141 12 2142 12 2143 13 2144 13 2145 13 2146 13 2147 4 2148 4 2149 4 2150 4 2151 4 2152 4 2153 4 2154 4 2155 4 2156 5 2157 5 2158 5 2159 5 2160 5 2161 5 2162 5 2163 5 2164 5 2165 5 2166 5 2167 5 2168 6 2169 6 2170 6 2171 6 2172 6 2173 6 2174 6 2175 6 2176 6 2177 6 2178 6 2179 6 2180 7 2181 7 2182 7 2183 7 2184 7 2185 7 2186 7 2187 7 2188 7 2189 7 2190 8 2191 8 2192 8 2193 8 2194 8 2195 8 2196 8 2197 8 2198 8 2199 8 2200 8 2201 9 2202 9 2203 9 2204 9 2205 9 2206 9 2207 9 2208 9 2209 9 2210 9 2211 9 2212 9 2213 10 2214 10 2215 10 2216 10 2217 10 2218 10 2219 10 2220 10 2221 10 2222 10 2223 10 2224 11 2225 11 2226 11 2227 11 2228 11 2229 11 2230 11 2231 11 2232 11 2233 11 2234 12 2235 12 2236 12 2237 12 2238 12 2239 12 2240 12 2241 12 2242 13 2243 13 2244 13 2245 13 2246 4 2247 4 2248 4 2249 4 2250 4 2251 4 2252 4 2253 4 2254 4 2255 5 2256 5 2257 5 2258 5 2259 5 2260 5 2261 5 2262 5 2263 5 2264 5 2265 5 2266 6 2267 6 2268 6 2269 6 2270 6 2271 6 2272 6 2273 6 2274 6 2275 6 2276 6 2277 6 2278 6 2279 7 2280 7 2281 7 2282 7 2283 7 2284 7 2285 7 2286 7 2287 7 2288 7 2289 7 2290 8 2291 8 2292 8 2293 8 2294 8 2295 8 2296 8 2297 8 2298 8 2299 8 2300 9 2301 9 2302 9 2303 9 2304 9 2305 9 2306 9 2307 9 2308 9 2309 9 2310 9 2311 9 2312 10 2313 10 2314 10 2315 10 2316 10 2317 10 2318 10 2319 10 2320 10 2321 10 2322 10 2323 11 2324 11 2325 11 2326 11 2327 11 2328 11 2329 11 2330 11 2331 11 2332 11 2333 12 2334 12 2335 12 2336 12 2337 12 2338 12 2339 12 2340 12 2341 13 2342 13 2343 13 2344 13 2345 4 2346 4 2347 4 2348 4 2349 4 2350 4 2351 4 2352 4 2353 4 2354 5 2355 5 2356 5 2357 5 2358 5 2359 5 2360 5 2361 5 2362 5 2363 5 2364 5 2365 5 2366 6 2367 6 2368 6 2369 6 2370 6 2371 6 2372 6 2373 6 2374 6 2375 6 2376 6 2377 6 2378 7 2379 7 2380 7 2381 7 2382 7 2383 7 2384 7 2385 7 2386 7 2387 7 2388 7 2389 8 2390 8 2391 8 2392 8 2393 8 2394 8 2395 8 2396 8 2397 8 2398 8 2399 9 2400 9 2401 9 2402 9 2403 9 2404 9 2405 9 2406 9 2407 9 2408 9 2409 9 2410 9 2411 10 2412 10 2413 10 2414 10 2415 10 2416 10 2417 10 2418 10 2419 10 2420 10 2421 10 2422 11 2423 11 2424 11 2425 11 2426 11 2427 11 2428 11 2429 11 2430 11 2431 11 2432 12 2433 12 2434 12 2435 12 2436 12 2437 12 2438 12 2439 12 2440 13 2441 13 2442 13 2443 13 2444 4 2445 4 2446 4 2447 4 2448 4 2449 4 2450 4 2451 4 2452 4 2453 5 2454 5 2455 5 2456 5 2457 5 2458 5 2459 5 2460 5 2461 5 2462 5 2463 5 2464 6 2465 6 2466 6 2467 6 2468 6 2469 6 2470 6 2471 6 2472 6 2473 6 2474 6 2475 6 2476 6 2477 7 2478 7 2479 7 2480 7 2481 7 2482 7 2483 7 2484 7 2485 7 2486 7 2487 7 2488 8 2489 8 2490 8 2491 8 2492 8 2493 8 2494 8 2495 8 2496 8 2497 8 2498 9 2499 9 2500 9 2501 9 2502 9 2503 9 2504 9 2505 9 2506 9 2507 9 2508 9 2509 9 2510 10 2511 10 2512 10 2513 10 2514 10 2515 10 2516 10 2517 10 2518 10 2519 10 2520 10 2521 11 2522 11 2523 11 2524 11 2525 11 2526 11 2527 11 2528 11 2529 11 2530 11 2531 12 2532 12 2533 12 2534 12 2535 12 2536 12 2537 12 2538 12 2539 13 2540 13 2541 13 2542 13 2543 4 2544 4 2545 4 2546 4 2547 4 2548 4 2549 4 2550 4 2551 4 2552 5 2553 5 2554 5 2555 5 2556 5 2557 5 2558 5 2559 5 2560 5 2561 5 2562 5 2563 6 2564 6 2565 6 2566 6 2567 6 2568 6 2569 6 2570 6 2571 6 2572 6 2573 6 2574 6 2575 6 2576 7 2577 7 2578 7 2579 7 2580 7 2581 7 2582 7 2583 7 2584 7 2585 7 2586 7 2587 8 2588 8 2589 8 2590 8 2591 8 2592 8 2593 8 2594 8 2595 8 2596 8 2597 9 2598 9 2599 9 2600 9 2601 9 2602 9 2603 9 2604 9 2605 9 2606 9 2607 9 2608 9 2609 10 2610 10 2611 10 2612 10 2613 10 2614 10 2615 10 2616 10 2617 10 2618 10 2619 10 2620 11 2621 11 2622 11 2623 11 2624 11 2625 11 2626 11 2627 11 2628 11 2629 11 2630 12 2631 12 2632 12 2633 12 2634 12 2635 12 2636 12 2637 12 2638 13 2639 13 2640 13 2641 13 2642 4 2643 4 2644 4 2645 4 2646 4 2647 4 2648 4 2649 4 2650 4 2651 5 2652 5 2653 5 2654 5 2655 5 2656 5 2657 5 2658 5 2659 5 2660 5 2661 5 2662 6 2663 6 2664 6 2665 6 2666 6 2667 6 2668 6 2669 6 2670 6 2671 6 2672 6 2673 6 2674 6 2675 7 2676 7 2677 7 2678 7 2679 7 2680 7 2681 7 2682 7 2683 7 2684 7 2685 7 2686 8 2687 8 2688 8 2689 8 2690 8 2691 8 2692 8 2693 8 2694 8 2695 8 2696 9 2697 9 2698 9 2699 9 2700 9 2701 9 2702 9 2703 9 2704 9 2705 9 2706 9 2707 9 2708 10 2709 10 2710 10 2711 10 2712 10 2713 10 2714 10 2715 10 2716 10 2717 10 2718 10 2719 11 2720 11 2721 11 2722 11 2723 11 2724 11 2725 11 2726 11 2727 11 2728 11 2729 12 2730 12 2731 12 2732 12 2733 12 2734 12 2735 12 2736 13 2737 13 2738 13 2739 13 2740 13 2741 4 2742 4 2743 4 2744 4 2745 4 2746 4 2747 4 2748 4 2749 4 2750 5 2751 5 2752 5 2753 5 2754 5 2755 5 2756 5 2757 5 2758 5 2759 5 2760 5 2761 6 2762 6 2763 6 2764 6 2765 6 2766 6 2767 6 2768 6 2769 6 2770 6 2771 6 2772 6 2773 6 2774 7 2775 7 2776 7 2777 7 2778 7 2779 7 2780 7 2781 7 2782 7 2783 7 2784 8 2785 8 2786 8 2787 8 2788 8 2789 8 2790 8 2791 8 2792 8 2793 8 2794 8 2795 9 2796 9 2797 9 2798 9 2799 9 2800 9 2801 9 2802 9 2803 9 2804 9 2805 9 2806 9 2807 10 2808 10 2809 10 2810 10 2811 10 2812 10 2813 10 2814 10 2815 10 2816 10 2817 10 2818 11 2819 11 2820 11 2821 11 2822 11 2823 11 2824 11 2825 11 2826 11 2827 11 2828 12 2829 12 2830 12 2831 12 2832 12 2833 12 2834 12 2835 12 2836 13 2837 13 2838 13 2839 13 2840 4 2841 4 2842 4 2843 4 2844 4 2845 4 2846 4 2847 4 2848 4 2849 5 2850 5 2851 5 2852 5 2853 5 2854 5 2855 5 2856 5 2857 5 2858 5 2859 5 2860 6 2861 6 2862 6 2863 6 2864 6 2865 6 2866 6 2867 6 2868 6 2869 6 2870 6 2871 6 2872 6 2873 7 2874 7 2875 7 2876 7 2877 7 2878 7 2879 7 2880 7 2881 7 2882 7 2883 7 2884 8 2885 8 2886 8 2887 8 2888 8 2889 8 2890 8 2891 8 2892 8 2893 8 2894 9 2895 9 2896 9 2897 9 2898 9 2899 9 2900 9 2901 9 2902 9 2903 9 2904 9 2905 9 2906 10 2907 10 2908 10 2909 10 2910 10 2911 10 2912 10 2913 10 2914 10 2915 10 2916 10 2917 11 2918 11 2919 11 2920 11 2921 11 2922 11 2923 11 2924 11 2925 11 2926 11 2927 12 2928 12 2929 12 2930 12 2931 12 2932 12 2933 12 2934 12 2935 13 2936 13 2937 13 2938 13 2939 4 2940 4 2941 4 2942 4 2943 4 2944 4 2945 4 2946 4 2947 4 2948 5 2949 5 2950 5 2951 5 2952 5 2953 5 2954 5 2955 5 2956 5 2957 5 2958 5 2959 6 2960 6 2961 6 2962 6 2963 6 2964 6 2965 6 2966 6 2967 6 2968 6 2969 6 2970 6 2971 6 2972 7 2973 7 2974 7 2975 7 2976 7 2977 7 2978 7 2979 7 2980 7 2981 7 2982 7 2983 8 2984 8 2985 8 2986 8 2987 8 2988 8 2989 8 2990 8 2991 8 2992 8 2993 9 2994 9 2995 9 2996 9 2997 9 2998 9 2999 9 3000 9 3001 9 3002 9 3003 9 3004 9 3005 10 3006 10 3007 10 3008 10 3009 10 3010 10 3011 10 3012 10 3013 10 3014 10 3015 10 3016 11 3017 11 3018 11 3019 11 3020 11 3021 11 3022 11 3023 11 3024 11 3025 11 3026 12 3027 12 3028 12 3029 12 3030 12 3031 12 3032 12 3033 12 3034 13 3035 13 3036 13 3037 13 3038 4 3039 4 3040 4 3041 4 3042 4 3043 4 3044 4 3045 4 3046 4 3047 5 3048 5 3049 5 3050 5 3051 5 3052 5 3053 5 3054 5 3055 5 3056 5 3057 5 3058 5 3059 6 3060 6 3061 6 3062 6 3063 6 3064 6 3065 6 3066 6 3067 6 3068 6 3069 6 3070 6 3071 7 3072 7 3073 7 3074 7 3075 7 3076 7 3077 7 3078 7 3079 7 3080 7 3081 7 3082 8 3083 8 3084 8 3085 8 3086 8 3087 8 3088 8 3089 8 3090 8 3091 8 3092 9 3093 9 3094 9 3095 9 3096 9 3097 9 3098 9 3099 9 3100 9 3101 9 3102 9 3103 9 3104 10 3105 10 3106 10 3107 10 3108 10 3109 10 3110 10 3111 10 3112 10 3113 10 3114 10 3115 11 3116 11 3117 11 3118 11 3119 11 3120 11 3121 11 3122 11 3123 11 3124 11 3125 12 3126 12 3127 12 3128 12 3129 12 3130 12 3131 12 3132 12 3133 13 3134 13 3135 13 3136 13 3137 4 3138 4 3139 4 3140 4 3141 4 3142 4 3143 4 3144 4 3145 4 3146 4 3147 4 3148 5 3149 5 3150 5 3151 5 3152 5 3153 5 3154 5 3155 5 3156 5 3157 5 3158 5 3159 6 3160 6 3161 6 3162 6 3163 6 3164 6 3165 6 3166 6 3167 6 3168 6 3169 6 3170 6 3171 6 3172 7 3173 7 3174 7 3175 7 3176 7 3177 7 3178 7 3179 7 3180 7 3181 7 3182 7 3183 8 3184 8 3185 8 3186 8 3187 8 3188 8 3189 8 3190 8 3191 8 3192 8 3193 9 3194 9 3195 9 3196 9 3197 9 3198 9 3199 9 3200 9 3201 9 3202 9 3203 9 3204 9 3205 10 3206 10 3207 10 3208 10 3209 10 3210 10 3211 10 3212 10 3213 10 3214 10 3215 10 3216 11 3217 11 3218 11 3219 11 3220 11 3221 11 3222 11 3223 11 3224 11 3225 11 3226 12 3227 12 3228 12 3229 12 3230 12 3231 12 3232 12 3233 12 3234 13 3235 13 3236 13 3237 13 3238 4 3239 13 3240 13 3241 13 3242 13 3243 13 3244 13 3245 13 3246 13 3247 13 3248 13 3249 13 3250 13 3251 13 3252 13 3253 13 3254 13 3255 13 3256 13 3257 13 3258 13 3259 13 3260 13 3261 13 3262 13 3263 13 3264 13 3265 13 3266 13 3267 13 3268 13 3269 13 3270 13 3271 13 3272 13 3273 13 3274 13 3275 13 3276 13 3277 13 3278 13 3279 13 3280 13 3281 13 3282 13 3283 13 3284 13 3285 13 3286 13 3287 13 3288 13 3289 13 3290 13 3291 13 3292 13 3293 13 3294 13 3295 13 3296 13 3297 13 3298 13 3299 13 3300 13 3301 13 3302 13 3303 13 3304 13 3305 13 3306 13 3307 13 3308 13 3309 13 3310 13 3311 13 3312 13 3313 13 3314 13 3315 13 3316 13 3317 13 3318 13 3319 13 3320 13 3321 13 3322 13 3323 13 3324 13 3325 13 3326 13 3327 13 3328 13 3329 13 3330 13 3331 13 3332 13 3333 13 3334 13 3335 4 3336 4 3337 4 3338 4 3339 4 3340 4 3341 4 3342 4 3343 4 3344 4 3345 4 3346 4 3347 4 3348 4 3349 4 3350 4 3351 4 3352 4 3353 4 3354 4 3355 4 3356 4 3357 4 3358 4 3359 4 3360 4 3361 4 3362 4 3363 4 3364 4 3365 4 3366 4 3367 4 3368 4 3369 4 3370 4 3371 4 3372 4 3373 4 3374 4 3375 4 3376 4 3377 4 3378 4 3379 4 3380 4 3381 4 3382 4 3383 4 3384 4 3385 4 3386 4 3387 4 3388 4 3389 4 3390 4 3391 4 3392 4 3393 4 3394 4 3395 4 3396 4 3397 4 3398 4 3399 4 3400 4 3401 4 3402 4 3403 4 3404 4 3405 4 3406 4 3407 4 3408 4 3409 4 3410 4 3411 4 3412 4 3413 4 3414 4 3415 4 3416 4 3417 4 3418 4 3419 4 3420 4 3421 4 3422 4 3423 4 3424 4 3425 4 3426 4 3427 4 3428 4 3429 4 3430 4 3431 4 3432 4 3433 4 3434 4 3435 4 3436 4 3437 4 3438 4 3439 4 3440 4 3441 4 3442 4 3443 4 3444 4 3445 4 3446 4 3447 4 3448 4 3449 4 3450 4 3451 4 3452 4 3453 4 3454 4 3455 4 3456 4 3457 4 3458 4 3459 4 3460 4 3461 4 3462 4 3463 4 3464 4 3465 4 3466 4 3467 4 3468 4 3469 4 3470 4 3471 4 3472 4 3473 4 3474 4 3475 4 3476 4 3477 4 3478 4 3479 4 3480 4 3481 4 3482 4 3483 4 3484 4 3485 4 3486 4 3487 4 3488</v>
        </vertex_weights>
      </skin>
    </controller>
  </library_controllers>
  <library_visual_scenes>
    <visual_scene id="_35tentacle" name="035tentacle">
      <node id="_35tentacle_skeleton" name="035tentacle_skeleton" type="NODE">
        <matrix sid="transform">1 0 0 0 0 1 0 0 0 0 1 0 0 0 0 1</matrix>
        <node id="_35tentacle_skeleton_Scene_Root" name="Scene_Root" sid="Scene_Root" type="JOINT">
          <matrix sid="transform">1 0 0 0 0 3.71403e-7 -0.9999999 0 0 0.9999999 4.76837e-7 0 0 0 0 1</matrix>
          <node id="_35tentacle_skeleton_hairplanes" name="hairplanes" sid="hairplanes" type="JOINT">
            <matrix sid="transform">1 0 0 0 0 0.9999999 -5.68434e-14 0 0 8.52651e-14 0.9999999 -3.55271e-15 0 0 0 1</matrix>
            <extra>
              <technique profile="blender">
                <layer sid="layer" type="string">0</layer>
                <tip_x sid="tip_x" type="float">0</tip_x>
                <tip_y sid="tip_y" type="float">0</tip_y>
                <tip_z sid="tip_z" type="float">0.05222094</tip_z>
              </technique>
            </extra>
          </node>
          <node id="_35tentacle_skeleton_tentacle_LP" name="tentacle_LP" sid="tentacle_LP" type="JOINT">
            <matrix sid="transform">1 0 0 0 0 0.9999999 -5.68434e-14 0 0 8.52651e-14 0.9999999 -3.55271e-15 0 0 0 1</matrix>
            <extra>
              <technique profile="blender">
                <layer sid="layer" type="string">0</layer>
                <tip_x sid="tip_x" type="float">0</tip_x>
                <tip_y sid="tip_y" type="float">0</tip_y>
                <tip_z sid="tip_z" type="float">0.05222094</tip_z>
              </technique>
            </extra>
          </node>
          <node id="_35tentacle_skeleton_Armature" name="Armature" sid="Armature" type="JOINT">
            <matrix sid="transform">-1 0 -6.35727e-8 0 0 -0.9999999 0 0 -6.35727e-8 0 0.9999999 -3.55271e-15 0 0 0 1</matrix>
            <node id="_35tentacle_skeleton_Bone" name="Bone" sid="Bone" type="JOINT">
              <matrix sid="transform">4.88148e-8 -0.9999999 -4.28022e-7 1.36864e-8 -4.37114e-8 4.28022e-7 -0.9999999 -5.21541e-8 0.9999999 -2.64952e-15 -4.37114e-8 -0.4829459 0 0 0 1</matrix>
              <node id="_35tentacle_skeleton_Bone_001" name="Bone_001" sid="Bone_001" type="JOINT">
                <matrix sid="transform">1 7.09929e-15 -1.35103e-7 3.726271 -3.5219e-15 1 1.70288e-8 -2.98023e-8 1.35103e-7 -1.70288e-8 1 -1.1066e-7 0 0 0 1</matrix>
                <node id="_35tentacle_skeleton_Bone_002" name="Bone_002" sid="Bone_002" type="JOINT">
                  <matrix sid="transform">1 3.81496e-15 -1.13687e-13 3.65032 -4.76019e-16 1 0 -2.6077e-8 5.68434e-14 0 1 -6.02445e-7 0 0 0 1</matrix>
                  <node id="_35tentacle_skeleton_Bone_003" name="Bone_003" sid="Bone_003" type="JOINT">
                    <matrix sid="transform">1 3.81734e-15 4.3201e-12 3.902067 -4.74067e-16 1 -4.34852e-12 -2.60769e-8 -4.37694e-12 4.34852e-12 1 -6.43994e-7 0 0 0 1</matrix>
                    <node id="_35tentacle_skeleton_Bone_004" name="Bone_004" sid="Bone_004" type="JOINT">
                      <matrix sid="transform">1 3.81926e-15 -5.68434e-14 3.524447 -4.71194e-16 1 0 -2.60771e-8 0 0 1 -5.81656e-7 0 0 0 1</matrix>
                      <node id="_35tentacle_skeleton_Bone_005" name="Bone_005" sid="Bone_005" type="JOINT">
                        <matrix sid="transform">1 3.81449e-15 -8.75389e-12 3.461497 -4.7507e-16 1 8.69704e-12 -2.23517e-8 8.69704e-12 -8.69704e-12 1 -5.71268e-7 0 0 0 1</matrix>
                        <node id="_35tentacle_skeleton_Bone_006" name="Bone_006" sid="Bone_006" type="JOINT">
                          <matrix sid="transform">1 3.81062e-15 -5.68434e-14 3.84609 -4.80789e-16 1 0 -2.98024e-8 0 0 1 -6.34772e-7 0 0 0 1</matrix>
                          <node id="_35tentacle_skeleton_Bone_007" name="Bone_007" sid="Bone_007" type="JOINT">
                            <matrix sid="transform">1 3.81062e-15 -5.68434e-14 3.496449 -4.80789e-16 1 0 -2.23519e-8 0 0 1 -5.77065e-7 0 0 0 1</matrix>
                            <node id="_35tentacle_skeleton_Bone_008" name="Bone_008" sid="Bone_008" type="JOINT">
                              <matrix sid="transform">1 3.81062e-15 -5.68434e-14 3.321629 -4.80789e-16 1 0 -2.60771e-8 0 0 1 -5.48212e-7 0 0 0 1</matrix>
                              <node id="_35tentacle_skeleton_Bone_009" name="Bone_009" sid="Bone_009" type="JOINT">
                                <matrix sid="transform">1 3.81062e-15 -5.68434e-14 2.403805 -4.80789e-16 1 0 -1.49014e-8 0 0 1 -3.96733e-7 0 0 0 1</matrix>
                                <extra>
                                  <technique profile="blender">
                                    <layer sid="layer" type="string">0</layer>
                                    <roll sid="roll" type="float">0</roll>
                                    <tip_x sid="tip_x" type="float">0.05222094</tip_x>
                                    <tip_y sid="tip_y" type="float">0</tip_y>
                                    <tip_z sid="tip_z" type="float">0</tip_z>
                                  </technique>
                                </extra>
                              </node>
                              <extra>
                                <technique profile="blender">
                                  <layer sid="layer" type="string">0</layer>
                                  <roll sid="roll" type="float">0</roll>
                                  <tip_x sid="tip_x" type="float">0.05222094</tip_x>
                                  <tip_y sid="tip_y" type="float">0</tip_y>
                                  <tip_z sid="tip_z" type="float">0</tip_z>
                                </technique>
                              </extra>
                            </node>
                            <extra>
                              <technique profile="blender">
                                <layer sid="layer" type="string">0</layer>
                                <roll sid="roll" type="float">0</roll>
                                <tip_x sid="tip_x" type="float">0.05222094</tip_x>
                                <tip_y sid="tip_y" type="float">0</tip_y>
                                <tip_z sid="tip_z" type="float">0</tip_z>
                              </technique>
                            </extra>
                          </node>
                          <extra>
                            <technique profile="blender">
                              <layer sid="layer" type="string">0</layer>
                              <roll sid="roll" type="float">0</roll>
                              <tip_x sid="tip_x" type="float">0.05222094</tip_x>
                              <tip_y sid="tip_y" type="float">0</tip_y>
                              <tip_z sid="tip_z" type="float">0</tip_z>
                            </technique>
                          </extra>
                        </node>
                        <extra>
                          <technique profile="blender">
                            <layer sid="layer" type="string">0</layer>
                            <roll sid="roll" type="float">0</roll>
                            <tip_x sid="tip_x" type="float">0.05222094</tip_x>
                            <tip_y sid="tip_y" type="float">0</tip_y>
                            <tip_z sid="tip_z" type="float">0</tip_z>
                          </technique>
                        </extra>
                      </node>
                      <extra>
                        <technique profile="blender">
                          <layer sid="layer" type="string">0</layer>
                          <roll sid="roll" type="float">0</roll>
                          <tip_x sid="tip_x" type="float">0.05222094</tip_x>
                          <tip_y sid="tip_y" type="float">0</tip_y>
                          <tip_z sid="tip_z" type="float">0</tip_z>
                        </technique>
                      </extra>
                    </node>
                    <extra>
                      <technique profile="blender">
                        <layer sid="layer" type="string">0</layer>
                        <roll sid="roll" type="float">0</roll>
                        <tip_x sid="tip_x" type="float">0.05222094</tip_x>
                        <tip_y sid="tip_y" type="float">0</tip_y>
                        <tip_z sid="tip_z" type="float">0</tip_z>
                      </technique>
                    </extra>
                  </node>
                  <extra>
                    <technique profile="blender">
                      <layer sid="layer" type="string">0</layer>
                      <roll sid="roll" type="float">0</roll>
                      <tip_x sid="tip_x" type="float">0.05222094</tip_x>
                      <tip_y sid="tip_y" type="float">0</tip_y>
                      <tip_z sid="tip_z" type="float">0</tip_z>
                    </technique>
                  </extra>
                </node>
                <extra>
                  <technique profile="blender">
                    <layer sid="layer" type="string">0</layer>
                    <roll sid="roll" type="float">0</roll>
                    <tip_x sid="tip_x" type="float">0.05222094</tip_x>
                    <tip_y sid="tip_y" type="float">0</tip_y>
                    <tip_z sid="tip_z" type="float">0</tip_z>
                  </technique>
                </extra>
              </node>
              <extra>
                <technique profile="blender">
                  <layer sid="layer" type="string">0</layer>
                  <roll sid="roll" type="float">0</roll>
                  <tip_x sid="tip_x" type="float">0.05222094</tip_x>
                  <tip_y sid="tip_y" type="float">0</tip_y>
                  <tip_z sid="tip_z" type="float">0</tip_z>
                </technique>
              </extra>
            </node>
            <extra>
              <technique profile="blender">
                <layer sid="layer" type="string">0</layer>
                <roll sid="roll" type="float">-3.141592</roll>
                <tip_x sid="tip_x" type="float">0</tip_x>
                <tip_y sid="tip_y" type="float">0</tip_y>
                <tip_z sid="tip_z" type="float">-0.05222094</tip_z>
              </technique>
            </extra>
          </node>
          <extra>
            <technique profile="blender">
              <layer sid="layer" type="string">0</layer>
              <tip_x sid="tip_x" type="float">0</tip_x>
              <tip_y sid="tip_y" type="float">0</tip_y>
              <tip_z sid="tip_z" type="float">0.05222094</tip_z>
            </technique>
          </extra>
        </node>
        <node id="_35tentacle2" name="035tentacle" type="NODE">
          <matrix sid="transform">1 0 0 0 0 1 0 0 0 0 1 0 0 0 0 1</matrix>
          <instance_controller url="#_35tentacle_skeleton__35tentacle-skin">
            <skeleton>#_35tentacle_skeleton_Scene_Root</skeleton>
            <bind_material>
              <technique_common>
                <instance_material symbol="null_bmp-material" target="#null_bmp-material">
                  <bind_vertex_input semantic="UVMap" input_semantic="TEXCOORD" input_set="0"/>
                </instance_material>
              </technique_common>
            </bind_material>
          </instance_controller>
        </node>
      </node>
    </visual_scene>
  </library_visual_scenes>
  <scene>
    <instance_visual_scene url="#_35tentacle"/>
  </scene>
</COLLADA>